{
  "dataset_revision": "5d958fb6b31055495347724d46431ba41309b03a",
  "task_name": "ChemNQRetrieval",
  "mteb_version": "2.12.15",
  "scores": {
    "test": [
      {
        "ndcg_at_1": 0.44444,
        "ndcg_at_3": 0.54582,
        "ndcg_at_5": 0.5875,
        "ndcg_at_10": 0.60215,
        "ndcg_at_20": 0.63326,
        "ndcg_at_100": 0.64022,
        "ndcg_at_1000": 0.65386,
        "map_at_1": 0.34568,
        "map_at_3": 0.49691,
        "map_at_5": 0.52469,
        "map_at_10": 0.53148,
        "map_at_20": 0.54278,
        "map_at_100": 0.54373,
        "map_at_1000": 0.54437,
        "recall_at_1": 0.34568,
        "recall_at_3": 0.62346,
        "recall_at_5": 0.71605,
        "recall_at_10": 0.75309,
        "recall_at_20": 0.8642,
        "recall_at_100": 0.90123,
        "recall_at_1000": 1.0,
        "accuracy": 0.34568,
        "precision_at_1": 0.44444,
        "precision_at_3": 0.25926,
        "precision_at_5": 0.17778,
        "precision_at_10": 0.0963,
        "precision_at_20": 0.05556,
        "precision_at_100": 0.01148,
        "precision_at_1000": 0.0013,
        "mrr_at_1": 0.444444,
        "mrr_at_3": 0.567901,
        "mrr_at_5": 0.58642,
        "mrr_at_10": 0.592593,
        "mrr_at_20": 0.597884,
        "mrr_at_100": 0.598833,
        "mrr_at_1000": 0.599187,
        "nauc_ndcg_at_1_max": 0.19932,
        "nauc_ndcg_at_1_std": -0.020009,
        "nauc_ndcg_at_1_diff1": 0.454047,
        "nauc_ndcg_at_3_max": 0.201115,
        "nauc_ndcg_at_3_std": 0.044167,
        "nauc_ndcg_at_3_diff1": 0.118222,
        "nauc_ndcg_at_5_max": 0.188621,
        "nauc_ndcg_at_5_std": -0.038377,
        "nauc_ndcg_at_5_diff1": 0.083699,
        "nauc_ndcg_at_10_max": 0.226272,
        "nauc_ndcg_at_10_std": 0.00331,
        "nauc_ndcg_at_10_diff1": 0.067433,
        "nauc_ndcg_at_20_max": 0.247461,
        "nauc_ndcg_at_20_std": 0.062155,
        "nauc_ndcg_at_20_diff1": 0.181803,
        "nauc_ndcg_at_100_max": 0.233944,
        "nauc_ndcg_at_100_std": 0.048123,
        "nauc_ndcg_at_100_diff1": 0.17117,
        "nauc_ndcg_at_1000_max": 0.225097,
        "nauc_ndcg_at_1000_std": 0.029999,
        "nauc_ndcg_at_1000_diff1": 0.178077,
        "nauc_map_at_1_max": 0.077554,
        "nauc_map_at_1_std": -0.041855,
        "nauc_map_at_1_diff1": 0.252395,
        "nauc_map_at_3_max": 0.126516,
        "nauc_map_at_3_std": -0.015082,
        "nauc_map_at_3_diff1": 0.15291,
        "nauc_map_at_5_max": 0.136919,
        "nauc_map_at_5_std": -0.055052,
        "nauc_map_at_5_diff1": 0.128909,
        "nauc_map_at_10_max": 0.151831,
        "nauc_map_at_10_std": -0.042387,
        "nauc_map_at_10_diff1": 0.122664,
        "nauc_map_at_20_max": 0.167111,
        "nauc_map_at_20_std": -0.013755,
        "nauc_map_at_20_diff1": 0.156506,
        "nauc_map_at_100_max": 0.16531,
        "nauc_map_at_100_std": -0.0156,
        "nauc_map_at_100_diff1": 0.155212,
        "nauc_map_at_1000_max": 0.164279,
        "nauc_map_at_1000_std": -0.016944,
        "nauc_map_at_1000_diff1": 0.155545,
        "nauc_recall_at_1_max": 0.077554,
        "nauc_recall_at_1_std": -0.041855,
        "nauc_recall_at_1_diff1": 0.252395,
        "nauc_recall_at_3_max": 0.221274,
        "nauc_recall_at_3_std": 0.13048,
        "nauc_recall_at_3_diff1": -0.100886,
        "nauc_recall_at_5_max": 0.164904,
        "nauc_recall_at_5_std": -0.081471,
        "nauc_recall_at_5_diff1": -0.230013,
        "nauc_recall_at_10_max": 0.279049,
        "nauc_recall_at_10_std": 0.025886,
        "nauc_recall_at_10_diff1": -0.314966,
        "nauc_recall_at_20_max": 0.388161,
        "nauc_recall_at_20_std": 0.341441,
        "nauc_recall_at_20_diff1": 0.241449,
        "nauc_recall_at_100_max": 0.249654,
        "nauc_recall_at_100_std": 0.249654,
        "nauc_recall_at_100_diff1": 0.115473,
        "nauc_recall_at_1000_max": NaN,
        "nauc_recall_at_1000_std": NaN,
        "nauc_recall_at_1000_diff1": NaN,
        "nauc_precision_at_1_max": 0.19932,
        "nauc_precision_at_1_std": -0.020009,
        "nauc_precision_at_1_diff1": 0.454047,
        "nauc_precision_at_3_max": 0.29,
        "nauc_precision_at_3_std": 0.032422,
        "nauc_precision_at_3_diff1": 0.198189,
        "nauc_precision_at_5_max": 0.299083,
        "nauc_precision_at_5_std": -0.089826,
        "nauc_precision_at_5_diff1": 0.100623,
        "nauc_precision_at_10_max": 0.388753,
        "nauc_precision_at_10_std": 0.037766,
        "nauc_precision_at_10_diff1": 0.032146,
        "nauc_precision_at_20_max": 0.466307,
        "nauc_precision_at_20_std": 0.288083,
        "nauc_precision_at_20_diff1": 0.314176,
        "nauc_precision_at_100_max": 0.441116,
        "nauc_precision_at_100_std": 0.261811,
        "nauc_precision_at_100_diff1": 0.290462,
        "nauc_precision_at_1000_max": 0.319408,
        "nauc_precision_at_1000_std": 0.14539,
        "nauc_precision_at_1000_diff1": 0.405833,
        "nauc_mrr_at_1_max": 0.19932,
        "nauc_mrr_at_1_std": -0.020009,
        "nauc_mrr_at_1_diff1": 0.454047,
        "nauc_mrr_at_3_max": 0.323123,
        "nauc_mrr_at_3_std": 0.082905,
        "nauc_mrr_at_3_diff1": 0.278616,
        "nauc_mrr_at_5_max": 0.289369,
        "nauc_mrr_at_5_std": 0.028716,
        "nauc_mrr_at_5_diff1": 0.277861,
        "nauc_mrr_at_10_max": 0.305776,
        "nauc_mrr_at_10_std": 0.065608,
        "nauc_mrr_at_10_diff1": 0.274575,
        "nauc_mrr_at_20_max": 0.297617,
        "nauc_mrr_at_20_std": 0.060534,
        "nauc_mrr_at_20_diff1": 0.300031,
        "nauc_mrr_at_100_max": 0.296217,
        "nauc_mrr_at_100_std": 0.058903,
        "nauc_mrr_at_100_diff1": 0.299188,
        "nauc_mrr_at_1000_max": 0.295586,
        "nauc_mrr_at_1000_std": 0.057981,
        "nauc_mrr_at_1000_diff1": 0.298459,
        "hit_rate_at_1": 0.44444,
        "hit_rate_at_3": 0.7037,
        "hit_rate_at_5": 0.77778,
        "hit_rate_at_10": 0.81481,
        "hit_rate_at_20": 0.88889,
        "hit_rate_at_100": 0.92593,
        "hit_rate_at_1000": 1.0,
        "main_score": 0.60215,
        "hf_subset": "default",
        "languages": [
          "eng-Latn"
        ]
      }
    ]
  },
  "evaluation_time": 71.5941207408905,
  "kg_co2_emissions": null,
  "date": 1775768482.869476
}