{
  "dataset_revision": "5377aa18f309ec440ff6325a4c2cd3362c2cb8d7",
  "task_name": "ChemRxivRetrieval",
  "mteb_version": "2.12.16",
  "scores": {
    "test": [
      {
        "ndcg_at_1": 0.7658,
        "ndcg_at_3": 0.85106,
        "ndcg_at_5": 0.86315,
        "ndcg_at_10": 0.87037,
        "ndcg_at_20": 0.87459,
        "ndcg_at_100": 0.87785,
        "ndcg_at_1000": 0.87841,
        "map_at_1": 0.7658,
        "map_at_3": 0.83087,
        "map_at_5": 0.83756,
        "map_at_10": 0.84057,
        "map_at_20": 0.84176,
        "map_at_100": 0.84224,
        "map_at_1000": 0.84226,
        "recall_at_1": 0.7658,
        "recall_at_3": 0.9092,
        "recall_at_5": 0.9386,
        "recall_at_10": 0.9608,
        "recall_at_20": 0.9772,
        "recall_at_100": 0.9944,
        "recall_at_1000": 0.999,
        "accuracy": 0.7658,
        "precision_at_1": 0.7658,
        "precision_at_3": 0.30307,
        "precision_at_5": 0.18772,
        "precision_at_10": 0.09608,
        "precision_at_20": 0.04886,
        "precision_at_100": 0.00994,
        "precision_at_1000": 0.001,
        "mrr_at_1": 0.7658,
        "mrr_at_3": 0.830867,
        "mrr_at_5": 0.837557,
        "mrr_at_10": 0.840568,
        "mrr_at_20": 0.841763,
        "mrr_at_100": 0.842239,
        "mrr_at_1000": 0.842256,
        "nauc_ndcg_at_1_max": 0.434786,
        "nauc_ndcg_at_1_std": -0.227796,
        "nauc_ndcg_at_1_diff1": 0.799077,
        "nauc_ndcg_at_3_max": 0.497595,
        "nauc_ndcg_at_3_std": -0.215276,
        "nauc_ndcg_at_3_diff1": 0.774539,
        "nauc_ndcg_at_5_max": 0.499007,
        "nauc_ndcg_at_5_std": -0.206884,
        "nauc_ndcg_at_5_diff1": 0.773678,
        "nauc_ndcg_at_10_max": 0.498529,
        "nauc_ndcg_at_10_std": -0.204559,
        "nauc_ndcg_at_10_diff1": 0.777981,
        "nauc_ndcg_at_20_max": 0.491378,
        "nauc_ndcg_at_20_std": -0.207336,
        "nauc_ndcg_at_20_diff1": 0.779577,
        "nauc_ndcg_at_100_max": 0.485041,
        "nauc_ndcg_at_100_std": -0.209669,
        "nauc_ndcg_at_100_diff1": 0.781357,
        "nauc_ndcg_at_1000_max": 0.483104,
        "nauc_ndcg_at_1000_std": -0.2112,
        "nauc_ndcg_at_1000_diff1": 0.781145,
        "nauc_map_at_1_max": 0.434786,
        "nauc_map_at_1_std": -0.227796,
        "nauc_map_at_1_diff1": 0.799077,
        "nauc_map_at_3_max": 0.478121,
        "nauc_map_at_3_std": -0.219388,
        "nauc_map_at_3_diff1": 0.781184,
        "nauc_map_at_5_max": 0.477842,
        "nauc_map_at_5_std": -0.215689,
        "nauc_map_at_5_diff1": 0.781045,
        "nauc_map_at_10_max": 0.477532,
        "nauc_map_at_10_std": -0.214785,
        "nauc_map_at_10_diff1": 0.782728,
        "nauc_map_at_20_max": 0.475729,
        "nauc_map_at_20_std": -0.215576,
        "nauc_map_at_20_diff1": 0.783095,
        "nauc_map_at_100_max": 0.474913,
        "nauc_map_at_100_std": -0.215905,
        "nauc_map_at_100_diff1": 0.783249,
        "nauc_map_at_1000_max": 0.474866,
        "nauc_map_at_1000_std": -0.215948,
        "nauc_map_at_1000_diff1": 0.78324,
        "nauc_recall_at_1_max": 0.434786,
        "nauc_recall_at_1_std": -0.227796,
        "nauc_recall_at_1_diff1": 0.799077,
        "nauc_recall_at_3_max": 0.59422,
        "nauc_recall_at_3_std": -0.194704,
        "nauc_recall_at_3_diff1": 0.742289,
        "nauc_recall_at_5_max": 0.648444,
        "nauc_recall_at_5_std": -0.141575,
        "nauc_recall_at_5_diff1": 0.72278,
        "nauc_recall_at_10_max": 0.722842,
        "nauc_recall_at_10_std": -0.088454,
        "nauc_recall_at_10_diff1": 0.733331,
        "nauc_recall_at_20_max": 0.74285,
        "nauc_recall_at_20_std": -0.056321,
        "nauc_recall_at_20_diff1": 0.734467,
        "nauc_recall_at_100_max": 0.856876,
        "nauc_recall_at_100_std": 0.173853,
        "nauc_recall_at_100_diff1": 0.806839,
        "nauc_recall_at_1000_max": 0.763772,
        "nauc_recall_at_1000_std": 0.538002,
        "nauc_recall_at_1000_diff1": 0.756303,
        "nauc_precision_at_1_max": 0.434786,
        "nauc_precision_at_1_std": -0.227796,
        "nauc_precision_at_1_diff1": 0.799077,
        "nauc_precision_at_3_max": 0.59422,
        "nauc_precision_at_3_std": -0.194704,
        "nauc_precision_at_3_diff1": 0.742289,
        "nauc_precision_at_5_max": 0.648444,
        "nauc_precision_at_5_std": -0.141575,
        "nauc_precision_at_5_diff1": 0.72278,
        "nauc_precision_at_10_max": 0.722842,
        "nauc_precision_at_10_std": -0.088454,
        "nauc_precision_at_10_diff1": 0.733331,
        "nauc_precision_at_20_max": 0.74285,
        "nauc_precision_at_20_std": -0.056321,
        "nauc_precision_at_20_diff1": 0.734467,
        "nauc_precision_at_100_max": 0.856876,
        "nauc_precision_at_100_std": 0.173853,
        "nauc_precision_at_100_diff1": 0.806839,
        "nauc_precision_at_1000_max": 0.763772,
        "nauc_precision_at_1000_std": 0.538002,
        "nauc_precision_at_1000_diff1": 0.756303,
        "nauc_mrr_at_1_max": 0.434786,
        "nauc_mrr_at_1_std": -0.227796,
        "nauc_mrr_at_1_diff1": 0.799077,
        "nauc_mrr_at_3_max": 0.478255,
        "nauc_mrr_at_3_std": -0.218415,
        "nauc_mrr_at_3_diff1": 0.781184,
        "nauc_mrr_at_5_max": 0.477877,
        "nauc_mrr_at_5_std": -0.215435,
        "nauc_mrr_at_5_diff1": 0.781045,
        "nauc_mrr_at_10_max": 0.477567,
        "nauc_mrr_at_10_std": -0.214526,
        "nauc_mrr_at_10_diff1": 0.782728,
        "nauc_mrr_at_20_max": 0.475765,
        "nauc_mrr_at_20_std": -0.215315,
        "nauc_mrr_at_20_diff1": 0.783095,
        "nauc_mrr_at_100_max": 0.474949,
        "nauc_mrr_at_100_std": -0.215643,
        "nauc_mrr_at_100_diff1": 0.783249,
        "nauc_mrr_at_1000_max": 0.474902,
        "nauc_mrr_at_1000_std": -0.215685,
        "nauc_mrr_at_1000_diff1": 0.78324,
        "hit_rate_at_1": 0.7658,
        "hit_rate_at_3": 0.9092,
        "hit_rate_at_5": 0.9386,
        "hit_rate_at_10": 0.9608,
        "hit_rate_at_20": 0.9772,
        "hit_rate_at_100": 0.9944,
        "hit_rate_at_1000": 0.999,
        "main_score": 0.87037,
        "hf_subset": "default",
        "languages": [
          "eng-Latn"
        ]
      }
    ]
  },
  "evaluation_time": 522.4217257499695,
  "kg_co2_emissions": null,
  "date": 1776145557.122345
}