{
  "dataset_revision": "5377aa18f309ec440ff6325a4c2cd3362c2cb8d7",
  "task_name": "ChemRxivRetrieval",
  "mteb_version": "2.12.15",
  "scores": {
    "test": [
      {
        "ndcg_at_1": 0.8166,
        "ndcg_at_3": 0.88541,
        "ndcg_at_5": 0.89557,
        "ndcg_at_10": 0.90178,
        "ndcg_at_20": 0.90438,
        "ndcg_at_100": 0.90634,
        "ndcg_at_1000": 0.90686,
        "map_at_1": 0.8166,
        "map_at_3": 0.86927,
        "map_at_5": 0.87498,
        "map_at_10": 0.87758,
        "map_at_20": 0.87829,
        "map_at_100": 0.87858,
        "map_at_1000": 0.8786,
        "recall_at_1": 0.8166,
        "recall_at_3": 0.9318,
        "recall_at_5": 0.9562,
        "recall_at_10": 0.9752,
        "recall_at_20": 0.9854,
        "recall_at_100": 0.9958,
        "recall_at_1000": 0.9998,
        "accuracy": 0.8166,
        "precision_at_1": 0.8166,
        "precision_at_3": 0.3106,
        "precision_at_5": 0.19124,
        "precision_at_10": 0.09752,
        "precision_at_20": 0.04927,
        "precision_at_100": 0.00996,
        "precision_at_1000": 0.001,
        "mrr_at_1": 0.8166,
        "mrr_at_3": 0.869267,
        "mrr_at_5": 0.875057,
        "mrr_at_10": 0.87759,
        "mrr_at_20": 0.878307,
        "mrr_at_100": 0.878593,
        "mrr_at_1000": 0.878614,
        "nauc_ndcg_at_1_max": 0.531768,
        "nauc_ndcg_at_1_std": -0.238274,
        "nauc_ndcg_at_1_diff1": 0.839317,
        "nauc_ndcg_at_3_max": 0.595644,
        "nauc_ndcg_at_3_std": -0.228314,
        "nauc_ndcg_at_3_diff1": 0.822019,
        "nauc_ndcg_at_5_max": 0.596626,
        "nauc_ndcg_at_5_std": -0.232819,
        "nauc_ndcg_at_5_diff1": 0.826069,
        "nauc_ndcg_at_10_max": 0.588259,
        "nauc_ndcg_at_10_std": -0.230875,
        "nauc_ndcg_at_10_diff1": 0.824997,
        "nauc_ndcg_at_20_max": 0.584884,
        "nauc_ndcg_at_20_std": -0.223437,
        "nauc_ndcg_at_20_diff1": 0.824571,
        "nauc_ndcg_at_100_max": 0.57923,
        "nauc_ndcg_at_100_std": -0.227814,
        "nauc_ndcg_at_100_diff1": 0.825413,
        "nauc_ndcg_at_1000_max": 0.577538,
        "nauc_ndcg_at_1000_std": -0.229248,
        "nauc_ndcg_at_1000_diff1": 0.826315,
        "nauc_map_at_1_max": 0.531768,
        "nauc_map_at_1_std": -0.238274,
        "nauc_map_at_1_diff1": 0.839317,
        "nauc_map_at_3_max": 0.575139,
        "nauc_map_at_3_std": -0.231829,
        "nauc_map_at_3_diff1": 0.826015,
        "nauc_map_at_5_max": 0.574871,
        "nauc_map_at_5_std": -0.233669,
        "nauc_map_at_5_diff1": 0.828126,
        "nauc_map_at_10_max": 0.571625,
        "nauc_map_at_10_std": -0.233073,
        "nauc_map_at_10_diff1": 0.82777,
        "nauc_map_at_20_max": 0.570836,
        "nauc_map_at_20_std": -0.231511,
        "nauc_map_at_20_diff1": 0.827697,
        "nauc_map_at_100_max": 0.570214,
        "nauc_map_at_100_std": -0.232046,
        "nauc_map_at_100_diff1": 0.827831,
        "nauc_map_at_1000_max": 0.570162,
        "nauc_map_at_1000_std": -0.232077,
        "nauc_map_at_1000_diff1": 0.827867,
        "nauc_recall_at_1_max": 0.531768,
        "nauc_recall_at_1_std": -0.238274,
        "nauc_recall_at_1_diff1": 0.839317,
        "nauc_recall_at_3_max": 0.703812,
        "nauc_recall_at_3_std": -0.209521,
        "nauc_recall_at_3_diff1": 0.802161,
        "nauc_recall_at_5_max": 0.766656,
        "nauc_recall_at_5_std": -0.228954,
        "nauc_recall_at_5_diff1": 0.813265,
        "nauc_recall_at_10_max": 0.798191,
        "nauc_recall_at_10_std": -0.202404,
        "nauc_recall_at_10_diff1": 0.791938,
        "nauc_recall_at_20_max": 0.858876,
        "nauc_recall_at_20_std": 0.004048,
        "nauc_recall_at_20_diff1": 0.758272,
        "nauc_recall_at_100_max": 0.878729,
        "nauc_recall_at_100_std": 0.076942,
        "nauc_recall_at_100_diff1": 0.676248,
        "nauc_recall_at_1000_max": 1.0,
        "nauc_recall_at_1000_std": 1.0,
        "nauc_recall_at_1000_diff1": 0.554155,
        "nauc_precision_at_1_max": 0.531768,
        "nauc_precision_at_1_std": -0.238274,
        "nauc_precision_at_1_diff1": 0.839317,
        "nauc_precision_at_3_max": 0.703812,
        "nauc_precision_at_3_std": -0.209521,
        "nauc_precision_at_3_diff1": 0.802161,
        "nauc_precision_at_5_max": 0.766656,
        "nauc_precision_at_5_std": -0.228954,
        "nauc_precision_at_5_diff1": 0.813265,
        "nauc_precision_at_10_max": 0.798191,
        "nauc_precision_at_10_std": -0.202404,
        "nauc_precision_at_10_diff1": 0.791938,
        "nauc_precision_at_20_max": 0.858876,
        "nauc_precision_at_20_std": 0.004048,
        "nauc_precision_at_20_diff1": 0.758272,
        "nauc_precision_at_100_max": 0.878729,
        "nauc_precision_at_100_std": 0.076942,
        "nauc_precision_at_100_diff1": 0.676248,
        "nauc_precision_at_1000_max": 1.0,
        "nauc_precision_at_1000_std": 1.0,
        "nauc_precision_at_1000_diff1": 0.554155,
        "nauc_mrr_at_1_max": 0.531768,
        "nauc_mrr_at_1_std": -0.238274,
        "nauc_mrr_at_1_diff1": 0.839317,
        "nauc_mrr_at_3_max": 0.575139,
        "nauc_mrr_at_3_std": -0.231829,
        "nauc_mrr_at_3_diff1": 0.826015,
        "nauc_mrr_at_5_max": 0.574587,
        "nauc_mrr_at_5_std": -0.233731,
        "nauc_mrr_at_5_diff1": 0.828011,
        "nauc_mrr_at_10_max": 0.571577,
        "nauc_mrr_at_10_std": -0.233083,
        "nauc_mrr_at_10_diff1": 0.82775,
        "nauc_mrr_at_20_max": 0.570787,
        "nauc_mrr_at_20_std": -0.231522,
        "nauc_mrr_at_20_diff1": 0.827677,
        "nauc_mrr_at_100_max": 0.570164,
        "nauc_mrr_at_100_std": -0.232056,
        "nauc_mrr_at_100_diff1": 0.827811,
        "nauc_mrr_at_1000_max": 0.570112,
        "nauc_mrr_at_1000_std": -0.232087,
        "nauc_mrr_at_1000_diff1": 0.827847,
        "hit_rate_at_1": 0.8166,
        "hit_rate_at_3": 0.9318,
        "hit_rate_at_5": 0.9562,
        "hit_rate_at_10": 0.9752,
        "hit_rate_at_20": 0.9854,
        "hit_rate_at_100": 0.9958,
        "hit_rate_at_1000": 0.9998,
        "main_score": 0.90178,
        "hf_subset": "default",
        "languages": [
          "eng-Latn"
        ]
      }
    ]
  },
  "evaluation_time": 514.2430980205536,
  "kg_co2_emissions": null,
  "date": 1775780911.74584
}