{
  "dataset_revision": "1840e8a5ac6ec752bbdd97d543ead0189bc7c25b",
  "task_name": "ChemHotpotQARetrieval",
  "mteb_version": "2.12.15",
  "scores": {
    "train": [
      {
        "ndcg_at_1": 0.81667,
        "ndcg_at_3": 0.86156,
        "ndcg_at_5": 0.87064,
        "ndcg_at_10": 0.87752,
        "ndcg_at_20": 0.88299,
        "ndcg_at_100": 0.88609,
        "ndcg_at_1000": 0.8875,
        "map_at_1": 0.8,
        "map_at_3": 0.84676,
        "map_at_5": 0.85176,
        "map_at_10": 0.85442,
        "map_at_20": 0.85585,
        "map_at_100": 0.85655,
        "map_at_1000": 0.8566,
        "recall_at_1": 0.8,
        "recall_at_3": 0.89722,
        "recall_at_5": 0.91944,
        "recall_at_10": 0.94167,
        "recall_at_20": 0.96389,
        "recall_at_100": 0.97778,
        "recall_at_1000": 0.98889,
        "accuracy": 0.8,
        "precision_at_1": 0.81667,
        "precision_at_3": 0.30926,
        "precision_at_5": 0.19,
        "precision_at_10": 0.09722,
        "precision_at_20": 0.04972,
        "precision_at_100": 0.01017,
        "precision_at_1000": 0.00103,
        "mrr_at_1": 0.816667,
        "mrr_at_3": 0.85463,
        "mrr_at_5": 0.85963,
        "mrr_at_10": 0.862291,
        "mrr_at_20": 0.863715,
        "mrr_at_100": 0.863858,
        "mrr_at_1000": 0.863908,
        "nauc_ndcg_at_1_max": 0.565653,
        "nauc_ndcg_at_1_std": -0.252444,
        "nauc_ndcg_at_1_diff1": 0.889225,
        "nauc_ndcg_at_3_max": 0.458522,
        "nauc_ndcg_at_3_std": -0.345992,
        "nauc_ndcg_at_3_diff1": 0.778042,
        "nauc_ndcg_at_5_max": 0.429024,
        "nauc_ndcg_at_5_std": -0.394223,
        "nauc_ndcg_at_5_diff1": 0.776744,
        "nauc_ndcg_at_10_max": 0.424858,
        "nauc_ndcg_at_10_std": -0.375766,
        "nauc_ndcg_at_10_diff1": 0.770294,
        "nauc_ndcg_at_20_max": 0.41161,
        "nauc_ndcg_at_20_std": -0.381113,
        "nauc_ndcg_at_20_diff1": 0.765801,
        "nauc_ndcg_at_100_max": 0.433968,
        "nauc_ndcg_at_100_std": -0.349622,
        "nauc_ndcg_at_100_diff1": 0.794449,
        "nauc_ndcg_at_1000_max": 0.432718,
        "nauc_ndcg_at_1000_std": -0.346818,
        "nauc_ndcg_at_1000_diff1": 0.796521,
        "nauc_map_at_1_max": 0.449039,
        "nauc_map_at_1_std": -0.337782,
        "nauc_map_at_1_diff1": 0.817785,
        "nauc_map_at_3_max": 0.459906,
        "nauc_map_at_3_std": -0.341533,
        "nauc_map_at_3_diff1": 0.770102,
        "nauc_map_at_5_max": 0.445682,
        "nauc_map_at_5_std": -0.365893,
        "nauc_map_at_5_diff1": 0.769193,
        "nauc_map_at_10_max": 0.444897,
        "nauc_map_at_10_std": -0.357991,
        "nauc_map_at_10_diff1": 0.766992,
        "nauc_map_at_20_max": 0.442291,
        "nauc_map_at_20_std": -0.358026,
        "nauc_map_at_20_diff1": 0.76588,
        "nauc_map_at_100_max": 0.446649,
        "nauc_map_at_100_std": -0.352894,
        "nauc_map_at_100_diff1": 0.771628,
        "nauc_map_at_1000_max": 0.446568,
        "nauc_map_at_1000_std": -0.352815,
        "nauc_map_at_1000_diff1": 0.771643,
        "nauc_recall_at_1_max": 0.449039,
        "nauc_recall_at_1_std": -0.337782,
        "nauc_recall_at_1_diff1": 0.817785,
        "nauc_recall_at_3_max": 0.350205,
        "nauc_recall_at_3_std": -0.440707,
        "nauc_recall_at_3_diff1": 0.684055,
        "nauc_recall_at_5_max": 0.206108,
        "nauc_recall_at_5_std": -0.63587,
        "nauc_recall_at_5_diff1": 0.647075,
        "nauc_recall_at_10_max": 0.090814,
        "nauc_recall_at_10_std": -0.625606,
        "nauc_recall_at_10_diff1": 0.555089,
        "nauc_recall_at_20_max": -0.281225,
        "nauc_recall_at_20_std": -0.874201,
        "nauc_recall_at_20_diff1": 0.369999,
        "nauc_recall_at_100_max": -0.229809,
        "nauc_recall_at_100_std": -0.480159,
        "nauc_recall_at_100_diff1": 0.74148,
        "nauc_recall_at_1000_max": -0.955649,
        "nauc_recall_at_1000_std": -0.396825,
        "nauc_recall_at_1000_diff1": 0.869281,
        "nauc_precision_at_1_max": 0.565653,
        "nauc_precision_at_1_std": -0.252444,
        "nauc_precision_at_1_diff1": 0.889225,
        "nauc_precision_at_3_max": 0.378356,
        "nauc_precision_at_3_std": -0.175578,
        "nauc_precision_at_3_diff1": 0.439694,
        "nauc_precision_at_5_max": 0.281611,
        "nauc_precision_at_5_std": -0.26711,
        "nauc_precision_at_5_diff1": 0.36834,
        "nauc_precision_at_10_max": 0.224683,
        "nauc_precision_at_10_std": -0.167934,
        "nauc_precision_at_10_diff1": 0.237963,
        "nauc_precision_at_20_max": 0.067257,
        "nauc_precision_at_20_std": -0.149973,
        "nauc_precision_at_20_diff1": 0.031306,
        "nauc_precision_at_100_max": 0.196295,
        "nauc_precision_at_100_std": 0.246588,
        "nauc_precision_at_100_diff1": 0.154283,
        "nauc_precision_at_1000_max": 0.154018,
        "nauc_precision_at_1000_std": 0.360847,
        "nauc_precision_at_1000_diff1": 0.089487,
        "nauc_mrr_at_1_max": 0.565653,
        "nauc_mrr_at_1_std": -0.252444,
        "nauc_mrr_at_1_diff1": 0.889225,
        "nauc_mrr_at_3_max": 0.544222,
        "nauc_mrr_at_3_std": -0.274305,
        "nauc_mrr_at_3_diff1": 0.873577,
        "nauc_mrr_at_5_max": 0.532415,
        "nauc_mrr_at_5_std": -0.297402,
        "nauc_mrr_at_5_diff1": 0.876477,
        "nauc_mrr_at_10_max": 0.533343,
        "nauc_mrr_at_10_std": -0.287703,
        "nauc_mrr_at_10_diff1": 0.876332,
        "nauc_mrr_at_20_max": 0.531569,
        "nauc_mrr_at_20_std": -0.28697,
        "nauc_mrr_at_20_diff1": 0.876358,
        "nauc_mrr_at_100_max": 0.531544,
        "nauc_mrr_at_100_std": -0.285377,
        "nauc_mrr_at_100_diff1": 0.876223,
        "nauc_mrr_at_1000_max": 0.531492,
        "nauc_mrr_at_1000_std": -0.285269,
        "nauc_mrr_at_1000_diff1": 0.87628,
        "hit_rate_at_1": 0.81667,
        "hit_rate_at_3": 0.90556,
        "hit_rate_at_5": 0.92778,
        "hit_rate_at_10": 0.95,
        "hit_rate_at_20": 0.97222,
        "hit_rate_at_100": 0.97778,
        "hit_rate_at_1000": 0.98889,
        "main_score": 0.87752,
        "hf_subset": "default",
        "languages": [
          "eng-Latn"
        ]
      }
    ],
    "dev": [
      {
        "ndcg_at_1": 0.875,
        "ndcg_at_3": 0.875,
        "ndcg_at_5": 0.875,
        "ndcg_at_10": 0.875,
        "ndcg_at_20": 0.875,
        "ndcg_at_100": 0.89455,
        "ndcg_at_1000": 0.89455,
        "map_at_1": 0.875,
        "map_at_3": 0.875,
        "map_at_5": 0.875,
        "map_at_10": 0.875,
        "map_at_20": 0.875,
        "map_at_100": 0.87651,
        "map_at_1000": 0.87651,
        "recall_at_1": 0.875,
        "recall_at_3": 0.875,
        "recall_at_5": 0.875,
        "recall_at_10": 0.875,
        "recall_at_20": 0.875,
        "recall_at_100": 1.0,
        "recall_at_1000": 1.0,
        "accuracy": 0.875,
        "precision_at_1": 0.875,
        "precision_at_3": 0.29167,
        "precision_at_5": 0.175,
        "precision_at_10": 0.0875,
        "precision_at_20": 0.04375,
        "precision_at_100": 0.01,
        "precision_at_1000": 0.001,
        "mrr_at_1": 0.875,
        "mrr_at_3": 0.875,
        "mrr_at_5": 0.875,
        "mrr_at_10": 0.875,
        "mrr_at_20": 0.875,
        "mrr_at_100": 0.876506,
        "mrr_at_1000": 0.876506,
        "nauc_ndcg_at_1_max": 1.0,
        "nauc_ndcg_at_1_std": 0.551821,
        "nauc_ndcg_at_1_diff1": 0.865546,
        "nauc_ndcg_at_3_max": 1.0,
        "nauc_ndcg_at_3_std": 0.551821,
        "nauc_ndcg_at_3_diff1": 0.865546,
        "nauc_ndcg_at_5_max": 1.0,
        "nauc_ndcg_at_5_std": 0.551821,
        "nauc_ndcg_at_5_diff1": 0.865546,
        "nauc_ndcg_at_10_max": 1.0,
        "nauc_ndcg_at_10_std": 0.551821,
        "nauc_ndcg_at_10_diff1": 0.865546,
        "nauc_ndcg_at_20_max": 1.0,
        "nauc_ndcg_at_20_std": 0.551821,
        "nauc_ndcg_at_20_diff1": 0.865546,
        "nauc_ndcg_at_100_max": 1.0,
        "nauc_ndcg_at_100_std": 0.551821,