{
  "dataset_revision": "5d958fb6b31055495347724d46431ba41309b03a",
  "task_name": "ChemNQRetrieval",
  "mteb_version": "2.12.16",
  "scores": {
    "test": [
      {
        "ndcg_at_1": 0.48148,
        "ndcg_at_3": 0.52598,
        "ndcg_at_5": 0.57937,
        "ndcg_at_10": 0.5943,
        "ndcg_at_20": 0.61516,
        "ndcg_at_100": 0.63112,
        "ndcg_at_1000": 0.64469,
        "map_at_1": 0.3642,
        "map_at_3": 0.48148,
        "map_at_5": 0.51296,
        "map_at_10": 0.52016,
        "map_at_20": 0.52823,
        "map_at_100": 0.53133,
        "map_at_1000": 0.53195,
        "recall_at_1": 0.3642,
        "recall_at_3": 0.58642,
        "recall_at_5": 0.71605,
        "recall_at_10": 0.75309,
        "recall_at_20": 0.82716,
        "recall_at_100": 0.90123,
        "recall_at_1000": 1.0,
        "accuracy": 0.3642,
        "precision_at_1": 0.48148,
        "precision_at_3": 0.24691,
        "precision_at_5": 0.17778,
        "precision_at_10": 0.0963,
        "precision_at_20": 0.0537,
        "precision_at_100": 0.01148,
        "precision_at_1000": 0.0013,
        "mrr_at_1": 0.481481,
        "mrr_at_3": 0.561728,
        "mrr_at_5": 0.585802,
        "mrr_at_10": 0.591975,
        "mrr_at_20": 0.594033,
        "mrr_at_100": 0.597125,
        "mrr_at_1000": 0.597412,
        "nauc_ndcg_at_1_max": 0.551664,
        "nauc_ndcg_at_1_std": 0.22311,
        "nauc_ndcg_at_1_diff1": 0.358946,
        "nauc_ndcg_at_3_max": 0.21177,
        "nauc_ndcg_at_3_std": -0.0151,
        "nauc_ndcg_at_3_diff1": 0.26829,
        "nauc_ndcg_at_5_max": 0.306734,
        "nauc_ndcg_at_5_std": 0.050311,
        "nauc_ndcg_at_5_diff1": 0.282106,
        "nauc_ndcg_at_10_max": 0.371275,
        "nauc_ndcg_at_10_std": 0.143965,
        "nauc_ndcg_at_10_diff1": 0.31929,
        "nauc_ndcg_at_20_max": 0.386584,
        "nauc_ndcg_at_20_std": 0.174254,
        "nauc_ndcg_at_20_diff1": 0.324746,
        "nauc_ndcg_at_100_max": 0.363627,
        "nauc_ndcg_at_100_std": 0.14398,
        "nauc_ndcg_at_100_diff1": 0.351105,
        "nauc_ndcg_at_1000_max": 0.365696,
        "nauc_ndcg_at_1000_std": 0.131503,
        "nauc_ndcg_at_1000_diff1": 0.327354,
        "nauc_map_at_1_max": 0.37538,
        "nauc_map_at_1_std": 0.218388,
        "nauc_map_at_1_diff1": 0.29603,
        "nauc_map_at_3_max": 0.213431,
        "nauc_map_at_3_std": 0.006923,
        "nauc_map_at_3_diff1": 0.28913,
        "nauc_map_at_5_max": 0.275383,
        "nauc_map_at_5_std": 0.046292,
        "nauc_map_at_5_diff1": 0.296182,
        "nauc_map_at_10_max": 0.305734,
        "nauc_map_at_10_std": 0.087209,
        "nauc_map_at_10_diff1": 0.317299,
        "nauc_map_at_20_max": 0.315309,
        "nauc_map_at_20_std": 0.099849,
        "nauc_map_at_20_diff1": 0.312703,
        "nauc_map_at_100_max": 0.310888,
        "nauc_map_at_100_std": 0.094189,
        "nauc_map_at_100_diff1": 0.317004,
        "nauc_map_at_1000_max": 0.310463,
        "nauc_map_at_1000_std": 0.093196,
        "nauc_map_at_1000_diff1": 0.316118,
        "nauc_recall_at_1_max": 0.37538,
        "nauc_recall_at_1_std": 0.218388,
        "nauc_recall_at_1_diff1": 0.29603,
        "nauc_recall_at_3_max": -0.019218,
        "nauc_recall_at_3_std": -0.170766,
        "nauc_recall_at_3_diff1": 0.160402,
        "nauc_recall_at_5_max": 0.165555,
        "nauc_recall_at_5_std": -0.037498,
        "nauc_recall_at_5_diff1": 0.166653,
        "nauc_recall_at_10_max": 0.377798,
        "nauc_recall_at_10_std": 0.250907,
        "nauc_recall_at_10_diff1": 0.300726,
        "nauc_recall_at_20_max": 0.438447,
        "nauc_recall_at_20_std": 0.437483,
        "nauc_recall_at_20_diff1": 0.392831,
        "nauc_recall_at_100_max": 0.188568,
        "nauc_recall_at_100_std": 0.249654,
        "nauc_recall_at_100_diff1": 0.735611,
        "nauc_recall_at_1000_max": NaN,
        "nauc_recall_at_1000_std": NaN,
        "nauc_recall_at_1000_diff1": NaN,
        "nauc_precision_at_1_max": 0.551664,
        "nauc_precision_at_1_std": 0.22311,
        "nauc_precision_at_1_diff1": 0.358946,
        "nauc_precision_at_3_max": 0.146624,
        "nauc_precision_at_3_std": -0.185855,
        "nauc_precision_at_3_diff1": 0.245004,
        "nauc_precision_at_5_max": 0.349023,
        "nauc_precision_at_5_std": -0.051259,
        "nauc_precision_at_5_diff1": 0.221278,
        "nauc_precision_at_10_max": 0.540933,
        "nauc_precision_at_10_std": 0.262451,
        "nauc_precision_at_10_diff1": 0.335354,
        "nauc_precision_at_20_max": 0.523017,
        "nauc_precision_at_20_std": 0.34755,
        "nauc_precision_at_20_diff1": 0.255912,
        "nauc_precision_at_100_max": 0.476969,
        "nauc_precision_at_100_std": 0.285765,
        "nauc_precision_at_100_diff1": 0.323852,
        "nauc_precision_at_1000_max": 0.400699,
        "nauc_precision_at_1000_std": 0.168638,
        "nauc_precision_at_1000_diff1": 0.082307,
        "nauc_mrr_at_1_max": 0.551664,
        "nauc_mrr_at_1_std": 0.22311,
        "nauc_mrr_at_1_diff1": 0.358946,
        "nauc_mrr_at_3_max": 0.436293,
        "nauc_mrr_at_3_std": 0.105332,
        "nauc_mrr_at_3_diff1": 0.305044,
        "nauc_mrr_at_5_max": 0.469065,
        "nauc_mrr_at_5_std": 0.136175,
        "nauc_mrr_at_5_diff1": 0.31689,
        "nauc_mrr_at_10_max": 0.487621,
        "nauc_mrr_at_10_std": 0.173534,
        "nauc_mrr_at_10_diff1": 0.314278,
        "nauc_mrr_at_20_max": 0.484588,
        "nauc_mrr_at_20_std": 0.172121,
        "nauc_mrr_at_20_diff1": 0.320046,
        "nauc_mrr_at_100_max": 0.481771,
        "nauc_mrr_at_100_std": 0.167122,
        "nauc_mrr_at_100_diff1": 0.324444,
        "nauc_mrr_at_1000_max": 0.481511,
        "nauc_mrr_at_1000_std": 0.166559,
        "nauc_mrr_at_1000_diff1": 0.323836,
        "hit_rate_at_1": 0.48148,
        "hit_rate_at_3": 0.66667,
        "hit_rate_at_5": 0.77778,
        "hit_rate_at_10": 0.81481,
        "hit_rate_at_20": 0.85185,
        "hit_rate_at_100": 0.92593,
        "hit_rate_at_1000": 1.0,
        "main_score": 0.5943,
        "hf_subset": "default",
        "languages": [
          "eng-Latn"
        ]
      }
    ]
  },
  "evaluation_time": 61.39874005317688,
  "kg_co2_emissions": null,
  "date": 1778642573.469852
}