{
  "dataset_revision": "1840e8a5ac6ec752bbdd97d543ead0189bc7c25b",
  "task_name": "ChemHotpotQARetrieval",
  "mteb_version": "2.12.16",
  "scores": {
    "train": [
      {
        "ndcg_at_1": 0.81111,
        "ndcg_at_3": 0.84587,
        "ndcg_at_5": 0.86452,
        "ndcg_at_10": 0.86848,
        "ndcg_at_20": 0.87715,
        "ndcg_at_100": 0.88031,
        "ndcg_at_1000": 0.88178,
        "map_at_1": 0.79167,
        "map_at_3": 0.83333,
        "map_at_5": 0.84389,
        "map_at_10": 0.84574,
        "map_at_20": 0.84825,
        "map_at_100": 0.849,
        "map_at_1000": 0.84907,
        "recall_at_1": 0.79167,
        "recall_at_3": 0.875,
        "recall_at_5": 0.91944,
        "recall_at_10": 0.93056,
        "recall_at_20": 0.96389,
        "recall_at_100": 0.97778,
        "recall_at_1000": 0.98889,
        "accuracy": 0.79167,
        "precision_at_1": 0.81111,
        "precision_at_3": 0.30185,
        "precision_at_5": 0.19,
        "precision_at_10": 0.09611,
        "precision_at_20": 0.04972,
        "precision_at_100": 0.01017,
        "precision_at_1000": 0.00103,
        "mrr_at_1": 0.811111,
        "mrr_at_3": 0.841667,
        "mrr_at_5": 0.852222,
        "mrr_at_10": 0.854074,
        "mrr_at_20": 0.856587,
        "mrr_at_100": 0.85675,
        "mrr_at_1000": 0.856813,
        "nauc_ndcg_at_1_max": 0.622388,
        "nauc_ndcg_at_1_std": -0.22937,
        "nauc_ndcg_at_1_diff1": 0.907093,
        "nauc_ndcg_at_3_max": 0.557251,
        "nauc_ndcg_at_3_std": -0.308807,
        "nauc_ndcg_at_3_diff1": 0.815177,
        "nauc_ndcg_at_5_max": 0.50137,
        "nauc_ndcg_at_5_std": -0.394844,
        "nauc_ndcg_at_5_diff1": 0.794707,
        "nauc_ndcg_at_10_max": 0.500143,
        "nauc_ndcg_at_10_std": -0.352282,
        "nauc_ndcg_at_10_diff1": 0.788211,
        "nauc_ndcg_at_20_max": 0.49002,
        "nauc_ndcg_at_20_std": -0.347785,
        "nauc_ndcg_at_20_diff1": 0.786721,
        "nauc_ndcg_at_100_max": 0.515848,
        "nauc_ndcg_at_100_std": -0.317927,
        "nauc_ndcg_at_100_diff1": 0.814971,
        "nauc_ndcg_at_1000_max": 0.514286,
        "nauc_ndcg_at_1000_std": -0.31471,
        "nauc_ndcg_at_1000_diff1": 0.817195,
        "nauc_map_at_1_max": 0.515042,
        "nauc_map_at_1_std": -0.291411,
        "nauc_map_at_1_diff1": 0.844669,
        "nauc_map_at_3_max": 0.544427,
        "nauc_map_at_3_std": -0.309273,
        "nauc_map_at_3_diff1": 0.803765,
        "nauc_map_at_5_max": 0.515882,
        "nauc_map_at_5_std": -0.35179,
        "nauc_map_at_5_diff1": 0.792818,
        "nauc_map_at_10_max": 0.515574,
        "nauc_map_at_10_std": -0.334144,
        "nauc_map_at_10_diff1": 0.790184,
        "nauc_map_at_20_max": 0.513497,
        "nauc_map_at_20_std": -0.332423,
        "nauc_map_at_20_diff1": 0.789837,
        "nauc_map_at_100_max": 0.518952,
        "nauc_map_at_100_std": -0.327204,
        "nauc_map_at_100_diff1": 0.795937,
        "nauc_map_at_1000_max": 0.518863,
        "nauc_map_at_1000_std": -0.3271,
        "nauc_map_at_1000_diff1": 0.795991,
        "nauc_recall_at_1_max": 0.515042,
        "nauc_recall_at_1_std": -0.291411,
        "nauc_recall_at_1_diff1": 0.844669,
        "nauc_recall_at_3_max": 0.516917,
        "nauc_recall_at_3_std": -0.363684,
        "nauc_recall_at_3_diff1": 0.756759,
        "nauc_recall_at_5_max": 0.275621,
        "nauc_recall_at_5_std": -0.716652,
        "nauc_recall_at_5_diff1": 0.63806,
        "nauc_recall_at_10_max": 0.233296,
        "nauc_recall_at_10_std": -0.552923,
        "nauc_recall_at_10_diff1": 0.580149,
        "nauc_recall_at_20_max": -0.139446,
        "nauc_recall_at_20_std": -0.693205,
        "nauc_recall_at_20_diff1": 0.369999,
        "nauc_recall_at_100_max": 0.049603,
        "nauc_recall_at_100_std": -0.235061,
        "nauc_recall_at_100_diff1": 0.74965,
        "nauc_recall_at_1000_max": -0.514472,
        "nauc_recall_at_1000_std": 0.093371,
        "nauc_recall_at_1000_diff1": 0.861111,
        "nauc_precision_at_1_max": 0.622388,
        "nauc_precision_at_1_std": -0.22937,
        "nauc_precision_at_1_diff1": 0.907093,
        "nauc_precision_at_3_max": 0.506351,
        "nauc_precision_at_3_std": -0.155123,
        "nauc_precision_at_3_diff1": 0.529026,
        "nauc_precision_at_5_max": 0.332109,
        "nauc_precision_at_5_std": -0.335618,
        "nauc_precision_at_5_diff1": 0.363428,
        "nauc_precision_at_10_max": 0.308942,
        "nauc_precision_at_10_std": -0.179231,
        "nauc_precision_at_10_diff1": 0.29254,
        "nauc_precision_at_20_max": 0.144313,
        "nauc_precision_at_20_std": -0.067999,
        "nauc_precision_at_20_diff1": 0.034039,
        "nauc_precision_at_100_max": 0.265372,
        "nauc_precision_at_100_std": 0.282944,
        "nauc_precision_at_100_diff1": 0.152264,
        "nauc_precision_at_1000_max": 0.216245,
        "nauc_precision_at_1000_std": 0.402331,
        "nauc_precision_at_1000_diff1": 0.083726,
        "nauc_mrr_at_1_max": 0.622388,
        "nauc_mrr_at_1_std": -0.22937,
        "nauc_mrr_at_1_diff1": 0.907093,
        "nauc_mrr_at_3_max": 0.623046,
        "nauc_mrr_at_3_std": -0.256002,
        "nauc_mrr_at_3_diff1": 0.894146,
        "nauc_mrr_at_5_max": 0.598709,
        "nauc_mrr_at_5_std": -0.296794,
        "nauc_mrr_at_5_diff1": 0.889099,
        "nauc_mrr_at_10_max": 0.59949,
        "nauc_mrr_at_10_std": -0.277546,
        "nauc_mrr_at_10_diff1": 0.88762,
        "nauc_mrr_at_20_max": 0.598856,
        "nauc_mrr_at_20_std": -0.274695,
        "nauc_mrr_at_20_diff1": 0.889051,
        "nauc_mrr_at_100_max": 0.599145,
        "nauc_mrr_at_100_std": -0.272937,
        "nauc_mrr_at_100_diff1": 0.889075,
        "nauc_mrr_at_1000_max": 0.599089,
        "nauc_mrr_at_1000_std": -0.272803,
        "nauc_mrr_at_1000_diff1": 0.889174,
        "hit_rate_at_1": 0.81111,
        "hit_rate_at_3": 0.88333,
        "hit_rate_at_5": 0.92778,
        "hit_rate_at_10": 0.93889,
        "hit_rate_at_20": 0.97222,
        "hit_rate_at_100": 0.97778,
        "hit_rate_at_1000": 0.98889,
        "main_score": 0.86848,
        "hf_subset": "default",
        "languages": [
          "eng-Latn"
        ]
      }
    ],
    "dev": [
      {
        "ndcg_at_1": 0.875,
        "ndcg_at_3": 0.875,
        "ndcg_at_5": 0.875,
        "ndcg_at_10": 0.875,
        "ndcg_at_20": 0.875,
        "ndcg_at_100": 0.875,
        "ndcg_at_1000": 0.89292,
        "map_at_1": 0.875,
        "map_at_3": 0.875,
        "map_at_5": 0.875,
        "map_at_10": 0.875,
        "map_at_20": 0.875,
        "map_at_100": 0.875,
        "map_at_1000": 0.876,
        "recall_at_1": 0.875,
        "recall_at_3": 0.875,
        "recall_at_5": 0.875,
        "recall_at_10": 0.875,
        "recall_at_20": 0.875,
        "recall_at_100": 0.875,
        "recall_at_1000": 1.0,
        "accuracy": 0.875,
        "precision_at_1": 0.875,
        "precision_at_3": 0.29167,
        "precision_at_5": 0.175,
        "precision_at_10": 0.0875,
        "precision_at_20": 0.04375,
        "precision_at_100": 0.00875,
        "precision_at_1000": 0.001,
        "mrr_at_1": 0.875,
        "mrr_at_3": 0.875,
        "mrr_at_5": 0.875,
        "mrr_at_10": 0.875,
        "mrr_at_20": 0.875,
        "mrr_at_100": 0.875,
        "mrr_at_1000": 0.876,
        "nauc_ndcg_at_1_max": 1.0,
        "nauc_ndcg_at_1_std": 0.865546,
        "nauc_ndcg_at_1_diff1": 0.865546,
        "nauc_ndcg_at_3_max": 1.0,
        "nauc_ndcg_at_3_std": 0.865546,
        "nauc_ndcg_at_3_diff1": 0.865546,
        "nauc_ndcg_at_5_max": 1.0,
        "nauc_ndcg_at_5_std": 0.865546,
        "nauc_ndcg_at_5_diff1": 0.865546,
        "nauc_ndcg_at_10_max": 1.0,
        "nauc_ndcg_at_10_std": 0.865546,
        "nauc_ndcg_at_10_diff1": 0.865546,
        "nauc_ndcg_at_20_max": 1.0,
        "nauc_ndcg_at_20_std": 0.865546,
        "nauc_ndcg_at_20_diff1": 0.865546,
        "nauc_ndcg_at_100_max": 1.0,
        "nauc_ndcg_at_100_std": 0.865546,