{
  "dataset_revision": "5377aa18f309ec440ff6325a4c2cd3362c2cb8d7",
  "task_name": "ChemRxivRetrieval",
  "mteb_version": "2.12.16",
  "scores": {
    "test": [
      {
        "ndcg_at_1": 0.7918,
        "ndcg_at_3": 0.86742,
        "ndcg_at_5": 0.87916,
        "ndcg_at_10": 0.88641,
        "ndcg_at_20": 0.88943,
        "ndcg_at_100": 0.89188,
        "ndcg_at_1000": 0.89254,
        "map_at_1": 0.7918,
        "map_at_3": 0.8495,
        "map_at_5": 0.85604,
        "map_at_10": 0.859,
        "map_at_20": 0.85985,
        "map_at_100": 0.8602,
        "map_at_1000": 0.86023,
        "recall_at_1": 0.7918,
        "recall_at_3": 0.919,
        "recall_at_5": 0.9474,
        "recall_at_10": 0.97,
        "recall_at_20": 0.9818,
        "recall_at_100": 0.9948,
        "recall_at_1000": 0.9998,
        "accuracy": 0.7918,
        "precision_at_1": 0.7918,
        "precision_at_3": 0.30633,
        "precision_at_5": 0.18948,
        "precision_at_10": 0.097,
        "precision_at_20": 0.04909,
        "precision_at_100": 0.00995,
        "precision_at_1000": 0.001,
        "mrr_at_1": 0.7922,
        "mrr_at_3": 0.849633,
        "mrr_at_5": 0.856223,
        "mrr_at_10": 0.859187,
        "mrr_at_20": 0.860031,
        "mrr_at_100": 0.860386,
        "mrr_at_1000": 0.860413,
        "nauc_ndcg_at_1_max": 0.440781,
        "nauc_ndcg_at_1_std": -0.273982,
        "nauc_ndcg_at_1_diff1": 0.799301,
        "nauc_ndcg_at_3_max": 0.500155,
        "nauc_ndcg_at_3_std": -0.27559,
        "nauc_ndcg_at_3_diff1": 0.776654,
        "nauc_ndcg_at_5_max": 0.504761,
        "nauc_ndcg_at_5_std": -0.265635,
        "nauc_ndcg_at_5_diff1": 0.784136,
        "nauc_ndcg_at_10_max": 0.500011,
        "nauc_ndcg_at_10_std": -0.259157,
        "nauc_ndcg_at_10_diff1": 0.785298,
        "nauc_ndcg_at_20_max": 0.495551,
        "nauc_ndcg_at_20_std": -0.260537,
        "nauc_ndcg_at_20_diff1": 0.786553,
        "nauc_ndcg_at_100_max": 0.489838,
        "nauc_ndcg_at_100_std": -0.263075,
        "nauc_ndcg_at_100_diff1": 0.786468,
        "nauc_ndcg_at_1000_max": 0.487589,
        "nauc_ndcg_at_1000_std": -0.26516,
        "nauc_ndcg_at_1000_diff1": 0.786659,
        "nauc_map_at_1_max": 0.440781,
        "nauc_map_at_1_std": -0.273982,
        "nauc_map_at_1_diff1": 0.799301,
        "nauc_map_at_3_max": 0.48253,
        "nauc_map_at_3_std": -0.275251,
        "nauc_map_at_3_diff1": 0.783578,
        "nauc_map_at_5_max": 0.483588,
        "nauc_map_at_5_std": -0.270646,
        "nauc_map_at_5_diff1": 0.787331,
        "nauc_map_at_10_max": 0.481836,
        "nauc_map_at_10_std": -0.268315,
        "nauc_map_at_10_diff1": 0.787762,
        "nauc_map_at_20_max": 0.480747,
        "nauc_map_at_20_std": -0.268654,
        "nauc_map_at_20_diff1": 0.788052,
        "nauc_map_at_100_max": 0.480079,
        "nauc_map_at_100_std": -0.268882,
        "nauc_map_at_100_diff1": 0.788024,
        "nauc_map_at_1000_max": 0.480001,
        "nauc_map_at_1000_std": -0.268946,
        "nauc_map_at_1000_diff1": 0.788033,
        "nauc_recall_at_1_max": 0.440781,
        "nauc_recall_at_1_std": -0.273982,
        "nauc_recall_at_1_diff1": 0.799301,
        "nauc_recall_at_3_max": 0.58834,
        "nauc_recall_at_3_std": -0.277175,
        "nauc_recall_at_3_diff1": 0.741854,
        "nauc_recall_at_5_max": 0.6631,
        "nauc_recall_at_5_std": -0.22437,
        "nauc_recall_at_5_diff1": 0.763694,
        "nauc_recall_at_10_max": 0.722406,
        "nauc_recall_at_10_std": -0.127958,
        "nauc_recall_at_10_diff1": 0.761758,
        "nauc_recall_at_20_max": 0.765255,
        "nauc_recall_at_20_std": -0.07544,
        "nauc_recall_at_20_diff1": 0.774895,
        "nauc_recall_at_100_max": 0.841737,
        "nauc_recall_at_100_std": 0.101882,
        "nauc_recall_at_100_diff1": 0.744488,
        "nauc_recall_at_1000_max": 1.0,
        "nauc_recall_at_1000_std": 1.0,
        "nauc_recall_at_1000_diff1": 0.358077,
        "nauc_precision_at_1_max": 0.440781,
        "nauc_precision_at_1_std": -0.273982,
        "nauc_precision_at_1_diff1": 0.799301,
        "nauc_precision_at_3_max": 0.58834,
        "nauc_precision_at_3_std": -0.277175,
        "nauc_precision_at_3_diff1": 0.741854,
        "nauc_precision_at_5_max": 0.6631,
        "nauc_precision_at_5_std": -0.22437,
        "nauc_precision_at_5_diff1": 0.763694,
        "nauc_precision_at_10_max": 0.722406,
        "nauc_precision_at_10_std": -0.127958,
        "nauc_precision_at_10_diff1": 0.761758,
        "nauc_precision_at_20_max": 0.765255,
        "nauc_precision_at_20_std": -0.07544,
        "nauc_precision_at_20_diff1": 0.774895,
        "nauc_precision_at_100_max": 0.841737,
        "nauc_precision_at_100_std": 0.101882,
        "nauc_precision_at_100_diff1": 0.744488,
        "nauc_precision_at_1000_max": 1.0,
        "nauc_precision_at_1000_std": 1.0,
        "nauc_precision_at_1000_diff1": 0.358077,
        "nauc_mrr_at_1_max": 0.442511,
        "nauc_mrr_at_1_std": -0.272713,
        "nauc_mrr_at_1_diff1": 0.798422,
        "nauc_mrr_at_3_max": 0.483854,
        "nauc_mrr_at_3_std": -0.274208,
        "nauc_mrr_at_3_diff1": 0.783069,
        "nauc_mrr_at_5_max": 0.48489,
        "nauc_mrr_at_5_std": -0.269695,
        "nauc_mrr_at_5_diff1": 0.786721,
        "nauc_mrr_at_10_max": 0.483165,
        "nauc_mrr_at_10_std": -0.267341,
        "nauc_mrr_at_10_diff1": 0.78714,
        "nauc_mrr_at_20_max": 0.482076,
        "nauc_mrr_at_20_std": -0.267677,
        "nauc_mrr_at_20_diff1": 0.787422,
        "nauc_mrr_at_100_max": 0.481411,
        "nauc_mrr_at_100_std": -0.267903,
        "nauc_mrr_at_100_diff1": 0.787393,
        "nauc_mrr_at_1000_max": 0.481333,
        "nauc_mrr_at_1000_std": -0.267966,
        "nauc_mrr_at_1000_diff1": 0.787402,
        "hit_rate_at_1": 0.7918,
        "hit_rate_at_3": 0.919,
        "hit_rate_at_5": 0.9474,
        "hit_rate_at_10": 0.97,
        "hit_rate_at_20": 0.9818,
        "hit_rate_at_100": 0.9948,
        "hit_rate_at_1000": 0.9998,
        "main_score": 0.88641,
        "hf_subset": "default",
        "languages": [
          "eng-Latn"
        ]
      }
    ]
  },
  "evaluation_time": 527.6759874820709,
  "kg_co2_emissions": null,
  "date": 1776135254.962796
}