{
  "dataset_revision": "1840e8a5ac6ec752bbdd97d543ead0189bc7c25b",
  "task_name": "ChemHotpotQARetrieval",
  "mteb_version": "2.12.20",
  "scores": {
    "train": [
      {
        "ndcg_at_1": 0.82222,
        "ndcg_at_3": 0.87961,
        "ndcg_at_5": 0.88201,
        "ndcg_at_10": 0.88738,
        "ndcg_at_20": 0.89313,
        "ndcg_at_100": 0.89521,
        "ndcg_at_1000": 0.89697,
        "map_at_1": 0.80278,
        "map_at_3": 0.86111,
        "map_at_5": 0.8625,
        "map_at_10": 0.8647,
        "map_at_20": 0.86643,
        "map_at_100": 0.86672,
        "map_at_1000": 0.8668,
        "recall_at_1": 0.80278,
        "recall_at_3": 0.925,
        "recall_at_5": 0.93056,
        "recall_at_10": 0.94722,
        "recall_at_20": 0.96944,
        "recall_at_100": 0.98056,
        "recall_at_1000": 0.99444,
        "accuracy": 0.80278,
        "precision_at_1": 0.82222,
        "precision_at_3": 0.31852,
        "precision_at_5": 0.19222,
        "precision_at_10": 0.09778,
        "precision_at_20": 0.05028,
        "precision_at_100": 0.01017,
        "precision_at_1000": 0.00103,
        "mrr_at_1": 0.822222,
        "mrr_at_3": 0.87037,
        "mrr_at_5": 0.871759,
        "mrr_at_10": 0.873964,
        "mrr_at_20": 0.875035,
        "mrr_at_100": 0.87533,
        "mrr_at_1000": 0.875356,
        "nauc_ndcg_at_1_max": 0.704197,
        "nauc_ndcg_at_1_std": -0.049873,
        "nauc_ndcg_at_1_diff1": 0.902049,
        "nauc_ndcg_at_3_max": 0.523813,
        "nauc_ndcg_at_3_std": -0.167305,
        "nauc_ndcg_at_3_diff1": 0.745124,
        "nauc_ndcg_at_5_max": 0.516507,
        "nauc_ndcg_at_5_std": -0.191989,
        "nauc_ndcg_at_5_diff1": 0.749162,
        "nauc_ndcg_at_10_max": 0.510775,
        "nauc_ndcg_at_10_std": -0.191527,
        "nauc_ndcg_at_10_diff1": 0.745733,
        "nauc_ndcg_at_20_max": 0.522717,
        "nauc_ndcg_at_20_std": -0.150633,
        "nauc_ndcg_at_20_diff1": 0.762304,
        "nauc_ndcg_at_100_max": 0.515502,
        "nauc_ndcg_at_100_std": -0.146562,
        "nauc_ndcg_at_100_diff1": 0.761442,
        "nauc_ndcg_at_1000_max": 0.52869,
        "nauc_ndcg_at_1000_std": -0.144545,
        "nauc_ndcg_at_1000_diff1": 0.774421,
        "nauc_map_at_1_max": 0.559443,
        "nauc_map_at_1_std": -0.13518,
        "nauc_map_at_1_diff1": 0.826464,
        "nauc_map_at_3_max": 0.538001,
        "nauc_map_at_3_std": -0.152169,
        "nauc_map_at_3_diff1": 0.748249,
        "nauc_map_at_5_max": 0.534487,
        "nauc_map_at_5_std": -0.164388,
        "nauc_map_at_5_diff1": 0.750308,
        "nauc_map_at_10_max": 0.532434,
        "nauc_map_at_10_std": -0.163733,
        "nauc_map_at_10_diff1": 0.749076,
        "nauc_map_at_20_max": 0.537751,
        "nauc_map_at_20_std": -0.153187,
        "nauc_map_at_20_diff1": 0.755212,
        "nauc_map_at_100_max": 0.536979,
        "nauc_map_at_100_std": -0.152867,
        "nauc_map_at_100_diff1": 0.75505,
        "nauc_map_at_1000_max": 0.537873,
        "nauc_map_at_1000_std": -0.152469,
        "nauc_map_at_1000_diff1": 0.756018,
        "nauc_recall_at_1_max": 0.559443,
        "nauc_recall_at_1_std": -0.13518,
        "nauc_recall_at_1_diff1": 0.826464,
        "nauc_recall_at_3_max": 0.287253,
        "nauc_recall_at_3_std": -0.326192,
        "nauc_recall_at_3_diff1": 0.550489,
        "nauc_recall_at_5_max": 0.240691,
        "nauc_recall_at_5_std": -0.432288,
        "nauc_recall_at_5_diff1": 0.550196,
        "nauc_recall_at_10_max": 0.122488,
        "nauc_recall_at_10_std": -0.505553,
        "nauc_recall_at_10_diff1": 0.466632,
        "nauc_recall_at_20_max": -0.035354,
        "nauc_recall_at_20_std": -0.213861,
        "nauc_recall_at_20_diff1": 0.455097,
        "nauc_recall_at_100_max": -0.552288,
        "nauc_recall_at_100_std": -0.126117,
        "nauc_recall_at_100_diff1": 0.260438,
        "nauc_recall_at_1000_max": -1.739963,
        "nauc_recall_at_1000_std": -0.171335,
        "nauc_recall_at_1000_diff1": 0.358077,
        "nauc_precision_at_1_max": 0.704197,
        "nauc_precision_at_1_std": -0.049873,
        "nauc_precision_at_1_diff1": 0.902049,
        "nauc_precision_at_3_max": 0.402393,
        "nauc_precision_at_3_std": -0.011647,
        "nauc_precision_at_3_diff1": 0.297966,
        "nauc_precision_at_5_max": 0.376397,
        "nauc_precision_at_5_std": -0.067975,
        "nauc_precision_at_5_diff1": 0.283702,
        "nauc_precision_at_10_max": 0.328548,
        "nauc_precision_at_10_std": -0.041443,
        "nauc_precision_at_10_diff1": 0.177194,
        "nauc_precision_at_20_max": 0.292271,
        "nauc_precision_at_20_std": 0.269321,
        "nauc_precision_at_20_diff1": 0.099057,
        "nauc_precision_at_100_max": 0.206405,
        "nauc_precision_at_100_std": 0.364075,
        "nauc_precision_at_100_diff1": -0.00462,
        "nauc_precision_at_1000_max": 0.291134,
        "nauc_precision_at_1000_std": 0.435443,
        "nauc_precision_at_1000_diff1": 0.019305,
        "nauc_mrr_at_1_max": 0.704197,
        "nauc_mrr_at_1_std": -0.049873,
        "nauc_mrr_at_1_diff1": 0.902049,
        "nauc_mrr_at_3_max": 0.646981,
        "nauc_mrr_at_3_std": -0.092259,
        "nauc_mrr_at_3_diff1": 0.864272,
        "nauc_mrr_at_5_max": 0.64447,
        "nauc_mrr_at_5_std": -0.104601,
        "nauc_mrr_at_5_diff1": 0.867776,
        "nauc_mrr_at_10_max": 0.644289,
        "nauc_mrr_at_10_std": -0.102811,
        "nauc_mrr_at_10_diff1": 0.868608,
        "nauc_mrr_at_20_max": 0.643189,
        "nauc_mrr_at_20_std": -0.096574,
        "nauc_mrr_at_20_diff1": 0.868223,
        "nauc_mrr_at_100_max": 0.64263,
        "nauc_mrr_at_100_std": -0.096095,
        "nauc_mrr_at_100_diff1": 0.86833,
        "nauc_mrr_at_1000_max": 0.642677,
        "nauc_mrr_at_1000_std": -0.096086,
        "nauc_mrr_at_1000_diff1": 0.868378,
        "hit_rate_at_1": 0.82222,
        "hit_rate_at_3": 0.93333,
        "hit_rate_at_5": 0.93889,
        "hit_rate_at_10": 0.95556,
        "hit_rate_at_20": 0.97222,
        "hit_rate_at_100": 0.98333,
        "hit_rate_at_1000": 0.99444,
        "main_score": 0.88738,
        "hf_subset": "default",
        "languages": [
          "eng-Latn"
        ]
      }
    ],
    "dev": [
      {
        "ndcg_at_1": 0.875,
        "ndcg_at_3": 0.875,
        "ndcg_at_5": 0.875,
        "ndcg_at_10": 0.875,
        "ndcg_at_20": 0.875,
        "ndcg_at_100": 0.89833,
        "ndcg_at_1000": 0.89833,
        "map_at_1": 0.875,
        "map_at_3": 0.875,
        "map_at_5": 0.875,
        "map_at_10": 0.875,
        "map_at_20": 0.875,
        "map_at_100": 0.87813,
        "map_at_1000": 0.87813,
        "recall_at_1": 0.875,
        "recall_at_3": 0.875,
        "recall_at_5": 0.875,
        "recall_at_10": 0.875,
        "recall_at_20": 0.875,
        "recall_at_100": 1.0,
        "recall_at_1000": 1.0,
        "accuracy": 0.875,
        "precision_at_1": 0.875,
        "precision_at_3": 0.29167,
        "precision_at_5": 0.175,
        "precision_at_10": 0.0875,
        "precision_at_20": 0.04375,
        "precision_at_100": 0.01,
        "precision_at_1000": 0.001,
        "mrr_at_1": 0.875,
        "mrr_at_3": 0.875,
        "mrr_at_5": 0.875,
        "mrr_at_10": 0.875,
        "mrr_at_20": 0.875,
        "mrr_at_100": 0.878125,
        "mrr_at_1000": 0.878125,
        "nauc_ndcg_at_1_max": 1.0,
        "nauc_ndcg_at_1_std": 0.865546,
        "nauc_ndcg_at_1_diff1": 0.551821,
        "nauc_ndcg_at_3_max": 1.0,
        "nauc_ndcg_at_3_std": 0.865546,
        "nauc_ndcg_at_3_diff1": 0.551821,
        "nauc_ndcg_at_5_max": 1.0,
        "nauc_ndcg_at_5_std": 0.865546,
        "nauc_ndcg_at_5_diff1": 0.551821,
        "nauc_ndcg_at_10_max": 1.0,
        "nauc_ndcg_at_10_std": 0.865546,
        "nauc_ndcg_at_10_diff1": 0.551821,
        "nauc_ndcg_at_20_max": 1.0,
        "nauc_ndcg_at_20_std": 0.865546,
        "nauc_ndcg_at_20_diff1": 0.551821,
        "nauc_ndcg_at_100_max": 1.0,
        "nauc_ndcg_at_100_std": 0.865546,