{
  "dataset_revision": "5377aa18f309ec440ff6325a4c2cd3362c2cb8d7",
  "task_name": "ChemRxivRetrieval",
  "mteb_version": "2.12.15",
  "scores": {
    "test": [
      {
        "ndcg_at_1": 0.8066,
        "ndcg_at_3": 0.87984,
        "ndcg_at_5": 0.88954,
        "ndcg_at_10": 0.89624,
        "ndcg_at_20": 0.89916,
        "ndcg_at_100": 0.90106,
        "ndcg_at_1000": 0.90173,
        "map_at_1": 0.8066,
        "map_at_3": 0.86267,
        "map_at_5": 0.86809,
        "map_at_10": 0.87091,
        "map_at_20": 0.8717,
        "map_at_100": 0.87198,
        "map_at_1000": 0.87201,
        "recall_at_1": 0.8066,
        "recall_at_3": 0.9292,
        "recall_at_5": 0.9526,
        "recall_at_10": 0.973,
        "recall_at_20": 0.9846,
        "recall_at_100": 0.9946,
        "recall_at_1000": 0.9998,
        "accuracy": 0.8066,
        "precision_at_1": 0.8066,
        "precision_at_3": 0.30973,
        "precision_at_5": 0.19052,
        "precision_at_10": 0.0973,
        "precision_at_20": 0.04923,
        "precision_at_100": 0.00995,
        "precision_at_1000": 0.001,
        "mrr_at_1": 0.8066,
        "mrr_at_3": 0.862733,
        "mrr_at_5": 0.868143,
        "mrr_at_10": 0.87093,
        "mrr_at_20": 0.871725,
        "mrr_at_100": 0.872004,
        "mrr_at_1000": 0.872031,
        "nauc_ndcg_at_1_max": 0.531708,
        "nauc_ndcg_at_1_std": -0.215989,
        "nauc_ndcg_at_1_diff1": 0.838618,
        "nauc_ndcg_at_3_max": 0.594858,
        "nauc_ndcg_at_3_std": -0.204382,
        "nauc_ndcg_at_3_diff1": 0.817363,
        "nauc_ndcg_at_5_max": 0.591066,
        "nauc_ndcg_at_5_std": -0.207901,
        "nauc_ndcg_at_5_diff1": 0.819151,
        "nauc_ndcg_at_10_max": 0.586212,
        "nauc_ndcg_at_10_std": -0.207481,
        "nauc_ndcg_at_10_diff1": 0.821209,
        "nauc_ndcg_at_20_max": 0.581114,
        "nauc_ndcg_at_20_std": -0.202492,
        "nauc_ndcg_at_20_diff1": 0.820452,
        "nauc_ndcg_at_100_max": 0.576486,
        "nauc_ndcg_at_100_std": -0.204929,
        "nauc_ndcg_at_100_diff1": 0.821957,
        "nauc_ndcg_at_1000_max": 0.574306,
        "nauc_ndcg_at_1000_std": -0.207072,
        "nauc_ndcg_at_1000_diff1": 0.822782,
        "nauc_map_at_1_max": 0.531708,
        "nauc_map_at_1_std": -0.215989,
        "nauc_map_at_1_diff1": 0.838618,
        "nauc_map_at_3_max": 0.573073,
        "nauc_map_at_3_std": -0.209655,
        "nauc_map_at_3_diff1": 0.822763,
        "nauc_map_at_5_max": 0.570706,
        "nauc_map_at_5_std": -0.211094,
        "nauc_map_at_5_diff1": 0.823861,
        "nauc_map_at_10_max": 0.568651,
        "nauc_map_at_10_std": -0.211099,
        "nauc_map_at_10_diff1": 0.824676,
        "nauc_map_at_20_max": 0.567469,
        "nauc_map_at_20_std": -0.210094,
        "nauc_map_at_20_diff1": 0.824561,
        "nauc_map_at_100_max": 0.566976,
        "nauc_map_at_100_std": -0.210292,
        "nauc_map_at_100_diff1": 0.82476,
        "nauc_map_at_1000_max": 0.566906,
        "nauc_map_at_1000_std": -0.210349,
        "nauc_map_at_1000_diff1": 0.824784,
        "nauc_recall_at_1_max": 0.531708,
        "nauc_recall_at_1_std": -0.215989,
        "nauc_recall_at_1_diff1": 0.838618,
        "nauc_recall_at_3_max": 0.711915,
        "nauc_recall_at_3_std": -0.175106,
        "nauc_recall_at_3_diff1": 0.789777,
        "nauc_recall_at_5_max": 0.745348,
        "nauc_recall_at_5_std": -0.184513,
        "nauc_recall_at_5_diff1": 0.785531,
        "nauc_recall_at_10_max": 0.806128,
        "nauc_recall_at_10_std": -0.16002,
        "nauc_recall_at_10_diff1": 0.783051,
        "nauc_recall_at_20_max": 0.843562,
        "nauc_recall_at_20_std": 0.001898,
        "nauc_recall_at_20_diff1": 0.734039,
        "nauc_recall_at_100_max": 0.883892,
        "nauc_recall_at_100_std": 0.127589,
        "nauc_recall_at_100_diff1": 0.706073,
        "nauc_recall_at_1000_max": 1.0,
        "nauc_recall_at_1000_std": 0.869281,
        "nauc_recall_at_1000_diff1": 0.722222,
        "nauc_precision_at_1_max": 0.531708,
        "nauc_precision_at_1_std": -0.215989,
        "nauc_precision_at_1_diff1": 0.838618,
        "nauc_precision_at_3_max": 0.711915,
        "nauc_precision_at_3_std": -0.175106,
        "nauc_precision_at_3_diff1": 0.789777,
        "nauc_precision_at_5_max": 0.745348,
        "nauc_precision_at_5_std": -0.184513,
        "nauc_precision_at_5_diff1": 0.785531,
        "nauc_precision_at_10_max": 0.806128,
        "nauc_precision_at_10_std": -0.16002,
        "nauc_precision_at_10_diff1": 0.783051,
        "nauc_precision_at_20_max": 0.843562,
        "nauc_precision_at_20_std": 0.001898,
        "nauc_precision_at_20_diff1": 0.734039,
        "nauc_precision_at_100_max": 0.883892,
        "nauc_precision_at_100_std": 0.127589,
        "nauc_precision_at_100_diff1": 0.706073,
        "nauc_precision_at_1000_max": 1.0,
        "nauc_precision_at_1000_std": 0.869281,
        "nauc_precision_at_1000_diff1": 0.722222,
        "nauc_mrr_at_1_max": 0.531708,
        "nauc_mrr_at_1_std": -0.215989,
        "nauc_mrr_at_1_diff1": 0.838618,
        "nauc_mrr_at_3_max": 0.572856,
        "nauc_mrr_at_3_std": -0.210129,
        "nauc_mrr_at_3_diff1": 0.822672,
        "nauc_mrr_at_5_max": 0.570554,
        "nauc_mrr_at_5_std": -0.210731,
        "nauc_mrr_at_5_diff1": 0.823782,
        "nauc_mrr_at_10_max": 0.568576,
        "nauc_mrr_at_10_std": -0.211143,
        "nauc_mrr_at_10_diff1": 0.824643,
        "nauc_mrr_at_20_max": 0.567394,
        "nauc_mrr_at_20_std": -0.210137,
        "nauc_mrr_at_20_diff1": 0.824527,
        "nauc_mrr_at_100_max": 0.566901,
        "nauc_mrr_at_100_std": -0.210336,
        "nauc_mrr_at_100_diff1": 0.824726,
        "nauc_mrr_at_1000_max": 0.56683,
        "nauc_mrr_at_1000_std": -0.210393,
        "nauc_mrr_at_1000_diff1": 0.824751,
        "hit_rate_at_1": 0.8066,
        "hit_rate_at_3": 0.9292,
        "hit_rate_at_5": 0.9526,
        "hit_rate_at_10": 0.973,
        "hit_rate_at_20": 0.9846,
        "hit_rate_at_100": 0.9946,
        "hit_rate_at_1000": 0.9998,
        "main_score": 0.89624,
        "hf_subset": "default",
        "languages": [
          "eng-Latn"
        ]
      }
    ]
  },
  "evaluation_time": 515.327353477478,
  "kg_co2_emissions": null,
  "date": 1775780216.845534
}