{
  "dataset_revision": "1840e8a5ac6ec752bbdd97d543ead0189bc7c25b",
  "task_name": "ChemHotpotQARetrieval",
  "mteb_version": "2.12.15",
  "scores": {
    "train": [
      {
        "ndcg_at_1": 0.82778,
        "ndcg_at_3": 0.85698,
        "ndcg_at_5": 0.87085,
        "ndcg_at_10": 0.87981,
        "ndcg_at_20": 0.88441,
        "ndcg_at_100": 0.88871,
        "ndcg_at_1000": 0.89014,
        "map_at_1": 0.80833,
        "map_at_3": 0.8463,
        "map_at_5": 0.85407,
        "map_at_10": 0.85776,
        "map_at_20": 0.85923,
        "map_at_100": 0.86017,
        "map_at_1000": 0.86023,
        "recall_at_1": 0.80833,
        "recall_at_3": 0.88056,
        "recall_at_5": 0.91389,
        "recall_at_10": 0.94167,
        "recall_at_20": 0.95833,
        "recall_at_100": 0.97778,
        "recall_at_1000": 0.98889,
        "accuracy": 0.80833,
        "precision_at_1": 0.82778,
        "precision_at_3": 0.3037,
        "precision_at_5": 0.18889,
        "precision_at_10": 0.09722,
        "precision_at_20": 0.04944,
        "precision_at_100": 0.01017,
        "precision_at_1000": 0.00103,
        "mrr_at_1": 0.827778,
        "mrr_at_3": 0.85463,
        "mrr_at_5": 0.862407,
        "mrr_at_10": 0.866093,
        "mrr_at_20": 0.867567,
        "mrr_at_100": 0.867947,
        "mrr_at_1000": 0.868005,
        "nauc_ndcg_at_1_max": 0.57769,
        "nauc_ndcg_at_1_std": -0.277541,
        "nauc_ndcg_at_1_diff1": 0.89508,
        "nauc_ndcg_at_3_max": 0.503055,
        "nauc_ndcg_at_3_std": -0.358402,
        "nauc_ndcg_at_3_diff1": 0.796386,
        "nauc_ndcg_at_5_max": 0.46697,
        "nauc_ndcg_at_5_std": -0.414316,
        "nauc_ndcg_at_5_diff1": 0.790213,
        "nauc_ndcg_at_10_max": 0.454258,
        "nauc_ndcg_at_10_std": -0.415878,
        "nauc_ndcg_at_10_diff1": 0.781061,
        "nauc_ndcg_at_20_max": 0.437802,
        "nauc_ndcg_at_20_std": -0.423661,
        "nauc_ndcg_at_20_diff1": 0.779975,
        "nauc_ndcg_at_100_max": 0.463344,
        "nauc_ndcg_at_100_std": -0.3952,
        "nauc_ndcg_at_100_diff1": 0.8083,
        "nauc_ndcg_at_1000_max": 0.460929,
        "nauc_ndcg_at_1000_std": -0.388468,
        "nauc_ndcg_at_1000_diff1": 0.809395,
        "nauc_map_at_1_max": 0.459095,
        "nauc_map_at_1_std": -0.344368,
        "nauc_map_at_1_diff1": 0.819848,
        "nauc_map_at_3_max": 0.491595,
        "nauc_map_at_3_std": -0.358245,
        "nauc_map_at_3_diff1": 0.782988,
        "nauc_map_at_5_max": 0.472885,
        "nauc_map_at_5_std": -0.388342,
        "nauc_map_at_5_diff1": 0.779224,
        "nauc_map_at_10_max": 0.468492,
        "nauc_map_at_10_std": -0.387945,
        "nauc_map_at_10_diff1": 0.775831,
        "nauc_map_at_20_max": 0.464332,
        "nauc_map_at_20_std": -0.389874,
        "nauc_map_at_20_diff1": 0.775499,
        "nauc_map_at_100_max": 0.469367,
        "nauc_map_at_100_std": -0.385016,
        "nauc_map_at_100_diff1": 0.781168,
        "nauc_map_at_1000_max": 0.469249,
        "nauc_map_at_1000_std": -0.384748,
        "nauc_map_at_1000_diff1": 0.781163,
        "nauc_recall_at_1_max": 0.459095,
        "nauc_recall_at_1_std": -0.344368,
        "nauc_recall_at_1_diff1": 0.819848,
        "nauc_recall_at_3_max": 0.450236,
        "nauc_recall_at_3_std": -0.425388,
        "nauc_recall_at_3_diff1": 0.73584,
        "nauc_recall_at_5_max": 0.300337,
        "nauc_recall_at_5_std": -0.624153,
        "nauc_recall_at_5_diff1": 0.682495,
        "nauc_recall_at_10_max": 0.144347,
        "nauc_recall_at_10_std": -0.737651,
        "nauc_recall_at_10_diff1": 0.573763,
        "nauc_recall_at_20_max": -0.138469,
        "nauc_recall_at_20_std": -0.937348,
        "nauc_recall_at_20_diff1": 0.480143,
        "nauc_recall_at_100_max": -0.097456,
        "nauc_recall_at_100_std": -0.774276,
        "nauc_recall_at_100_diff1": 0.823179,
        "nauc_recall_at_1000_max": -0.80859,
        "nauc_recall_at_1000_std": -0.690943,
        "nauc_recall_at_1000_diff1": 0.934641,
        "nauc_precision_at_1_max": 0.57769,
        "nauc_precision_at_1_std": -0.277541,
        "nauc_precision_at_1_diff1": 0.89508,
        "nauc_precision_at_3_max": 0.457124,
        "nauc_precision_at_3_std": -0.18962,
        "nauc_precision_at_3_diff1": 0.508796,
        "nauc_precision_at_5_max": 0.35237,
        "nauc_precision_at_5_std": -0.276038,
        "nauc_precision_at_5_diff1": 0.414068,
        "nauc_precision_at_10_max": 0.266045,
        "nauc_precision_at_10_std": -0.241649,
        "nauc_precision_at_10_diff1": 0.258439,
        "nauc_precision_at_20_max": 0.130548,
        "nauc_precision_at_20_std": -0.242399,
        "nauc_precision_at_20_diff1": 0.131268,
        "nauc_precision_at_100_max": 0.241135,
        "nauc_precision_at_100_std": 0.173875,
        "nauc_precision_at_100_diff1": 0.182561,
        "nauc_precision_at_1000_max": 0.188589,
        "nauc_precision_at_1000_std": 0.319363,
        "nauc_precision_at_1000_diff1": 0.107925,
        "nauc_mrr_at_1_max": 0.57769,
        "nauc_mrr_at_1_std": -0.277541,
        "nauc_mrr_at_1_diff1": 0.89508,
        "nauc_mrr_at_3_max": 0.579324,
        "nauc_mrr_at_3_std": -0.296307,
        "nauc_mrr_at_3_diff1": 0.885856,
        "nauc_mrr_at_5_max": 0.564515,
        "nauc_mrr_at_5_std": -0.324577,
        "nauc_mrr_at_5_diff1": 0.887662,
        "nauc_mrr_at_10_max": 0.562505,
        "nauc_mrr_at_10_std": -0.322326,
        "nauc_mrr_at_10_diff1": 0.887192,
        "nauc_mrr_at_20_max": 0.5592,
        "nauc_mrr_at_20_std": -0.323604,
        "nauc_mrr_at_20_diff1": 0.888134,
        "nauc_mrr_at_100_max": 0.55956,
        "nauc_mrr_at_100_std": -0.322094,
        "nauc_mrr_at_100_diff1": 0.888027,
        "nauc_mrr_at_1000_max": 0.559476,
        "nauc_mrr_at_1000_std": -0.321782,
        "nauc_mrr_at_1000_diff1": 0.888071,
        "hit_rate_at_1": 0.82778,
        "hit_rate_at_3": 0.88889,
        "hit_rate_at_5": 0.92222,
        "hit_rate_at_10": 0.95,
        "hit_rate_at_20": 0.96667,
        "hit_rate_at_100": 0.97778,
        "hit_rate_at_1000": 0.98889,
        "main_score": 0.87981,
        "hf_subset": "default",
        "languages": [
          "eng-Latn"
        ]
      }
    ],
    "dev": [
      {
        "ndcg_at_1": 0.875,
        "ndcg_at_3": 0.875,
        "ndcg_at_5": 0.875,
        "ndcg_at_10": 0.875,
        "ndcg_at_20": 0.875,
        "ndcg_at_100": 0.875,
        "ndcg_at_1000": 0.89266,
        "map_at_1": 0.875,
        "map_at_3": 0.875,
        "map_at_5": 0.875,
        "map_at_10": 0.875,
        "map_at_20": 0.875,
        "map_at_100": 0.875,
        "map_at_1000": 0.87593,
        "recall_at_1": 0.875,
        "recall_at_3": 0.875,
        "recall_at_5": 0.875,
        "recall_at_10": 0.875,
        "recall_at_20": 0.875,
        "recall_at_100": 0.875,
        "recall_at_1000": 1.0,
        "accuracy": 0.875,
        "precision_at_1": 0.875,
        "precision_at_3": 0.29167,
        "precision_at_5": 0.175,
        "precision_at_10": 0.0875,
        "precision_at_20": 0.04375,
        "precision_at_100": 0.00875,
        "precision_at_1000": 0.001,
        "mrr_at_1": 0.875,
        "mrr_at_3": 0.875,
        "mrr_at_5": 0.875,
        "mrr_at_10": 0.875,
        "mrr_at_20": 0.875,
        "mrr_at_100": 0.875,
        "mrr_at_1000": 0.875933,
        "nauc_ndcg_at_1_max": 1.0,
        "nauc_ndcg_at_1_std": 0.865546,
        "nauc_ndcg_at_1_diff1": 0.865546,
        "nauc_ndcg_at_3_max": 1.0,
        "nauc_ndcg_at_3_std": 0.865546,
        "nauc_ndcg_at_3_diff1": 0.865546,
        "nauc_ndcg_at_5_max": 1.0,
        "nauc_ndcg_at_5_std": 0.865546,
        "nauc_ndcg_at_5_diff1": 0.865546,
        "nauc_ndcg_at_10_max": 1.0,
        "nauc_ndcg_at_10_std": 0.865546,
        "nauc_ndcg_at_10_diff1": 0.865546,
        "nauc_ndcg_at_20_max": 1.0,
        "nauc_ndcg_at_20_std": 0.865546,
        "nauc_ndcg_at_20_diff1": 0.865546,
        "nauc_ndcg_at_100_max": 1.0,
        "nauc_ndcg_at_100_std": 0.865546,