{
  "dataset_revision": "5d958fb6b31055495347724d46431ba41309b03a",
  "task_name": "ChemNQRetrieval",
  "mteb_version": "2.12.16",
  "scores": {
    "test": [
      {
        "ndcg_at_1": 0.37037,
        "ndcg_at_3": 0.52088,
        "ndcg_at_5": 0.54562,
        "ndcg_at_10": 0.56003,
        "ndcg_at_20": 0.60723,
        "ndcg_at_100": 0.62257,
        "ndcg_at_1000": 0.62659,
        "map_at_1": 0.2963,
        "map_at_3": 0.46605,
        "map_at_5": 0.48272,
        "map_at_10": 0.48948,
        "map_at_20": 0.50367,
        "map_at_100": 0.50714,
        "map_at_1000": 0.5072,
        "recall_at_1": 0.2963,
        "recall_at_3": 0.62346,
        "recall_at_5": 0.67901,
        "recall_at_10": 0.71605,
        "recall_at_20": 0.89506,
        "recall_at_100": 0.96296,
        "recall_at_1000": 1.0,
        "accuracy": 0.2963,
        "precision_at_1": 0.37037,
        "precision_at_3": 0.25926,
        "precision_at_5": 0.17037,
        "precision_at_10": 0.09259,
        "precision_at_20": 0.05741,
        "precision_at_100": 0.01259,
        "precision_at_1000": 0.0013,
        "mrr_at_1": 0.37037,
        "mrr_at_3": 0.524691,
        "mrr_at_5": 0.533951,
        "mrr_at_10": 0.539242,
        "mrr_at_20": 0.549421,
        "mrr_at_100": 0.550698,
        "mrr_at_1000": 0.550761,
        "nauc_ndcg_at_1_max": 0.34035,
        "nauc_ndcg_at_1_std": 0.113028,
        "nauc_ndcg_at_1_diff1": 0.327812,
        "nauc_ndcg_at_3_max": 0.394753,
        "nauc_ndcg_at_3_std": 0.109812,
        "nauc_ndcg_at_3_diff1": 0.326611,
        "nauc_ndcg_at_5_max": 0.37715,
        "nauc_ndcg_at_5_std": 0.077851,
        "nauc_ndcg_at_5_diff1": 0.277287,
        "nauc_ndcg_at_10_max": 0.480262,
        "nauc_ndcg_at_10_std": 0.169858,
        "nauc_ndcg_at_10_diff1": 0.349537,
        "nauc_ndcg_at_20_max": 0.433179,
        "nauc_ndcg_at_20_std": 0.124199,
        "nauc_ndcg_at_20_diff1": 0.322398,
        "nauc_ndcg_at_100_max": 0.433765,
        "nauc_ndcg_at_100_std": 0.110635,
        "nauc_ndcg_at_100_diff1": 0.335269,
        "nauc_ndcg_at_1000_max": 0.43166,
        "nauc_ndcg_at_1000_std": 0.122396,
        "nauc_ndcg_at_1000_diff1": 0.323827,
        "nauc_map_at_1_max": 0.278409,
        "nauc_map_at_1_std": 0.140861,
        "nauc_map_at_1_diff1": 0.274641,
        "nauc_map_at_3_max": 0.367495,
        "nauc_map_at_3_std": 0.076692,
        "nauc_map_at_3_diff1": 0.337383,
        "nauc_map_at_5_max": 0.362489,
        "nauc_map_at_5_std": 0.062804,
        "nauc_map_at_5_diff1": 0.305236,
        "nauc_map_at_10_max": 0.406918,
        "nauc_map_at_10_std": 0.102417,
        "nauc_map_at_10_diff1": 0.336982,
        "nauc_map_at_20_max": 0.394873,
        "nauc_map_at_20_std": 0.093902,
        "nauc_map_at_20_diff1": 0.326308,
        "nauc_map_at_100_max": 0.39506,
        "nauc_map_at_100_std": 0.091468,
        "nauc_map_at_100_diff1": 0.328493,
        "nauc_map_at_1000_max": 0.395026,
        "nauc_map_at_1000_std": 0.091611,
        "nauc_map_at_1000_diff1": 0.328349,
        "nauc_recall_at_1_max": 0.278409,
        "nauc_recall_at_1_std": 0.140861,
        "nauc_recall_at_1_diff1": 0.274641,
        "nauc_recall_at_3_max": 0.383144,
        "nauc_recall_at_3_std": 0.116384,
        "nauc_recall_at_3_diff1": 0.335526,
        "nauc_recall_at_5_max": 0.32625,
        "nauc_recall_at_5_std": 0.03028,
        "nauc_recall_at_5_diff1": 0.212005,
        "nauc_recall_at_10_max": 0.62198,
        "nauc_recall_at_10_std": 0.297239,
        "nauc_recall_at_10_diff1": 0.416177,
        "nauc_recall_at_20_max": 0.380792,
        "nauc_recall_at_20_std": -0.006619,
        "nauc_recall_at_20_diff1": 0.350543,
        "nauc_recall_at_100_max": 0.556079,
        "nauc_recall_at_100_std": -0.572623,
        "nauc_recall_at_100_diff1": 1.0,
        "nauc_recall_at_1000_max": NaN,
        "nauc_recall_at_1000_std": NaN,
        "nauc_recall_at_1000_diff1": NaN,
        "nauc_precision_at_1_max": 0.34035,
        "nauc_precision_at_1_std": 0.113028,
        "nauc_precision_at_1_diff1": 0.327812,
        "nauc_precision_at_3_max": 0.435835,
        "nauc_precision_at_3_std": 0.044249,
        "nauc_precision_at_3_diff1": 0.3184,
        "nauc_precision_at_5_max": 0.359535,
        "nauc_precision_at_5_std": 0.002801,
        "nauc_precision_at_5_diff1": 0.150433,
        "nauc_precision_at_10_max": 0.637383,
        "nauc_precision_at_10_std": 0.295204,
        "nauc_precision_at_10_diff1": 0.347674,
        "nauc_precision_at_20_max": 0.465785,
        "nauc_precision_at_20_std": 0.220889,
        "nauc_precision_at_20_diff1": 0.167445,
        "nauc_precision_at_100_max": 0.369882,
        "nauc_precision_at_100_std": 0.152857,
        "nauc_precision_at_100_diff1": 0.116059,
        "nauc_precision_at_1000_max": 0.352166,
        "nauc_precision_at_1000_std": 0.221882,
        "nauc_precision_at_1000_diff1": 0.031957,
        "nauc_mrr_at_1_max": 0.34035,
        "nauc_mrr_at_1_std": 0.113028,
        "nauc_mrr_at_1_diff1": 0.327812,
        "nauc_mrr_at_3_max": 0.429011,
        "nauc_mrr_at_3_std": 0.166001,
        "nauc_mrr_at_3_diff1": 0.277292,
        "nauc_mrr_at_5_max": 0.40825,
        "nauc_mrr_at_5_std": 0.139515,
        "nauc_mrr_at_5_diff1": 0.261559,
        "nauc_mrr_at_10_max": 0.443652,
        "nauc_mrr_at_10_std": 0.171531,
        "nauc_mrr_at_10_diff1": 0.285892,
        "nauc_mrr_at_20_max": 0.427345,
        "nauc_mrr_at_20_std": 0.153205,
        "nauc_mrr_at_20_diff1": 0.279696,
        "nauc_mrr_at_100_max": 0.426786,
        "nauc_mrr_at_100_std": 0.151455,
        "nauc_mrr_at_100_diff1": 0.281674,
        "nauc_mrr_at_1000_max": 0.426758,
        "nauc_mrr_at_1000_std": 0.15161,
        "nauc_mrr_at_1000_diff1": 0.28152,
        "hit_rate_at_1": 0.37037,
        "hit_rate_at_3": 0.7037,
        "hit_rate_at_5": 0.74074,
        "hit_rate_at_10": 0.77778,
        "hit_rate_at_20": 0.92593,
        "hit_rate_at_100": 0.96296,
        "hit_rate_at_1000": 1.0,
        "main_score": 0.56003,
        "hf_subset": "default",
        "languages": [
          "eng-Latn"
        ]
      }
    ]
  },
  "evaluation_time": 70.6179928779602,
  "kg_co2_emissions": null,
  "date": 1776146370.576942
}