{
  "dataset_revision": "5377aa18f309ec440ff6325a4c2cd3362c2cb8d7",
  "task_name": "ChemRxivRetrieval",
  "mteb_version": "2.12.20",
  "scores": {
    "test": [
      {
        "ndcg_at_1": 0.7728,
        "ndcg_at_3": 0.85613,
        "ndcg_at_5": 0.86745,
        "ndcg_at_10": 0.87531,
        "ndcg_at_20": 0.87905,
        "ndcg_at_100": 0.8818,
        "ndcg_at_1000": 0.88256,
        "map_at_1": 0.7728,
        "map_at_3": 0.83643,
        "map_at_5": 0.84273,
        "map_at_10": 0.846,
        "map_at_20": 0.84703,
        "map_at_100": 0.84744,
        "map_at_1000": 0.84746,
        "recall_at_1": 0.7728,
        "recall_at_3": 0.9128,
        "recall_at_5": 0.9402,
        "recall_at_10": 0.9644,
        "recall_at_20": 0.9792,
        "recall_at_100": 0.9936,
        "recall_at_1000": 0.9996,
        "accuracy": 0.7728,
        "precision_at_1": 0.7728,
        "precision_at_3": 0.30427,
        "precision_at_5": 0.18804,
        "precision_at_10": 0.09644,
        "precision_at_20": 0.04896,
        "precision_at_100": 0.00994,
        "precision_at_1000": 0.001,
        "mrr_at_1": 0.7732,
        "mrr_at_3": 0.836567,
        "mrr_at_5": 0.842957,
        "mrr_at_10": 0.846189,
        "mrr_at_20": 0.847219,
        "mrr_at_100": 0.847628,
        "mrr_at_1000": 0.847655,
        "nauc_ndcg_at_1_max": 0.461251,
        "nauc_ndcg_at_1_std": -0.227879,
        "nauc_ndcg_at_1_diff1": 0.801993,
        "nauc_ndcg_at_3_max": 0.519124,
        "nauc_ndcg_at_3_std": -0.216346,
        "nauc_ndcg_at_3_diff1": 0.77821,
        "nauc_ndcg_at_5_max": 0.51643,
        "nauc_ndcg_at_5_std": -0.21896,
        "nauc_ndcg_at_5_diff1": 0.780077,
        "nauc_ndcg_at_10_max": 0.518139,
        "nauc_ndcg_at_10_std": -0.210266,
        "nauc_ndcg_at_10_diff1": 0.782387,
        "nauc_ndcg_at_20_max": 0.510836,
        "nauc_ndcg_at_20_std": -0.213404,
        "nauc_ndcg_at_20_diff1": 0.783531,
        "nauc_ndcg_at_100_max": 0.505936,
        "nauc_ndcg_at_100_std": -0.215076,
        "nauc_ndcg_at_100_diff1": 0.785346,
        "nauc_ndcg_at_1000_max": 0.50422,
        "nauc_ndcg_at_1000_std": -0.216557,
        "nauc_ndcg_at_1000_diff1": 0.785625,
        "nauc_map_at_1_max": 0.461251,
        "nauc_map_at_1_std": -0.227879,
        "nauc_map_at_1_diff1": 0.801993,
        "nauc_map_at_3_max": 0.50107,
        "nauc_map_at_3_std": -0.221306,
        "nauc_map_at_3_diff1": 0.785111,
        "nauc_map_at_5_max": 0.498942,
        "nauc_map_at_5_std": -0.222792,
        "nauc_map_at_5_diff1": 0.786231,
        "nauc_map_at_10_max": 0.499431,
        "nauc_map_at_10_std": -0.219636,
        "nauc_map_at_10_diff1": 0.787204,
        "nauc_map_at_20_max": 0.497682,
        "nauc_map_at_20_std": -0.220418,
        "nauc_map_at_20_diff1": 0.787476,
        "nauc_map_at_100_max": 0.497074,
        "nauc_map_at_100_std": -0.2205,
        "nauc_map_at_100_diff1": 0.787689,
        "nauc_map_at_1000_max": 0.497032,
        "nauc_map_at_1000_std": -0.220531,
        "nauc_map_at_1000_diff1": 0.787699,
        "nauc_recall_at_1_max": 0.461251,
        "nauc_recall_at_1_std": -0.227879,
        "nauc_recall_at_1_diff1": 0.801993,
        "nauc_recall_at_3_max": 0.609762,
        "nauc_recall_at_3_std": -0.190419,
        "nauc_recall_at_3_diff1": 0.743959,
        "nauc_recall_at_5_max": 0.638476,
        "nauc_recall_at_5_std": -0.191346,
        "nauc_recall_at_5_diff1": 0.738289,
        "nauc_recall_at_10_max": 0.732142,
        "nauc_recall_at_10_std": -0.091228,
        "nauc_recall_at_10_diff1": 0.732079,
        "nauc_recall_at_20_max": 0.728776,
        "nauc_recall_at_20_std": -0.072277,
        "nauc_recall_at_20_diff1": 0.72141,
        "nauc_recall_at_100_max": 0.775721,
        "nauc_recall_at_100_std": 0.053294,
        "nauc_recall_at_100_diff1": 0.746601,
        "nauc_recall_at_1000_max": 0.934641,
        "nauc_recall_at_1000_std": 0.561391,
        "nauc_recall_at_1000_diff1": 0.777077,
        "nauc_precision_at_1_max": 0.461251,
        "nauc_precision_at_1_std": -0.227879,
        "nauc_precision_at_1_diff1": 0.801993,
        "nauc_precision_at_3_max": 0.609762,
        "nauc_precision_at_3_std": -0.190419,
        "nauc_precision_at_3_diff1": 0.743959,
        "nauc_precision_at_5_max": 0.638476,
        "nauc_precision_at_5_std": -0.191346,
        "nauc_precision_at_5_diff1": 0.738289,
        "nauc_precision_at_10_max": 0.732142,
        "nauc_precision_at_10_std": -0.091228,
        "nauc_precision_at_10_diff1": 0.732079,
        "nauc_precision_at_20_max": 0.728776,
        "nauc_precision_at_20_std": -0.072277,
        "nauc_precision_at_20_diff1": 0.72141,
        "nauc_precision_at_100_max": 0.775721,
        "nauc_precision_at_100_std": 0.053294,
        "nauc_precision_at_100_diff1": 0.746601,
        "nauc_precision_at_1000_max": 0.934641,
        "nauc_precision_at_1000_std": 0.561391,
        "nauc_precision_at_1000_diff1": 0.777077,
        "nauc_mrr_at_1_max": 0.46375,
        "nauc_mrr_at_1_std": -0.226345,
        "nauc_mrr_at_1_diff1": 0.801177,
        "nauc_mrr_at_3_max": 0.502798,
        "nauc_mrr_at_3_std": -0.219667,
        "nauc_mrr_at_3_diff1": 0.784637,
        "nauc_mrr_at_5_max": 0.500728,
        "nauc_mrr_at_5_std": -0.221134,
        "nauc_mrr_at_5_diff1": 0.785606,
        "nauc_mrr_at_10_max": 0.50127,
        "nauc_mrr_at_10_std": -0.218292,
        "nauc_mrr_at_10_diff1": 0.786615,
        "nauc_mrr_at_20_max": 0.499531,
        "nauc_mrr_at_20_std": -0.219069,
        "nauc_mrr_at_20_diff1": 0.786883,
        "nauc_mrr_at_100_max": 0.498927,
        "nauc_mrr_at_100_std": -0.219146,
        "nauc_mrr_at_100_diff1": 0.787094,
        "nauc_mrr_at_1000_max": 0.498885,
        "nauc_mrr_at_1000_std": -0.219176,
        "nauc_mrr_at_1000_diff1": 0.787104,
        "hit_rate_at_1": 0.7728,
        "hit_rate_at_3": 0.9128,
        "hit_rate_at_5": 0.9402,
        "hit_rate_at_10": 0.9644,
        "hit_rate_at_20": 0.9792,
        "hit_rate_at_100": 0.9936,
        "hit_rate_at_1000": 0.9996,
        "main_score": 0.87531,
        "hf_subset": "default",
        "languages": [
          "eng-Latn"
        ]
      }
    ]
  },
  "evaluation_time": 460.18157720565796,
  "kg_co2_emissions": null,
  "date": 1776413755.471014
}