{
  "dataset_revision": "5377aa18f309ec440ff6325a4c2cd3362c2cb8d7",
  "task_name": "ChemRxivRetrieval",
  "mteb_version": "2.12.15",
  "scores": {
    "test": [
      {
        "ndcg_at_1": 0.8052,
        "ndcg_at_3": 0.87631,
        "ndcg_at_5": 0.88724,
        "ndcg_at_10": 0.89277,
        "ndcg_at_20": 0.89663,
        "ndcg_at_100": 0.89878,
        "ndcg_at_1000": 0.8995,
        "map_at_1": 0.8052,
        "map_at_3": 0.8594,
        "map_at_5": 0.8655,
        "map_at_10": 0.8678,
        "map_at_20": 0.86892,
        "map_at_100": 0.86927,
        "map_at_1000": 0.86929,
        "recall_at_1": 0.8052,
        "recall_at_3": 0.925,
        "recall_at_5": 0.9514,
        "recall_at_10": 0.9684,
        "recall_at_20": 0.9832,
        "recall_at_100": 0.9942,
        "recall_at_1000": 0.9998,
        "accuracy": 0.8052,
        "precision_at_1": 0.8052,
        "precision_at_3": 0.30833,
        "precision_at_5": 0.19028,
        "precision_at_10": 0.09684,
        "precision_at_20": 0.04916,
        "precision_at_100": 0.00994,
        "precision_at_1000": 0.001,
        "mrr_at_1": 0.8052,
        "mrr_at_3": 0.8594,
        "mrr_at_5": 0.8655,
        "mrr_at_10": 0.867802,
        "mrr_at_20": 0.868925,
        "mrr_at_100": 0.869266,
        "mrr_at_1000": 0.869293,
        "nauc_ndcg_at_1_max": 0.54031,
        "nauc_ndcg_at_1_std": -0.189845,
        "nauc_ndcg_at_1_diff1": 0.827251,
        "nauc_ndcg_at_3_max": 0.60192,
        "nauc_ndcg_at_3_std": -0.177719,
        "nauc_ndcg_at_3_diff1": 0.807017,
        "nauc_ndcg_at_5_max": 0.604271,
        "nauc_ndcg_at_5_std": -0.185763,
        "nauc_ndcg_at_5_diff1": 0.811802,
        "nauc_ndcg_at_10_max": 0.598351,
        "nauc_ndcg_at_10_std": -0.182907,
        "nauc_ndcg_at_10_diff1": 0.811856,
        "nauc_ndcg_at_20_max": 0.592871,
        "nauc_ndcg_at_20_std": -0.176165,
        "nauc_ndcg_at_20_diff1": 0.811991,
        "nauc_ndcg_at_100_max": 0.587691,
        "nauc_ndcg_at_100_std": -0.178607,
        "nauc_ndcg_at_100_diff1": 0.812636,
        "nauc_ndcg_at_1000_max": 0.585425,
        "nauc_ndcg_at_1000_std": -0.181619,
        "nauc_ndcg_at_1000_diff1": 0.813503,
        "nauc_map_at_1_max": 0.54031,
        "nauc_map_at_1_std": -0.189845,
        "nauc_map_at_1_diff1": 0.827251,
        "nauc_map_at_3_max": 0.582391,
        "nauc_map_at_3_std": -0.183053,
        "nauc_map_at_3_diff1": 0.81243,
        "nauc_map_at_5_max": 0.58271,
        "nauc_map_at_5_std": -0.186789,
        "nauc_map_at_5_diff1": 0.814981,
        "nauc_map_at_10_max": 0.5802,
        "nauc_map_at_10_std": -0.186333,
        "nauc_map_at_10_diff1": 0.815083,
        "nauc_map_at_20_max": 0.578767,
        "nauc_map_at_20_std": -0.184808,
        "nauc_map_at_20_diff1": 0.81515,
        "nauc_map_at_100_max": 0.578121,
        "nauc_map_at_100_std": -0.185126,
        "nauc_map_at_100_diff1": 0.815218,
        "nauc_map_at_1000_max": 0.578055,
        "nauc_map_at_1000_std": -0.185189,
        "nauc_map_at_1000_diff1": 0.815243,
        "nauc_recall_at_1_max": 0.54031,
        "nauc_recall_at_1_std": -0.189845,
        "nauc_recall_at_1_diff1": 0.827251,
        "nauc_recall_at_3_max": 0.702271,
        "nauc_recall_at_3_std": -0.14917,
        "nauc_recall_at_3_diff1": 0.779969,
        "nauc_recall_at_5_max": 0.767853,
        "nauc_recall_at_5_std": -0.180157,
        "nauc_recall_at_5_diff1": 0.790508,
        "nauc_recall_at_10_max": 0.798996,
        "nauc_recall_at_10_std": -0.138381,
        "nauc_recall_at_10_diff1": 0.778995,
        "nauc_recall_at_20_max": 0.852869,
        "nauc_recall_at_20_std": 0.052632,
        "nauc_recall_at_20_diff1": 0.752779,
        "nauc_recall_at_100_max": 0.896407,
        "nauc_recall_at_100_std": 0.277343,
        "nauc_recall_at_100_diff1": 0.700264,
        "nauc_recall_at_1000_max": 1.0,
        "nauc_recall_at_1000_std": 1.0,
        "nauc_recall_at_1000_diff1": 0.869281,
        "nauc_precision_at_1_max": 0.54031,
        "nauc_precision_at_1_std": -0.189845,
        "nauc_precision_at_1_diff1": 0.827251,
        "nauc_precision_at_3_max": 0.702271,
        "nauc_precision_at_3_std": -0.14917,
        "nauc_precision_at_3_diff1": 0.779969,
        "nauc_precision_at_5_max": 0.767853,
        "nauc_precision_at_5_std": -0.180157,
        "nauc_precision_at_5_diff1": 0.790508,
        "nauc_precision_at_10_max": 0.798996,
        "nauc_precision_at_10_std": -0.138381,
        "nauc_precision_at_10_diff1": 0.778995,
        "nauc_precision_at_20_max": 0.852869,
        "nauc_precision_at_20_std": 0.052632,
        "nauc_precision_at_20_diff1": 0.752779,
        "nauc_precision_at_100_max": 0.896407,
        "nauc_precision_at_100_std": 0.277343,
        "nauc_precision_at_100_diff1": 0.700264,
        "nauc_precision_at_1000_max": 1.0,
        "nauc_precision_at_1000_std": 1.0,
        "nauc_precision_at_1000_diff1": 0.869281,
        "nauc_mrr_at_1_max": 0.54031,
        "nauc_mrr_at_1_std": -0.189845,
        "nauc_mrr_at_1_diff1": 0.827251,
        "nauc_mrr_at_3_max": 0.582391,
        "nauc_mrr_at_3_std": -0.183053,
        "nauc_mrr_at_3_diff1": 0.81243,
        "nauc_mrr_at_5_max": 0.58271,
        "nauc_mrr_at_5_std": -0.186789,
        "nauc_mrr_at_5_diff1": 0.814981,
        "nauc_mrr_at_10_max": 0.5802,
        "nauc_mrr_at_10_std": -0.186333,
        "nauc_mrr_at_10_diff1": 0.815083,
        "nauc_mrr_at_20_max": 0.578767,
        "nauc_mrr_at_20_std": -0.184808,
        "nauc_mrr_at_20_diff1": 0.81515,
        "nauc_mrr_at_100_max": 0.578121,
        "nauc_mrr_at_100_std": -0.185126,
        "nauc_mrr_at_100_diff1": 0.815218,
        "nauc_mrr_at_1000_max": 0.578055,
        "nauc_mrr_at_1000_std": -0.185189,
        "nauc_mrr_at_1000_diff1": 0.815243,
        "hit_rate_at_1": 0.8052,
        "hit_rate_at_3": 0.925,
        "hit_rate_at_5": 0.9514,
        "hit_rate_at_10": 0.9684,
        "hit_rate_at_20": 0.9832,
        "hit_rate_at_100": 0.9942,
        "hit_rate_at_1000": 0.9998,
        "main_score": 0.89277,
        "hf_subset": "default",
        "languages": [
          "eng-Latn"
        ]
      }
    ]
  },
  "evaluation_time": 510.41372299194336,
  "kg_co2_emissions": null,
  "date": 1775767006.691267
}