{
  "dataset_revision": "1840e8a5ac6ec752bbdd97d543ead0189bc7c25b",
  "task_name": "ChemHotpotQARetrieval",
  "mteb_version": "2.12.15",
  "scores": {
    "train": [
      {
        "ndcg_at_1": 0.82222,
        "ndcg_at_3": 0.84719,
        "ndcg_at_5": 0.86345,
        "ndcg_at_10": 0.87237,
        "ndcg_at_20": 0.87974,
        "ndcg_at_100": 0.8828,
        "ndcg_at_1000": 0.88419,
        "map_at_1": 0.80278,
        "map_at_3": 0.83704,
        "map_at_5": 0.8462,
        "map_at_10": 0.84986,
        "map_at_20": 0.85207,
        "map_at_100": 0.85276,
        "map_at_1000": 0.8528,
        "recall_at_1": 0.80278,
        "recall_at_3": 0.86944,
        "recall_at_5": 0.90833,
        "recall_at_10": 0.93611,
        "recall_at_20": 0.96389,
        "recall_at_100": 0.97778,
        "recall_at_1000": 0.98889,
        "accuracy": 0.80278,
        "precision_at_1": 0.82222,
        "precision_at_3": 0.3,
        "precision_at_5": 0.18778,
        "precision_at_10": 0.09667,
        "precision_at_20": 0.04972,
        "precision_at_100": 0.01017,
        "precision_at_1000": 0.00103,
        "mrr_at_1": 0.822222,
        "mrr_at_3": 0.84537,
        "mrr_at_5": 0.854537,
        "mrr_at_10": 0.858194,
        "mrr_at_20": 0.860408,
        "mrr_at_100": 0.860524,
        "mrr_at_1000": 0.86057,
        "nauc_ndcg_at_1_max": 0.601325,
        "nauc_ndcg_at_1_std": -0.182239,
        "nauc_ndcg_at_1_diff1": 0.887658,
        "nauc_ndcg_at_3_max": 0.552345,
        "nauc_ndcg_at_3_std": -0.222046,
        "nauc_ndcg_at_3_diff1": 0.800786,
        "nauc_ndcg_at_5_max": 0.517087,
        "nauc_ndcg_at_5_std": -0.290339,
        "nauc_ndcg_at_5_diff1": 0.793121,
        "nauc_ndcg_at_10_max": 0.498047,
        "nauc_ndcg_at_10_std": -0.316353,
        "nauc_ndcg_at_10_diff1": 0.78558,
        "nauc_ndcg_at_20_max": 0.485572,
        "nauc_ndcg_at_20_std": -0.308988,
        "nauc_ndcg_at_20_diff1": 0.781305,
        "nauc_ndcg_at_100_max": 0.511149,
        "nauc_ndcg_at_100_std": -0.272999,
        "nauc_ndcg_at_100_diff1": 0.810304,
        "nauc_ndcg_at_1000_max": 0.511042,
        "nauc_ndcg_at_1000_std": -0.26933,
        "nauc_ndcg_at_1000_diff1": 0.811423,
        "nauc_map_at_1_max": 0.484855,
        "nauc_map_at_1_std": -0.265139,
        "nauc_map_at_1_diff1": 0.818851,
        "nauc_map_at_3_max": 0.53517,
        "nauc_map_at_3_std": -0.240725,
        "nauc_map_at_3_diff1": 0.786971,
        "nauc_map_at_5_max": 0.516183,
        "nauc_map_at_5_std": -0.277001,
        "nauc_map_at_5_diff1": 0.782047,
        "nauc_map_at_10_max": 0.50968,
        "nauc_map_at_10_std": -0.284241,
        "nauc_map_at_10_diff1": 0.778704,
        "nauc_map_at_20_max": 0.507037,
        "nauc_map_at_20_std": -0.282302,
        "nauc_map_at_20_diff1": 0.77772,
        "nauc_map_at_100_max": 0.512359,
        "nauc_map_at_100_std": -0.276014,
        "nauc_map_at_100_diff1": 0.783851,
        "nauc_map_at_1000_max": 0.512323,
        "nauc_map_at_1000_std": -0.275919,
        "nauc_map_at_1000_diff1": 0.783857,
        "nauc_recall_at_1_max": 0.484855,
        "nauc_recall_at_1_std": -0.265139,
        "nauc_recall_at_1_diff1": 0.818851,
        "nauc_recall_at_3_max": 0.522952,
        "nauc_recall_at_3_std": -0.23484,
        "nauc_recall_at_3_diff1": 0.747905,
        "nauc_recall_at_5_max": 0.386201,
        "nauc_recall_at_5_std": -0.465311,
        "nauc_recall_at_5_diff1": 0.693815,
        "nauc_recall_at_10_max": 0.21392,
        "nauc_recall_at_10_std": -0.713981,
        "nauc_recall_at_10_diff1": 0.610827,
        "nauc_recall_at_20_max": -0.160562,
        "nauc_recall_at_20_std": -0.91945,
        "nauc_recall_at_20_diff1": 0.420276,
        "nauc_recall_at_100_max": -0.00922,
        "nauc_recall_at_100_std": -0.480159,
        "nauc_recall_at_100_diff1": 0.823179,
        "nauc_recall_at_1000_max": -0.514472,
        "nauc_recall_at_1000_std": -0.396825,
        "nauc_recall_at_1000_diff1": 0.934641,
        "nauc_precision_at_1_max": 0.601325,
        "nauc_precision_at_1_std": -0.182239,
        "nauc_precision_at_1_diff1": 0.887658,
        "nauc_precision_at_3_max": 0.514956,
        "nauc_precision_at_3_std": -0.041043,
        "nauc_precision_at_3_diff1": 0.527745,
        "nauc_precision_at_5_max": 0.414516,
        "nauc_precision_at_5_std": -0.159148,
        "nauc_precision_at_5_diff1": 0.428845,
        "nauc_precision_at_10_max": 0.306045,
        "nauc_precision_at_10_std": -0.237503,
        "nauc_precision_at_10_diff1": 0.294456,
        "nauc_precision_at_20_max": 0.141034,
        "nauc_precision_at_20_std": -0.149973,
        "nauc_precision_at_20_diff1": 0.058631,
        "nauc_precision_at_100_max": 0.262948,
        "nauc_precision_at_100_std": 0.282944,
        "nauc_precision_at_100_diff1": 0.174481,
        "nauc_precision_at_1000_max": 0.230073,
        "nauc_precision_at_1000_std": 0.402331,
        "nauc_precision_at_1000_diff1": 0.098706,
        "nauc_mrr_at_1_max": 0.601325,
        "nauc_mrr_at_1_std": -0.182239,
        "nauc_mrr_at_1_diff1": 0.887658,
        "nauc_mrr_at_3_max": 0.620251,
        "nauc_mrr_at_3_std": -0.165317,
        "nauc_mrr_at_3_diff1": 0.884421,
        "nauc_mrr_at_5_max": 0.60544,
        "nauc_mrr_at_5_std": -0.198905,
        "nauc_mrr_at_5_diff1": 0.885155,
        "nauc_mrr_at_10_max": 0.601001,
        "nauc_mrr_at_10_std": -0.204423,
        "nauc_mrr_at_10_diff1": 0.884418,
        "nauc_mrr_at_20_max": 0.599732,
        "nauc_mrr_at_20_std": -0.201051,
        "nauc_mrr_at_20_diff1": 0.885138,
        "nauc_mrr_at_100_max": 0.599771,
        "nauc_mrr_at_100_std": -0.199713,
        "nauc_mrr_at_100_diff1": 0.885038,
        "nauc_mrr_at_1000_max": 0.599763,
        "nauc_mrr_at_1000_std": -0.199586,
        "nauc_mrr_at_1000_diff1": 0.88508,
        "hit_rate_at_1": 0.82222,
        "hit_rate_at_3": 0.87778,
        "hit_rate_at_5": 0.91667,
        "hit_rate_at_10": 0.94444,
        "hit_rate_at_20": 0.97222,
        "hit_rate_at_100": 0.97778,
        "hit_rate_at_1000": 0.98889,
        "main_score": 0.87237,
        "hf_subset": "default",
        "languages": [
          "eng-Latn"
        ]
      }
    ],
    "dev": [
      {
        "ndcg_at_1": 0.875,
        "ndcg_at_3": 0.875,
        "ndcg_at_5": 0.875,
        "ndcg_at_10": 0.875,
        "ndcg_at_20": 0.875,
        "ndcg_at_100": 0.875,
        "ndcg_at_1000": 0.89277,
        "map_at_1": 0.875,
        "map_at_3": 0.875,
        "map_at_5": 0.875,
        "map_at_10": 0.875,
        "map_at_20": 0.875,
        "map_at_100": 0.875,
        "map_at_1000": 0.87596,
        "recall_at_1": 0.875,
        "recall_at_3": 0.875,
        "recall_at_5": 0.875,
        "recall_at_10": 0.875,
        "recall_at_20": 0.875,
        "recall_at_100": 0.875,
        "recall_at_1000": 1.0,
        "accuracy": 0.875,
        "precision_at_1": 0.875,
        "precision_at_3": 0.29167,
        "precision_at_5": 0.175,
        "precision_at_10": 0.0875,
        "precision_at_20": 0.04375,
        "precision_at_100": 0.00875,
        "precision_at_1000": 0.001,
        "mrr_at_1": 0.875,
        "mrr_at_3": 0.875,
        "mrr_at_5": 0.875,
        "mrr_at_10": 0.875,
        "mrr_at_20": 0.875,
        "mrr_at_100": 0.875,
        "mrr_at_1000": 0.875962,
        "nauc_ndcg_at_1_max": 1.0,
        "nauc_ndcg_at_1_std": 0.551821,
        "nauc_ndcg_at_1_diff1": 0.551821,
        "nauc_ndcg_at_3_max": 1.0,
        "nauc_ndcg_at_3_std": 0.551821,
        "nauc_ndcg_at_3_diff1": 0.551821,
        "nauc_ndcg_at_5_max": 1.0,
        "nauc_ndcg_at_5_std": 0.551821,
        "nauc_ndcg_at_5_diff1": 0.551821,
        "nauc_ndcg_at_10_max": 1.0,
        "nauc_ndcg_at_10_std": 0.551821,
        "nauc_ndcg_at_10_diff1": 0.551821,
        "nauc_ndcg_at_20_max": 1.0,
        "nauc_ndcg_at_20_std": 0.551821,
        "nauc_ndcg_at_20_diff1": 0.551821,
        "nauc_ndcg_at_100_max": 1.0,
        "nauc_ndcg_at_100_std": 0.551821,