{
  "dataset_revision": "1840e8a5ac6ec752bbdd97d543ead0189bc7c25b",
  "task_name": "ChemHotpotQARetrieval",
  "mteb_version": "2.12.20",
  "scores": {
    "train": [
      {
        "ndcg_at_1": 0.82222,
        "ndcg_at_3": 0.86194,
        "ndcg_at_5": 0.87556,
        "ndcg_at_10": 0.88455,
        "ndcg_at_20": 0.88747,
        "ndcg_at_100": 0.89057,
        "ndcg_at_1000": 0.89203,
        "map_at_1": 0.80278,
        "map_at_3": 0.84907,
        "map_at_5": 0.85657,
        "map_at_10": 0.86029,
        "map_at_20": 0.86115,
        "map_at_100": 0.86187,
        "map_at_1000": 0.86193,
        "recall_at_1": 0.80278,
        "recall_at_3": 0.89167,
        "recall_at_5": 0.925,
        "recall_at_10": 0.95278,
        "recall_at_20": 0.96389,
        "recall_at_100": 0.97778,
        "recall_at_1000": 0.98889,
        "accuracy": 0.80278,
        "precision_at_1": 0.82222,
        "precision_at_3": 0.30741,
        "precision_at_5": 0.19111,
        "precision_at_10": 0.09833,
        "precision_at_20": 0.04972,
        "precision_at_100": 0.01017,
        "precision_at_1000": 0.00103,
        "mrr_at_1": 0.822222,
        "mrr_at_3": 0.857407,
        "mrr_at_5": 0.864907,
        "mrr_at_10": 0.868627,
        "mrr_at_20": 0.869481,
        "mrr_at_100": 0.869627,
        "mrr_at_1000": 0.869686,
        "nauc_ndcg_at_1_max": 0.613085,
        "nauc_ndcg_at_1_std": -0.150207,
        "nauc_ndcg_at_1_diff1": 0.892145,
        "nauc_ndcg_at_3_max": 0.515835,
        "nauc_ndcg_at_3_std": -0.282973,
        "nauc_ndcg_at_3_diff1": 0.764868,
        "nauc_ndcg_at_5_max": 0.476143,
        "nauc_ndcg_at_5_std": -0.34632,
        "nauc_ndcg_at_5_diff1": 0.757514,
        "nauc_ndcg_at_10_max": 0.475133,
        "nauc_ndcg_at_10_std": -0.312026,
        "nauc_ndcg_at_10_diff1": 0.751077,
        "nauc_ndcg_at_20_max": 0.466433,
        "nauc_ndcg_at_20_std": -0.302543,
        "nauc_ndcg_at_20_diff1": 0.746096,
        "nauc_ndcg_at_100_max": 0.4922,
        "nauc_ndcg_at_100_std": -0.267817,
        "nauc_ndcg_at_100_diff1": 0.776261,
        "nauc_ndcg_at_1000_max": 0.488983,
        "nauc_ndcg_at_1000_std": -0.263642,
        "nauc_ndcg_at_1000_diff1": 0.778148,
        "nauc_map_at_1_max": 0.49561,
        "nauc_map_at_1_std": -0.226933,
        "nauc_map_at_1_diff1": 0.820974,
        "nauc_map_at_3_max": 0.508243,
        "nauc_map_at_3_std": -0.271557,
        "nauc_map_at_3_diff1": 0.758712,
        "nauc_map_at_5_max": 0.488743,
        "nauc_map_at_5_std": -0.303503,
        "nauc_map_at_5_diff1": 0.754578,
        "nauc_map_at_10_max": 0.488338,
        "nauc_map_at_10_std": -0.289458,
        "nauc_map_at_10_diff1": 0.752107,
        "nauc_map_at_20_max": 0.48635,
        "nauc_map_at_20_std": -0.287053,
        "nauc_map_at_20_diff1": 0.750927,
        "nauc_map_at_100_max": 0.491479,
        "nauc_map_at_100_std": -0.28131,
        "nauc_map_at_100_diff1": 0.757001,
        "nauc_map_at_1000_max": 0.491363,
        "nauc_map_at_1000_std": -0.281185,
        "nauc_map_at_1000_diff1": 0.757044,
        "nauc_recall_at_1_max": 0.49561,
        "nauc_recall_at_1_std": -0.226933,
        "nauc_recall_at_1_diff1": 0.820974,
        "nauc_recall_at_3_max": 0.443191,
        "nauc_recall_at_3_std": -0.402851,
        "nauc_recall_at_3_diff1": 0.67287,
        "nauc_recall_at_5_max": 0.249801,
        "nauc_recall_at_5_std": -0.681139,
        "nauc_recall_at_5_diff1": 0.595515,
        "nauc_recall_at_10_max": 0.115203,
        "nauc_recall_at_10_std": -0.646537,
        "nauc_recall_at_10_diff1": 0.456171,
        "nauc_recall_at_20_max": -0.094197,
        "nauc_recall_at_20_std": -0.641923,
        "nauc_recall_at_20_diff1": 0.308949,
        "nauc_recall_at_100_max": 0.098623,
        "nauc_recall_at_100_std": -0.102708,
        "nauc_recall_at_100_diff1": 0.674953,
        "nauc_recall_at_1000_max": -0.514472,
        "nauc_recall_at_1000_std": 0.358077,
        "nauc_recall_at_1000_diff1": 0.711718,
        "nauc_precision_at_1_max": 0.613085,
        "nauc_precision_at_1_std": -0.150207,
        "nauc_precision_at_1_diff1": 0.892145,
        "nauc_precision_at_3_max": 0.452155,
        "nauc_precision_at_3_std": -0.155768,
        "nauc_precision_at_3_diff1": 0.44428,
        "nauc_precision_at_5_max": 0.321875,
        "nauc_precision_at_5_std": -0.279893,
        "nauc_precision_at_5_diff1": 0.323821,
        "nauc_precision_at_10_max": 0.265735,
        "nauc_precision_at_10_std": -0.115109,
        "nauc_precision_at_10_diff1": 0.141663,
        "nauc_precision_at_20_max": 0.177102,
        "nauc_precision_at_20_std": -0.023733,
        "nauc_precision_at_20_diff1": 0.009056,
        "nauc_precision_at_100_max": 0.28961,
        "nauc_precision_at_100_std": 0.339902,
        "nauc_precision_at_100_diff1": 0.145916,
        "nauc_precision_at_1000_max": 0.230073,
        "nauc_precision_at_1000_std": 0.467323,
        "nauc_precision_at_1000_diff1": 0.076482,
        "nauc_mrr_at_1_max": 0.613085,
        "nauc_mrr_at_1_std": -0.150207,
        "nauc_mrr_at_1_diff1": 0.892145,
        "nauc_mrr_at_3_max": 0.598398,
        "nauc_mrr_at_3_std": -0.203945,
        "nauc_mrr_at_3_diff1": 0.862108,
        "nauc_mrr_at_5_max": 0.583028,
        "nauc_mrr_at_5_std": -0.233763,
        "nauc_mrr_at_5_diff1": 0.86373,
        "nauc_mrr_at_10_max": 0.585387,
        "nauc_mrr_at_10_std": -0.216847,
        "nauc_mrr_at_10_diff1": 0.864344,
        "nauc_mrr_at_20_max": 0.583948,
        "nauc_mrr_at_20_std": -0.213806,
        "nauc_mrr_at_20_diff1": 0.863863,
        "nauc_mrr_at_100_max": 0.583983,
        "nauc_mrr_at_100_std": -0.212018,
        "nauc_mrr_at_100_diff1": 0.863857,
        "nauc_mrr_at_1000_max": 0.583903,
        "nauc_mrr_at_1000_std": -0.211854,
        "nauc_mrr_at_1000_diff1": 0.863951,
        "hit_rate_at_1": 0.82222,
        "hit_rate_at_3": 0.9,
        "hit_rate_at_5": 0.93333,
        "hit_rate_at_10": 0.96111,
        "hit_rate_at_20": 0.97222,
        "hit_rate_at_100": 0.97778,
        "hit_rate_at_1000": 0.98889,
        "main_score": 0.88455,
        "hf_subset": "default",
        "languages": [
          "eng-Latn"
        ]
      }
    ],
    "dev": [
      {
        "ndcg_at_1": 0.875,
        "ndcg_at_3": 0.875,
        "ndcg_at_5": 0.875,
        "ndcg_at_10": 0.875,
        "ndcg_at_20": 0.875,
        "ndcg_at_100": 0.89591,
        "ndcg_at_1000": 0.89591,
        "map_at_1": 0.875,
        "map_at_3": 0.875,
        "map_at_5": 0.875,
        "map_at_10": 0.875,
        "map_at_20": 0.875,
        "map_at_100": 0.87702,
        "map_at_1000": 0.87702,
        "recall_at_1": 0.875,
        "recall_at_3": 0.875,
        "recall_at_5": 0.875,
        "recall_at_10": 0.875,
        "recall_at_20": 0.875,
        "recall_at_100": 1.0,
        "recall_at_1000": 1.0,
        "accuracy": 0.875,
        "precision_at_1": 0.875,
        "precision_at_3": 0.29167,
        "precision_at_5": 0.175,
        "precision_at_10": 0.0875,
        "precision_at_20": 0.04375,
        "precision_at_100": 0.01,
        "precision_at_1000": 0.001,
        "mrr_at_1": 0.875,
        "mrr_at_3": 0.875,
        "mrr_at_5": 0.875,
        "mrr_at_10": 0.875,
        "mrr_at_20": 0.875,
        "mrr_at_100": 0.877016,
        "mrr_at_1000": 0.877016,
        "nauc_ndcg_at_1_max": 0.865546,
        "nauc_ndcg_at_1_std": 0.865546,
        "nauc_ndcg_at_1_diff1": 0.363585,
        "nauc_ndcg_at_3_max": 0.865546,
        "nauc_ndcg_at_3_std": 0.865546,
        "nauc_ndcg_at_3_diff1": 0.363585,
        "nauc_ndcg_at_5_max": 0.865546,
        "nauc_ndcg_at_5_std": 0.865546,
        "nauc_ndcg_at_5_diff1": 0.363585,
        "nauc_ndcg_at_10_max": 0.865546,
        "nauc_ndcg_at_10_std": 0.865546,
        "nauc_ndcg_at_10_diff1": 0.363585,
        "nauc_ndcg_at_20_max": 0.865546,
        "nauc_ndcg_at_20_std": 0.865546,
        "nauc_ndcg_at_20_diff1": 0.363585,
        "nauc_ndcg_at_100_max": 0.865546,