{
  "dataset_revision": "5377aa18f309ec440ff6325a4c2cd3362c2cb8d7",
  "task_name": "ChemRxivRetrieval",
  "mteb_version": "2.12.20",
  "scores": {
    "test": [
      {
        "ndcg_at_1": 0.8136,
        "ndcg_at_3": 0.88331,
        "ndcg_at_5": 0.89373,
        "ndcg_at_10": 0.89918,
        "ndcg_at_20": 0.90256,
        "ndcg_at_100": 0.90433,
        "ndcg_at_1000": 0.90497,
        "map_at_1": 0.8136,
        "map_at_3": 0.86693,
        "map_at_5": 0.87273,
        "map_at_10": 0.87499,
        "map_at_20": 0.87595,
        "map_at_100": 0.8762,
        "map_at_1000": 0.87623,
        "recall_at_1": 0.8136,
        "recall_at_3": 0.9304,
        "recall_at_5": 0.9556,
        "recall_at_10": 0.9724,
        "recall_at_20": 0.9856,
        "recall_at_100": 0.995,
        "recall_at_1000": 1.0,
        "accuracy": 0.8136,
        "precision_at_1": 0.8136,
        "precision_at_3": 0.31013,
        "precision_at_5": 0.19112,
        "precision_at_10": 0.09724,
        "precision_at_20": 0.04928,
        "precision_at_100": 0.00995,
        "precision_at_1000": 0.001,
        "mrr_at_1": 0.8136,
        "mrr_at_3": 0.866867,
        "mrr_at_5": 0.872757,
        "mrr_at_10": 0.87498,
        "mrr_at_20": 0.875936,
        "mrr_at_100": 0.876192,
        "mrr_at_1000": 0.876216,
        "nauc_ndcg_at_1_max": 0.52112,
        "nauc_ndcg_at_1_std": -0.234924,
        "nauc_ndcg_at_1_diff1": 0.829607,
        "nauc_ndcg_at_3_max": 0.573873,
        "nauc_ndcg_at_3_std": -0.258357,
        "nauc_ndcg_at_3_diff1": 0.807711,
        "nauc_ndcg_at_5_max": 0.578949,
        "nauc_ndcg_at_5_std": -0.247856,
        "nauc_ndcg_at_5_diff1": 0.810304,
        "nauc_ndcg_at_10_max": 0.575859,
        "nauc_ndcg_at_10_std": -0.240769,
        "nauc_ndcg_at_10_diff1": 0.812605,
        "nauc_ndcg_at_20_max": 0.570936,
        "nauc_ndcg_at_20_std": -0.235279,
        "nauc_ndcg_at_20_diff1": 0.813445,
        "nauc_ndcg_at_100_max": 0.565455,
        "nauc_ndcg_at_100_std": -0.236817,
        "nauc_ndcg_at_100_diff1": 0.813579,
        "nauc_ndcg_at_1000_max": 0.563161,
        "nauc_ndcg_at_1000_std": -0.239178,
        "nauc_ndcg_at_1000_diff1": 0.814176,
        "nauc_map_at_1_max": 0.52112,
        "nauc_map_at_1_std": -0.234924,
        "nauc_map_at_1_diff1": 0.829607,
        "nauc_map_at_3_max": 0.557457,
        "nauc_map_at_3_std": -0.250391,
        "nauc_map_at_3_diff1": 0.813092,
        "nauc_map_at_5_max": 0.559137,
        "nauc_map_at_5_std": -0.244641,
        "nauc_map_at_5_diff1": 0.814636,
        "nauc_map_at_10_max": 0.557819,
        "nauc_map_at_10_std": -0.24193,
        "nauc_map_at_10_diff1": 0.81561,
        "nauc_map_at_20_max": 0.556623,
        "nauc_map_at_20_std": -0.240662,
        "nauc_map_at_20_diff1": 0.81579,
        "nauc_map_at_100_max": 0.556004,
        "nauc_map_at_100_std": -0.240768,
        "nauc_map_at_100_diff1": 0.815796,
        "nauc_map_at_1000_max": 0.555937,
        "nauc_map_at_1000_std": -0.240821,
        "nauc_map_at_1000_diff1": 0.81581,
        "nauc_recall_at_1_max": 0.52112,
        "nauc_recall_at_1_std": -0.234924,
        "nauc_recall_at_1_diff1": 0.829607,
        "nauc_recall_at_3_max": 0.659791,
        "nauc_recall_at_3_std": -0.300592,
        "nauc_recall_at_3_diff1": 0.780698,
        "nauc_recall_at_5_max": 0.73579,
        "nauc_recall_at_5_std": -0.27136,
        "nauc_recall_at_5_diff1": 0.778949,
        "nauc_recall_at_10_max": 0.795728,
        "nauc_recall_at_10_std": -0.215338,
        "nauc_recall_at_10_diff1": 0.781922,
        "nauc_recall_at_20_max": 0.870293,
        "nauc_recall_at_20_std": -0.056664,
        "nauc_recall_at_20_diff1": 0.776889,
        "nauc_recall_at_100_max": 0.891783,
        "nauc_recall_at_100_std": 0.111727,
        "nauc_recall_at_100_diff1": 0.724239,
        "nauc_recall_at_1000_max": NaN,
        "nauc_recall_at_1000_std": NaN,
        "nauc_recall_at_1000_diff1": NaN,
        "nauc_precision_at_1_max": 0.52112,
        "nauc_precision_at_1_std": -0.234924,
        "nauc_precision_at_1_diff1": 0.829607,
        "nauc_precision_at_3_max": 0.659791,
        "nauc_precision_at_3_std": -0.300592,
        "nauc_precision_at_3_diff1": 0.780698,
        "nauc_precision_at_5_max": 0.73579,
        "nauc_precision_at_5_std": -0.27136,
        "nauc_precision_at_5_diff1": 0.778949,
        "nauc_precision_at_10_max": 0.795728,
        "nauc_precision_at_10_std": -0.215338,
        "nauc_precision_at_10_diff1": 0.781922,
        "nauc_precision_at_20_max": 0.870293,
        "nauc_precision_at_20_std": -0.056664,
        "nauc_precision_at_20_diff1": 0.776889,
        "nauc_precision_at_100_max": 0.891783,
        "nauc_precision_at_100_std": 0.111727,
        "nauc_precision_at_100_diff1": 0.724239,
        "nauc_precision_at_1000_max": 1.0,
        "nauc_precision_at_1000_std": 1.0,
        "nauc_precision_at_1000_diff1": 1.0,
        "nauc_mrr_at_1_max": 0.52112,
        "nauc_mrr_at_1_std": -0.234924,
        "nauc_mrr_at_1_diff1": 0.829607,
        "nauc_mrr_at_3_max": 0.557353,
        "nauc_mrr_at_3_std": -0.250862,
        "nauc_mrr_at_3_diff1": 0.81319,
        "nauc_mrr_at_5_max": 0.559175,
        "nauc_mrr_at_5_std": -0.244887,
        "nauc_mrr_at_5_diff1": 0.814812,
        "nauc_mrr_at_10_max": 0.557802,
        "nauc_mrr_at_10_std": -0.242078,
        "nauc_mrr_at_10_diff1": 0.815662,
        "nauc_mrr_at_20_max": 0.556605,
        "nauc_mrr_at_20_std": -0.240806,
        "nauc_mrr_at_20_diff1": 0.815841,
        "nauc_mrr_at_100_max": 0.555985,
        "nauc_mrr_at_100_std": -0.240912,
        "nauc_mrr_at_100_diff1": 0.815847,
        "nauc_mrr_at_1000_max": 0.555919,
        "nauc_mrr_at_1000_std": -0.240965,
        "nauc_mrr_at_1000_diff1": 0.81586,
        "hit_rate_at_1": 0.8136,
        "hit_rate_at_3": 0.9304,
        "hit_rate_at_5": 0.9556,
        "hit_rate_at_10": 0.9724,
        "hit_rate_at_20": 0.9856,
        "hit_rate_at_100": 0.995,
        "hit_rate_at_1000": 1.0,
        "main_score": 0.89918,
        "hf_subset": "default",
        "languages": [
          "eng-Latn"
        ]
      }
    ]
  },
  "evaluation_time": 468.78733944892883,
  "kg_co2_emissions": null,
  "date": 1776408755.607093
}