{
  "dataset_revision": "5377aa18f309ec440ff6325a4c2cd3362c2cb8d7",
  "task_name": "ChemRxivRetrieval",
  "mteb_version": "2.12.16",
  "scores": {
    "test": [
      {
        "ndcg_at_1": 0.811,
        "ndcg_at_3": 0.88102,
        "ndcg_at_5": 0.89042,
        "ndcg_at_10": 0.89645,
        "ndcg_at_20": 0.89987,
        "ndcg_at_100": 0.90178,
        "ndcg_at_1000": 0.90254,
        "map_at_1": 0.811,
        "map_at_3": 0.8643,
        "map_at_5": 0.86957,
        "map_at_10": 0.87207,
        "map_at_20": 0.87302,
        "map_at_100": 0.87331,
        "map_at_1000": 0.87334,
        "recall_at_1": 0.811,
        "recall_at_3": 0.9292,
        "recall_at_5": 0.9518,
        "recall_at_10": 0.9704,
        "recall_at_20": 0.9838,
        "recall_at_100": 0.9938,
        "recall_at_1000": 0.9998,
        "accuracy": 0.811,
        "precision_at_1": 0.811,
        "precision_at_3": 0.30973,
        "precision_at_5": 0.19036,
        "precision_at_10": 0.09704,
        "precision_at_20": 0.04919,
        "precision_at_100": 0.00994,
        "precision_at_1000": 0.001,
        "mrr_at_1": 0.811,
        "mrr_at_3": 0.8643,
        "mrr_at_5": 0.86961,
        "mrr_at_10": 0.87208,
        "mrr_at_20": 0.873031,
        "mrr_at_100": 0.873315,
        "mrr_at_1000": 0.873344,
        "nauc_ndcg_at_1_max": 0.529424,
        "nauc_ndcg_at_1_std": -0.217937,
        "nauc_ndcg_at_1_diff1": 0.827449,
        "nauc_ndcg_at_3_max": 0.599811,
        "nauc_ndcg_at_3_std": -0.202835,
        "nauc_ndcg_at_3_diff1": 0.807575,
        "nauc_ndcg_at_5_max": 0.604874,
        "nauc_ndcg_at_5_std": -0.19717,
        "nauc_ndcg_at_5_diff1": 0.811568,
        "nauc_ndcg_at_10_max": 0.595455,
        "nauc_ndcg_at_10_std": -0.201971,
        "nauc_ndcg_at_10_diff1": 0.812643,
        "nauc_ndcg_at_20_max": 0.590671,
        "nauc_ndcg_at_20_std": -0.193994,
        "nauc_ndcg_at_20_diff1": 0.812188,
        "nauc_ndcg_at_100_max": 0.585256,
        "nauc_ndcg_at_100_std": -0.196597,
        "nauc_ndcg_at_100_diff1": 0.813133,
        "nauc_ndcg_at_1000_max": 0.582582,
        "nauc_ndcg_at_1000_std": -0.200425,
        "nauc_ndcg_at_1000_diff1": 0.8138,
        "nauc_map_at_1_max": 0.529424,
        "nauc_map_at_1_std": -0.217937,
        "nauc_map_at_1_diff1": 0.827449,
        "nauc_map_at_3_max": 0.578097,
        "nauc_map_at_3_std": -0.207421,
        "nauc_map_at_3_diff1": 0.812676,
        "nauc_map_at_5_max": 0.579567,
        "nauc_map_at_5_std": -0.204806,
        "nauc_map_at_5_diff1": 0.814789,
        "nauc_map_at_10_max": 0.575903,
        "nauc_map_at_10_std": -0.206328,
        "nauc_map_at_10_diff1": 0.815177,
        "nauc_map_at_20_max": 0.57474,
        "nauc_map_at_20_std": -0.204831,
        "nauc_map_at_20_diff1": 0.815131,
        "nauc_map_at_100_max": 0.574123,
        "nauc_map_at_100_std": -0.205085,
        "nauc_map_at_100_diff1": 0.815271,
        "nauc_map_at_1000_max": 0.574041,
        "nauc_map_at_1000_std": -0.205194,
        "nauc_map_at_1000_diff1": 0.815287,
        "nauc_recall_at_1_max": 0.529424,
        "nauc_recall_at_1_std": -0.217937,
        "nauc_recall_at_1_diff1": 0.827449,
        "nauc_recall_at_3_max": 0.71353,
        "nauc_recall_at_3_std": -0.178876,
        "nauc_recall_at_3_diff1": 0.781691,
        "nauc_recall_at_5_max": 0.793515,
        "nauc_recall_at_5_std": -0.13926,
        "nauc_recall_at_5_diff1": 0.790453,
        "nauc_recall_at_10_max": 0.814262,
        "nauc_recall_at_10_std": -0.15779,
        "nauc_recall_at_10_diff1": 0.789231,
        "nauc_recall_at_20_max": 0.882024,
        "nauc_recall_at_20_std": 0.076708,
        "nauc_recall_at_20_diff1": 0.757473,
        "nauc_recall_at_100_max": 0.912201,
        "nauc_recall_at_100_std": 0.292295,
        "nauc_recall_at_100_diff1": 0.737719,
        "nauc_recall_at_1000_max": 1.0,
        "nauc_recall_at_1000_std": 1.0,
        "nauc_recall_at_1000_diff1": 1.0,
        "nauc_precision_at_1_max": 0.529424,
        "nauc_precision_at_1_std": -0.217937,
        "nauc_precision_at_1_diff1": 0.827449,
        "nauc_precision_at_3_max": 0.71353,
        "nauc_precision_at_3_std": -0.178876,
        "nauc_precision_at_3_diff1": 0.781691,
        "nauc_precision_at_5_max": 0.793515,
        "nauc_precision_at_5_std": -0.13926,
        "nauc_precision_at_5_diff1": 0.790453,
        "nauc_precision_at_10_max": 0.814262,
        "nauc_precision_at_10_std": -0.15779,
        "nauc_precision_at_10_diff1": 0.789231,
        "nauc_precision_at_20_max": 0.882024,
        "nauc_precision_at_20_std": 0.076708,
        "nauc_precision_at_20_diff1": 0.757473,
        "nauc_precision_at_100_max": 0.912201,
        "nauc_precision_at_100_std": 0.292295,
        "nauc_precision_at_100_diff1": 0.737719,
        "nauc_precision_at_1000_max": 1.0,
        "nauc_precision_at_1000_std": 1.0,
        "nauc_precision_at_1000_diff1": 1.0,
        "nauc_mrr_at_1_max": 0.529424,
        "nauc_mrr_at_1_std": -0.217937,
        "nauc_mrr_at_1_diff1": 0.827449,
        "nauc_mrr_at_3_max": 0.578097,
        "nauc_mrr_at_3_std": -0.207421,
        "nauc_mrr_at_3_diff1": 0.812676,
        "nauc_mrr_at_5_max": 0.579432,
        "nauc_mrr_at_5_std": -0.204502,
        "nauc_mrr_at_5_diff1": 0.814729,
        "nauc_mrr_at_10_max": 0.57588,
        "nauc_mrr_at_10_std": -0.206276,
        "nauc_mrr_at_10_diff1": 0.815167,
        "nauc_mrr_at_20_max": 0.574716,
        "nauc_mrr_at_20_std": -0.204779,
        "nauc_mrr_at_20_diff1": 0.815121,
        "nauc_mrr_at_100_max": 0.5741,
        "nauc_mrr_at_100_std": -0.205033,
        "nauc_mrr_at_100_diff1": 0.815261,
        "nauc_mrr_at_1000_max": 0.574017,
        "nauc_mrr_at_1000_std": -0.205141,
        "nauc_mrr_at_1000_diff1": 0.815277,
        "hit_rate_at_1": 0.811,
        "hit_rate_at_3": 0.9292,
        "hit_rate_at_5": 0.9518,
        "hit_rate_at_10": 0.9704,
        "hit_rate_at_20": 0.9838,
        "hit_rate_at_100": 0.9938,
        "hit_rate_at_1000": 0.9998,
        "main_score": 0.89645,
        "hf_subset": "default",
        "languages": [
          "eng-Latn"
        ]
      }
    ]
  },
  "evaluation_time": 435.4769551753998,
  "kg_co2_emissions": null,
  "date": 1778644318.149408
}