{
  "dataset_revision": "5377aa18f309ec440ff6325a4c2cd3362c2cb8d7",
  "task_name": "ChemRxivRetrieval",
  "mteb_version": "2.12.20",
  "scores": {
    "test": [
      {
        "ndcg_at_1": 0.6804,
        "ndcg_at_3": 0.77763,
        "ndcg_at_5": 0.79783,
        "ndcg_at_10": 0.80929,
        "ndcg_at_20": 0.8152,
        "ndcg_at_100": 0.8209,
        "ndcg_at_1000": 0.82278,
        "map_at_1": 0.6804,
        "map_at_3": 0.75427,
        "map_at_5": 0.76554,
        "map_at_10": 0.77035,
        "map_at_20": 0.772,
        "map_at_100": 0.77285,
        "map_at_1000": 0.77293,
        "recall_at_1": 0.6804,
        "recall_at_3": 0.845,
        "recall_at_5": 0.8938,
        "recall_at_10": 0.9288,
        "recall_at_20": 0.952,
        "recall_at_100": 0.9818,
        "recall_at_1000": 0.9964,
        "accuracy": 0.6804,
        "precision_at_1": 0.6804,
        "precision_at_3": 0.28167,
        "precision_at_5": 0.17876,
        "precision_at_10": 0.09288,
        "precision_at_20": 0.0476,
        "precision_at_100": 0.00982,
        "precision_at_1000": 0.001,
        "mrr_at_1": 0.6808,
        "mrr_at_3": 0.7544,
        "mrr_at_5": 0.76576,
        "mrr_at_10": 0.770574,
        "mrr_at_20": 0.772221,
        "mrr_at_100": 0.773077,
        "mrr_at_1000": 0.773151,
        "nauc_ndcg_at_1_max": 0.377261,
        "nauc_ndcg_at_1_std": -0.151984,
        "nauc_ndcg_at_1_diff1": 0.73558,
        "nauc_ndcg_at_3_max": 0.421441,
        "nauc_ndcg_at_3_std": -0.117453,
        "nauc_ndcg_at_3_diff1": 0.698918,
        "nauc_ndcg_at_5_max": 0.434066,
        "nauc_ndcg_at_5_std": -0.105632,
        "nauc_ndcg_at_5_diff1": 0.699293,
        "nauc_ndcg_at_10_max": 0.435402,
        "nauc_ndcg_at_10_std": -0.100247,
        "nauc_ndcg_at_10_diff1": 0.705588,
        "nauc_ndcg_at_20_max": 0.430995,
        "nauc_ndcg_at_20_std": -0.100795,
        "nauc_ndcg_at_20_diff1": 0.708042,
        "nauc_ndcg_at_100_max": 0.424438,
        "nauc_ndcg_at_100_std": -0.106552,
        "nauc_ndcg_at_100_diff1": 0.709852,
        "nauc_ndcg_at_1000_max": 0.421835,
        "nauc_ndcg_at_1000_std": -0.109687,
        "nauc_ndcg_at_1000_diff1": 0.709928,
        "nauc_map_at_1_max": 0.377261,
        "nauc_map_at_1_std": -0.151984,
        "nauc_map_at_1_diff1": 0.73558,
        "nauc_map_at_3_max": 0.409266,
        "nauc_map_at_3_std": -0.127627,
        "nauc_map_at_3_diff1": 0.708723,
        "nauc_map_at_5_max": 0.414986,
        "nauc_map_at_5_std": -0.122293,
        "nauc_map_at_5_diff1": 0.709315,
        "nauc_map_at_10_max": 0.415092,
        "nauc_map_at_10_std": -0.120768,
        "nauc_map_at_10_diff1": 0.711682,
        "nauc_map_at_20_max": 0.413936,
        "nauc_map_at_20_std": -0.12101,
        "nauc_map_at_20_diff1": 0.712286,
        "nauc_map_at_100_max": 0.413016,
        "nauc_map_at_100_std": -0.121642,
        "nauc_map_at_100_diff1": 0.712505,
        "nauc_map_at_1000_max": 0.412951,
        "nauc_map_at_1000_std": -0.121713,
        "nauc_map_at_1000_diff1": 0.712519,
        "nauc_recall_at_1_max": 0.377261,
        "nauc_recall_at_1_std": -0.151984,
        "nauc_recall_at_1_diff1": 0.73558,
        "nauc_recall_at_3_max": 0.472126,
        "nauc_recall_at_3_std": -0.074669,
        "nauc_recall_at_3_diff1": 0.658299,
        "nauc_recall_at_5_max": 0.543933,
        "nauc_recall_at_5_std": -0.008656,
        "nauc_recall_at_5_diff1": 0.64397,
        "nauc_recall_at_10_max": 0.605334,
        "nauc_recall_at_10_std": 0.077154,
        "nauc_recall_at_10_diff1": 0.664616,
        "nauc_recall_at_20_max": 0.627994,
        "nauc_recall_at_20_std": 0.154015,
        "nauc_recall_at_20_diff1": 0.677859,
        "nauc_recall_at_100_max": 0.661952,
        "nauc_recall_at_100_std": 0.286304,
        "nauc_recall_at_100_diff1": 0.712916,
        "nauc_recall_at_1000_max": 0.692344,
        "nauc_recall_at_1000_std": 0.727176,
        "nauc_recall_at_1000_diff1": 0.720666,
        "nauc_precision_at_1_max": 0.377261,
        "nauc_precision_at_1_std": -0.151984,
        "nauc_precision_at_1_diff1": 0.73558,
        "nauc_precision_at_3_max": 0.472126,
        "nauc_precision_at_3_std": -0.074669,
        "nauc_precision_at_3_diff1": 0.658299,
        "nauc_precision_at_5_max": 0.543933,
        "nauc_precision_at_5_std": -0.008656,
        "nauc_precision_at_5_diff1": 0.64397,
        "nauc_precision_at_10_max": 0.605334,
        "nauc_precision_at_10_std": 0.077154,
        "nauc_precision_at_10_diff1": 0.664616,
        "nauc_precision_at_20_max": 0.627994,
        "nauc_precision_at_20_std": 0.154015,
        "nauc_precision_at_20_diff1": 0.677859,
        "nauc_precision_at_100_max": 0.661952,
        "nauc_precision_at_100_std": 0.286304,
        "nauc_precision_at_100_diff1": 0.712916,
        "nauc_precision_at_1000_max": 0.692344,
        "nauc_precision_at_1000_std": 0.727176,
        "nauc_precision_at_1000_diff1": 0.720666,
        "nauc_mrr_at_1_max": 0.37845,
        "nauc_mrr_at_1_std": -0.151346,
        "nauc_mrr_at_1_diff1": 0.734702,
        "nauc_mrr_at_3_max": 0.410778,
        "nauc_mrr_at_3_std": -0.12779,
        "nauc_mrr_at_3_diff1": 0.708267,
        "nauc_mrr_at_5_max": 0.416005,
        "nauc_mrr_at_5_std": -0.121959,
        "nauc_mrr_at_5_diff1": 0.708657,
        "nauc_mrr_at_10_max": 0.416135,
        "nauc_mrr_at_10_std": -0.120426,
        "nauc_mrr_at_10_diff1": 0.71101,
        "nauc_mrr_at_20_max": 0.414986,
        "nauc_mrr_at_20_std": -0.120665,
        "nauc_mrr_at_20_diff1": 0.711609,
        "nauc_mrr_at_100_max": 0.414071,
        "nauc_mrr_at_100_std": -0.121294,
        "nauc_mrr_at_100_diff1": 0.711824,
        "nauc_mrr_at_1000_max": 0.414006,
        "nauc_mrr_at_1000_std": -0.121365,
        "nauc_mrr_at_1000_diff1": 0.711838,
        "hit_rate_at_1": 0.6804,
        "hit_rate_at_3": 0.845,
        "hit_rate_at_5": 0.8938,
        "hit_rate_at_10": 0.9288,
        "hit_rate_at_20": 0.952,
        "hit_rate_at_100": 0.9818,
        "hit_rate_at_1000": 0.9964,
        "main_score": 0.80929,
        "hf_subset": "default",
        "languages": [
          "eng-Latn"
        ]
      }
    ]
  },
  "evaluation_time": 461.7747881412506,
  "kg_co2_emissions": null,
  "date": 1776451154.70917
}