{
  "dataset_revision": "5377aa18f309ec440ff6325a4c2cd3362c2cb8d7",
  "task_name": "ChemRxivRetrieval",
  "mteb_version": "2.12.16",
  "scores": {
    "test": [
      {
        "ndcg_at_1": 0.8066,
        "ndcg_at_3": 0.87832,
        "ndcg_at_5": 0.8894,
        "ndcg_at_10": 0.89499,
        "ndcg_at_20": 0.89849,
        "ndcg_at_100": 0.9005,
        "ndcg_at_1000": 0.90117,
        "map_at_1": 0.8066,
        "map_at_3": 0.8614,
        "map_at_5": 0.86762,
        "map_at_10": 0.86994,
        "map_at_20": 0.87094,
        "map_at_100": 0.87125,
        "map_at_1000": 0.87128,
        "recall_at_1": 0.8066,
        "recall_at_3": 0.927,
        "recall_at_5": 0.9536,
        "recall_at_10": 0.9708,
        "recall_at_20": 0.9844,
        "recall_at_100": 0.9948,
        "recall_at_1000": 1.0,
        "accuracy": 0.8066,
        "precision_at_1": 0.8066,
        "precision_at_3": 0.309,
        "precision_at_5": 0.19072,
        "precision_at_10": 0.09708,
        "precision_at_20": 0.04922,
        "precision_at_100": 0.00995,
        "precision_at_1000": 0.001,
        "mrr_at_1": 0.8066,
        "mrr_at_3": 0.861433,
        "mrr_at_5": 0.867653,
        "mrr_at_10": 0.869975,
        "mrr_at_20": 0.870971,
        "mrr_at_100": 0.871283,
        "mrr_at_1000": 0.871309,
        "nauc_ndcg_at_1_max": 0.509672,
        "nauc_ndcg_at_1_std": -0.233087,
        "nauc_ndcg_at_1_diff1": 0.825128,
        "nauc_ndcg_at_3_max": 0.574786,
        "nauc_ndcg_at_3_std": -0.223655,
        "nauc_ndcg_at_3_diff1": 0.804293,
        "nauc_ndcg_at_5_max": 0.577917,
        "nauc_ndcg_at_5_std": -0.224134,
        "nauc_ndcg_at_5_diff1": 0.810553,
        "nauc_ndcg_at_10_max": 0.571207,
        "nauc_ndcg_at_10_std": -0.223935,
        "nauc_ndcg_at_10_diff1": 0.810458,
        "nauc_ndcg_at_20_max": 0.566168,
        "nauc_ndcg_at_20_std": -0.219062,
        "nauc_ndcg_at_20_diff1": 0.810365,
        "nauc_ndcg_at_100_max": 0.560322,
        "nauc_ndcg_at_100_std": -0.21954,
        "nauc_ndcg_at_100_diff1": 0.811994,
        "nauc_ndcg_at_1000_max": 0.557751,
        "nauc_ndcg_at_1000_std": -0.223462,
        "nauc_ndcg_at_1000_diff1": 0.812296,
        "nauc_map_at_1_max": 0.509672,
        "nauc_map_at_1_std": -0.233087,
        "nauc_map_at_1_diff1": 0.825128,
        "nauc_map_at_3_max": 0.554283,
        "nauc_map_at_3_std": -0.226934,
        "nauc_map_at_3_diff1": 0.810037,
        "nauc_map_at_5_max": 0.554831,
        "nauc_map_at_5_std": -0.2271,
        "nauc_map_at_5_diff1": 0.813345,
        "nauc_map_at_10_max": 0.552007,
        "nauc_map_at_10_std": -0.227358,
        "nauc_map_at_10_diff1": 0.813397,
        "nauc_map_at_20_max": 0.550749,
        "nauc_map_at_20_std": -0.226331,
        "nauc_map_at_20_diff1": 0.813429,
        "nauc_map_at_100_max": 0.550029,
        "nauc_map_at_100_std": -0.226421,
        "nauc_map_at_100_diff1": 0.813664,
        "nauc_map_at_1000_max": 0.549949,
        "nauc_map_at_1000_std": -0.226533,
        "nauc_map_at_1000_diff1": 0.813671,
        "nauc_recall_at_1_max": 0.509672,
        "nauc_recall_at_1_std": -0.233087,
        "nauc_recall_at_1_diff1": 0.825128,
        "nauc_recall_at_3_max": 0.68134,
        "nauc_recall_at_3_std": -0.206375,
        "nauc_recall_at_3_diff1": 0.775083,
        "nauc_recall_at_5_max": 0.758671,
        "nauc_recall_at_5_std": -0.201584,
        "nauc_recall_at_5_diff1": 0.791858,
        "nauc_recall_at_10_max": 0.797095,
        "nauc_recall_at_10_std": -0.180154,
        "nauc_recall_at_10_diff1": 0.779166,
        "nauc_recall_at_20_max": 0.871083,
        "nauc_recall_at_20_std": -0.022325,
        "nauc_recall_at_20_diff1": 0.747959,
        "nauc_recall_at_100_max": 0.922341,
        "nauc_recall_at_100_std": 0.338415,
        "nauc_recall_at_100_diff1": 0.76722,
        "nauc_recall_at_1000_max": NaN,
        "nauc_recall_at_1000_std": NaN,
        "nauc_recall_at_1000_diff1": NaN,
        "nauc_precision_at_1_max": 0.509672,
        "nauc_precision_at_1_std": -0.233087,
        "nauc_precision_at_1_diff1": 0.825128,
        "nauc_precision_at_3_max": 0.68134,
        "nauc_precision_at_3_std": -0.206375,
        "nauc_precision_at_3_diff1": 0.775083,
        "nauc_precision_at_5_max": 0.758671,
        "nauc_precision_at_5_std": -0.201584,
        "nauc_precision_at_5_diff1": 0.791858,
        "nauc_precision_at_10_max": 0.797095,
        "nauc_precision_at_10_std": -0.180154,
        "nauc_precision_at_10_diff1": 0.779166,
        "nauc_precision_at_20_max": 0.871083,
        "nauc_precision_at_20_std": -0.022325,
        "nauc_precision_at_20_diff1": 0.747959,
        "nauc_precision_at_100_max": 0.922341,
        "nauc_precision_at_100_std": 0.338415,
        "nauc_precision_at_100_diff1": 0.76722,
        "nauc_precision_at_1000_max": 1.0,
        "nauc_precision_at_1000_std": 1.0,
        "nauc_precision_at_1000_diff1": 1.0,
        "nauc_mrr_at_1_max": 0.509672,
        "nauc_mrr_at_1_std": -0.233087,
        "nauc_mrr_at_1_diff1": 0.825128,
        "nauc_mrr_at_3_max": 0.554152,
        "nauc_mrr_at_3_std": -0.227165,
        "nauc_mrr_at_3_diff1": 0.809962,
        "nauc_mrr_at_5_max": 0.554694,
        "nauc_mrr_at_5_std": -0.227343,
        "nauc_mrr_at_5_diff1": 0.813268,
        "nauc_mrr_at_10_max": 0.551867,
        "nauc_mrr_at_10_std": -0.227606,
        "nauc_mrr_at_10_diff1": 0.813319,
        "nauc_mrr_at_20_max": 0.550608,
        "nauc_mrr_at_20_std": -0.22658,
        "nauc_mrr_at_20_diff1": 0.81335,
        "nauc_mrr_at_100_max": 0.549887,
        "nauc_mrr_at_100_std": -0.226672,
        "nauc_mrr_at_100_diff1": 0.813584,
        "nauc_mrr_at_1000_max": 0.549807,
        "nauc_mrr_at_1000_std": -0.226784,
        "nauc_mrr_at_1000_diff1": 0.813591,
        "hit_rate_at_1": 0.8066,
        "hit_rate_at_3": 0.927,
        "hit_rate_at_5": 0.9536,
        "hit_rate_at_10": 0.9708,
        "hit_rate_at_20": 0.9844,
        "hit_rate_at_100": 0.9948,
        "hit_rate_at_1000": 1.0,
        "main_score": 0.89499,
        "hf_subset": "default",
        "languages": [
          "eng-Latn"
        ]
      }
    ]
  },
  "evaluation_time": 435.3449523448944,
  "kg_co2_emissions": null,
  "date": 1778641220.987788
}