{
  "dataset_revision": "5d958fb6b31055495347724d46431ba41309b03a",
  "task_name": "ChemNQRetrieval",
  "mteb_version": "2.12.16",
  "scores": {
    "test": [
      {
        "ndcg_at_1": 0.44444,
        "ndcg_at_3": 0.53127,
        "ndcg_at_5": 0.55601,
        "ndcg_at_10": 0.58175,
        "ndcg_at_20": 0.61063,
        "ndcg_at_100": 0.62891,
        "ndcg_at_1000": 0.63533,
        "map_at_1": 0.34568,
        "map_at_3": 0.4784,
        "map_at_5": 0.49506,
        "map_at_10": 0.50611,
        "map_at_20": 0.51485,
        "map_at_100": 0.518,
        "map_at_1000": 0.51836,
        "recall_at_1": 0.34568,
        "recall_at_3": 0.62346,
        "recall_at_5": 0.67901,
        "recall_at_10": 0.75309,
        "recall_at_20": 0.8642,
        "recall_at_100": 0.95062,
        "recall_at_1000": 1.0,
        "accuracy": 0.34568,
        "precision_at_1": 0.44444,
        "precision_at_3": 0.25926,
        "precision_at_5": 0.17037,
        "precision_at_10": 0.0963,
        "precision_at_20": 0.05556,
        "precision_at_100": 0.01222,
        "precision_at_1000": 0.0013,
        "mrr_at_1": 0.444444,
        "mrr_at_3": 0.549383,
        "mrr_at_5": 0.558642,
        "mrr_at_10": 0.568048,
        "mrr_at_20": 0.572872,
        "mrr_at_100": 0.575353,
        "mrr_at_1000": 0.575404,
        "nauc_ndcg_at_1_max": 0.279696,
        "nauc_ndcg_at_1_std": 0.093658,
        "nauc_ndcg_at_1_diff1": 0.263668,
        "nauc_ndcg_at_3_max": 0.193966,
        "nauc_ndcg_at_3_std": -0.06777,
        "nauc_ndcg_at_3_diff1": 0.344446,
        "nauc_ndcg_at_5_max": 0.271693,
        "nauc_ndcg_at_5_std": 0.01173,
        "nauc_ndcg_at_5_diff1": 0.278025,
        "nauc_ndcg_at_10_max": 0.342569,
        "nauc_ndcg_at_10_std": 0.072467,
        "nauc_ndcg_at_10_diff1": 0.323428,
        "nauc_ndcg_at_20_max": 0.319402,
        "nauc_ndcg_at_20_std": 0.048765,
        "nauc_ndcg_at_20_diff1": 0.287382,
        "nauc_ndcg_at_100_max": 0.305408,
        "nauc_ndcg_at_100_std": 0.026419,
        "nauc_ndcg_at_100_diff1": 0.300927,
        "nauc_ndcg_at_1000_max": 0.305924,
        "nauc_ndcg_at_1000_std": 0.038178,
        "nauc_ndcg_at_1000_diff1": 0.292005,
        "nauc_map_at_1_max": 0.190544,
        "nauc_map_at_1_std": 0.075044,
        "nauc_map_at_1_diff1": 0.223851,
        "nauc_map_at_3_max": 0.199376,
        "nauc_map_at_3_std": -0.065057,
        "nauc_map_at_3_diff1": 0.324249,
        "nauc_map_at_5_max": 0.251267,
        "nauc_map_at_5_std": -0.017822,
        "nauc_map_at_5_diff1": 0.281299,
        "nauc_map_at_10_max": 0.278134,
        "nauc_map_at_10_std": 0.004891,
        "nauc_map_at_10_diff1": 0.298949,
        "nauc_map_at_20_max": 0.274682,
        "nauc_map_at_20_std": 0.002107,
        "nauc_map_at_20_diff1": 0.290691,
        "nauc_map_at_100_max": 0.272102,
        "nauc_map_at_100_std": -0.00122,
        "nauc_map_at_100_diff1": 0.292274,
        "nauc_map_at_1000_max": 0.271856,
        "nauc_map_at_1000_std": -0.000939,
        "nauc_map_at_1000_diff1": 0.291754,
        "nauc_recall_at_1_max": 0.190544,
        "nauc_recall_at_1_std": 0.075044,
        "nauc_recall_at_1_diff1": 0.223851,
        "nauc_recall_at_3_max": 0.05618,
        "nauc_recall_at_3_std": -0.192283,
        "nauc_recall_at_3_diff1": 0.427866,
        "nauc_recall_at_5_max": 0.225291,
        "nauc_recall_at_5_std": -0.006383,
        "nauc_recall_at_5_diff1": 0.266962,
        "nauc_recall_at_10_max": 0.444505,
        "nauc_recall_at_10_std": 0.191082,
        "nauc_recall_at_10_diff1": 0.406034,
        "nauc_recall_at_20_max": 0.372349,
        "nauc_recall_at_20_std": 0.062587,
        "nauc_recall_at_20_diff1": 0.24157,
        "nauc_recall_at_100_max": 0.174292,
        "nauc_recall_at_100_std": -0.473358,
        "nauc_recall_at_100_diff1": 0.556079,
        "nauc_recall_at_1000_max": NaN,
        "nauc_recall_at_1000_std": NaN,
        "nauc_recall_at_1000_diff1": NaN,
        "nauc_precision_at_1_max": 0.279696,
        "nauc_precision_at_1_std": 0.093658,
        "nauc_precision_at_1_diff1": 0.263668,
        "nauc_precision_at_3_max": 0.242919,
        "nauc_precision_at_3_std": -0.168465,
        "nauc_precision_at_3_diff1": 0.396167,
        "nauc_precision_at_5_max": 0.377572,
        "nauc_precision_at_5_std": 0.002801,
        "nauc_precision_at_5_diff1": 0.185373,
        "nauc_precision_at_10_max": 0.632295,
        "nauc_precision_at_10_std": 0.264495,
        "nauc_precision_at_10_diff1": 0.341068,
        "nauc_precision_at_20_max": 0.574696,
        "nauc_precision_at_20_std": 0.254575,
        "nauc_precision_at_20_diff1": 0.217183,
        "nauc_precision_at_100_max": 0.521684,
        "nauc_precision_at_100_std": 0.216236,
        "nauc_precision_at_100_diff1": 0.198384,
        "nauc_precision_at_1000_max": 0.440297,
        "nauc_precision_at_1000_std": 0.272252,
        "nauc_precision_at_1000_diff1": 0.078652,
        "nauc_mrr_at_1_max": 0.279696,
        "nauc_mrr_at_1_std": 0.093658,
        "nauc_mrr_at_1_diff1": 0.263668,
        "nauc_mrr_at_3_max": 0.287572,
        "nauc_mrr_at_3_std": 0.058272,
        "nauc_mrr_at_3_diff1": 0.274645,
        "nauc_mrr_at_5_max": 0.310561,
        "nauc_mrr_at_5_std": 0.095086,
        "nauc_mrr_at_5_diff1": 0.251045,
        "nauc_mrr_at_10_max": 0.328232,
        "nauc_mrr_at_10_std": 0.110867,
        "nauc_mrr_at_10_diff1": 0.260317,
        "nauc_mrr_at_20_max": 0.31686,
        "nauc_mrr_at_20_std": 0.098484,
        "nauc_mrr_at_20_diff1": 0.249995,
        "nauc_mrr_at_100_max": 0.315222,
        "nauc_mrr_at_100_std": 0.095585,
        "nauc_mrr_at_100_diff1": 0.252233,
        "nauc_mrr_at_1000_max": 0.315257,
        "nauc_mrr_at_1000_std": 0.095699,
        "nauc_mrr_at_1000_diff1": 0.252182,
        "hit_rate_at_1": 0.44444,
        "hit_rate_at_3": 0.7037,
        "hit_rate_at_5": 0.74074,
        "hit_rate_at_10": 0.81481,
        "hit_rate_at_20": 0.88889,
        "hit_rate_at_100": 0.96296,
        "hit_rate_at_1000": 1.0,
        "main_score": 0.58175,
        "hf_subset": "default",
        "languages": [
          "eng-Latn"
        ]
      }
    ]
  },
  "evaluation_time": 61.682247161865234,
  "kg_co2_emissions": null,
  "date": 1778649912.882737
}