{
  "dataset_revision": "5377aa18f309ec440ff6325a4c2cd3362c2cb8d7",
  "task_name": "ChemRxivRetrieval",
  "mteb_version": "2.12.16",
  "scores": {
    "test": [
      {
        "ndcg_at_1": 0.781,
        "ndcg_at_3": 0.8599,
        "ndcg_at_5": 0.87176,
        "ndcg_at_10": 0.87965,
        "ndcg_at_20": 0.88358,
        "ndcg_at_100": 0.88589,
        "ndcg_at_1000": 0.88664,
        "map_at_1": 0.781,
        "map_at_3": 0.8413,
        "map_at_5": 0.84788,
        "map_at_10": 0.85122,
        "map_at_20": 0.85231,
        "map_at_100": 0.85265,
        "map_at_1000": 0.85268,
        "recall_at_1": 0.781,
        "recall_at_3": 0.9134,
        "recall_at_5": 0.9422,
        "recall_at_10": 0.9662,
        "recall_at_20": 0.9816,
        "recall_at_100": 0.9938,
        "recall_at_1000": 0.9996,
        "accuracy": 0.781,
        "precision_at_1": 0.781,
        "precision_at_3": 0.30447,
        "precision_at_5": 0.18844,
        "precision_at_10": 0.09662,
        "precision_at_20": 0.04908,
        "precision_at_100": 0.00994,
        "precision_at_1000": 0.001,
        "mrr_at_1": 0.781,
        "mrr_at_3": 0.8413,
        "mrr_at_5": 0.84788,
        "mrr_at_10": 0.851218,
        "mrr_at_20": 0.852314,
        "mrr_at_100": 0.852653,
        "mrr_at_1000": 0.852682,
        "nauc_ndcg_at_1_max": 0.490166,
        "nauc_ndcg_at_1_std": -0.225179,
        "nauc_ndcg_at_1_diff1": 0.811918,
        "nauc_ndcg_at_3_max": 0.546719,
        "nauc_ndcg_at_3_std": -0.222253,
        "nauc_ndcg_at_3_diff1": 0.788351,
        "nauc_ndcg_at_5_max": 0.54629,
        "nauc_ndcg_at_5_std": -0.222718,
        "nauc_ndcg_at_5_diff1": 0.791125,
        "nauc_ndcg_at_10_max": 0.546464,
        "nauc_ndcg_at_10_std": -0.21385,
        "nauc_ndcg_at_10_diff1": 0.793332,
        "nauc_ndcg_at_20_max": 0.539233,
        "nauc_ndcg_at_20_std": -0.215087,
        "nauc_ndcg_at_20_diff1": 0.794975,
        "nauc_ndcg_at_100_max": 0.535592,
        "nauc_ndcg_at_100_std": -0.21619,
        "nauc_ndcg_at_100_diff1": 0.795811,
        "nauc_ndcg_at_1000_max": 0.533482,
        "nauc_ndcg_at_1000_std": -0.218133,
        "nauc_ndcg_at_1000_diff1": 0.796253,
        "nauc_map_at_1_max": 0.490166,
        "nauc_map_at_1_std": -0.225179,
        "nauc_map_at_1_diff1": 0.811918,
        "nauc_map_at_3_max": 0.529625,
        "nauc_map_at_3_std": -0.224092,
        "nauc_map_at_3_diff1": 0.795317,
        "nauc_map_at_5_max": 0.528761,
        "nauc_map_at_5_std": -0.224079,
        "nauc_map_at_5_diff1": 0.796845,
        "nauc_map_at_10_max": 0.528635,
        "nauc_map_at_10_std": -0.220675,
        "nauc_map_at_10_diff1": 0.79775,
        "nauc_map_at_20_max": 0.526913,
        "nauc_map_at_20_std": -0.2211,
        "nauc_map_at_20_diff1": 0.798201,
        "nauc_map_at_100_max": 0.526487,
        "nauc_map_at_100_std": -0.221193,
        "nauc_map_at_100_diff1": 0.798286,
        "nauc_map_at_1000_max": 0.526419,
        "nauc_map_at_1000_std": -0.221263,
        "nauc_map_at_1000_diff1": 0.7983,
        "nauc_recall_at_1_max": 0.490166,
        "nauc_recall_at_1_std": -0.225179,
        "nauc_recall_at_1_diff1": 0.811918,
        "nauc_recall_at_3_max": 0.630716,
        "nauc_recall_at_3_std": -0.212489,
        "nauc_recall_at_3_diff1": 0.754242,
        "nauc_recall_at_5_max": 0.669082,
        "nauc_recall_at_5_std": -0.213221,
        "nauc_recall_at_5_diff1": 0.752388,
        "nauc_recall_at_10_max": 0.752861,
        "nauc_recall_at_10_std": -0.124904,
        "nauc_recall_at_10_diff1": 0.747142,
        "nauc_recall_at_20_max": 0.756338,
        "nauc_recall_at_20_std": -0.073311,
        "nauc_recall_at_20_diff1": 0.743779,
        "nauc_recall_at_100_max": 0.846179,
        "nauc_recall_at_100_std": 0.088055,
        "nauc_recall_at_100_diff1": 0.724105,
        "nauc_recall_at_1000_max": 1.0,
        "nauc_recall_at_1000_std": 0.561391,
        "nauc_recall_at_1000_diff1": 0.613679,
        "nauc_precision_at_1_max": 0.490166,
        "nauc_precision_at_1_std": -0.225179,
        "nauc_precision_at_1_diff1": 0.811918,
        "nauc_precision_at_3_max": 0.630716,
        "nauc_precision_at_3_std": -0.212489,
        "nauc_precision_at_3_diff1": 0.754242,
        "nauc_precision_at_5_max": 0.669082,
        "nauc_precision_at_5_std": -0.213221,
        "nauc_precision_at_5_diff1": 0.752388,
        "nauc_precision_at_10_max": 0.752861,
        "nauc_precision_at_10_std": -0.124904,
        "nauc_precision_at_10_diff1": 0.747142,
        "nauc_precision_at_20_max": 0.756338,
        "nauc_precision_at_20_std": -0.073311,
        "nauc_precision_at_20_diff1": 0.743779,
        "nauc_precision_at_100_max": 0.846179,
        "nauc_precision_at_100_std": 0.088055,
        "nauc_precision_at_100_diff1": 0.724105,
        "nauc_precision_at_1000_max": 1.0,
        "nauc_precision_at_1000_std": 0.561391,
        "nauc_precision_at_1000_diff1": 0.613679,
        "nauc_mrr_at_1_max": 0.490166,
        "nauc_mrr_at_1_std": -0.225179,
        "nauc_mrr_at_1_diff1": 0.811918,
        "nauc_mrr_at_3_max": 0.529625,
        "nauc_mrr_at_3_std": -0.224092,
        "nauc_mrr_at_3_diff1": 0.795317,
        "nauc_mrr_at_5_max": 0.528761,
        "nauc_mrr_at_5_std": -0.224079,
        "nauc_mrr_at_5_diff1": 0.796845,
        "nauc_mrr_at_10_max": 0.528628,
        "nauc_mrr_at_10_std": -0.220692,
        "nauc_mrr_at_10_diff1": 0.797749,
        "nauc_mrr_at_20_max": 0.526906,
        "nauc_mrr_at_20_std": -0.221117,
        "nauc_mrr_at_20_diff1": 0.7982,
        "nauc_mrr_at_100_max": 0.526479,
        "nauc_mrr_at_100_std": -0.22121,
        "nauc_mrr_at_100_diff1": 0.798285,
        "nauc_mrr_at_1000_max": 0.526411,
        "nauc_mrr_at_1000_std": -0.22128,
        "nauc_mrr_at_1000_diff1": 0.798299,
        "hit_rate_at_1": 0.781,
        "hit_rate_at_3": 0.9134,
        "hit_rate_at_5": 0.9422,
        "hit_rate_at_10": 0.9662,
        "hit_rate_at_20": 0.9816,
        "hit_rate_at_100": 0.9938,
        "hit_rate_at_1000": 0.9996,
        "main_score": 0.87965,
        "hf_subset": "default",
        "languages": [
          "eng-Latn"
        ]
      }
    ]
  },
  "evaluation_time": 435.6691184043884,
  "kg_co2_emissions": null,
  "date": 1778650451.029474
}