{
  "dataset_revision": "1840e8a5ac6ec752bbdd97d543ead0189bc7c25b",
  "task_name": "ChemHotpotQARetrieval",
  "mteb_version": "2.12.20",
  "scores": {
    "train": [
      {
        "ndcg_at_1": 0.86667,
        "ndcg_at_3": 0.89615,
        "ndcg_at_5": 0.90333,
        "ndcg_at_10": 0.91256,
        "ndcg_at_20": 0.91477,
        "ndcg_at_100": 0.91673,
        "ndcg_at_1000": 0.91897,
        "map_at_1": 0.84722,
        "map_at_3": 0.88519,
        "map_at_5": 0.88935,
        "map_at_10": 0.89331,
        "map_at_20": 0.89401,
        "map_at_100": 0.8945,
        "map_at_1000": 0.89456,
        "recall_at_1": 0.84722,
        "recall_at_3": 0.91944,
        "recall_at_5": 0.93611,
        "recall_at_10": 0.96389,
        "recall_at_20": 0.97222,
        "recall_at_100": 0.98056,
        "recall_at_1000": 1.0,
        "accuracy": 0.84722,
        "precision_at_1": 0.86667,
        "precision_at_3": 0.31667,
        "precision_at_5": 0.19333,
        "precision_at_10": 0.09944,
        "precision_at_20": 0.05028,
        "precision_at_100": 0.01017,
        "precision_at_1000": 0.00104,
        "mrr_at_1": 0.866667,
        "mrr_at_3": 0.894444,
        "mrr_at_5": 0.898611,
        "mrr_at_10": 0.902568,
        "mrr_at_20": 0.902939,
        "mrr_at_100": 0.90318,
        "mrr_at_1000": 0.903208,
        "nauc_ndcg_at_1_max": 0.673162,
        "nauc_ndcg_at_1_std": -0.213783,
        "nauc_ndcg_at_1_diff1": 0.887991,
        "nauc_ndcg_at_3_max": 0.472929,
        "nauc_ndcg_at_3_std": -0.33473,
        "nauc_ndcg_at_3_diff1": 0.726349,
        "nauc_ndcg_at_5_max": 0.456125,
        "nauc_ndcg_at_5_std": -0.40005,
        "nauc_ndcg_at_5_diff1": 0.728146,
        "nauc_ndcg_at_10_max": 0.435149,
        "nauc_ndcg_at_10_std": -0.389628,
        "nauc_ndcg_at_10_diff1": 0.717089,
        "nauc_ndcg_at_20_max": 0.432856,
        "nauc_ndcg_at_20_std": -0.385272,
        "nauc_ndcg_at_20_diff1": 0.717153,
        "nauc_ndcg_at_100_max": 0.446074,
        "nauc_ndcg_at_100_std": -0.369601,
        "nauc_ndcg_at_100_diff1": 0.736969,
        "nauc_ndcg_at_1000_max": 0.475188,
        "nauc_ndcg_at_1000_std": -0.353092,
        "nauc_ndcg_at_1000_diff1": 0.751089,
        "nauc_map_at_1_max": 0.490835,
        "nauc_map_at_1_std": -0.312757,
        "nauc_map_at_1_diff1": 0.788755,
        "nauc_map_at_3_max": 0.482814,
        "nauc_map_at_3_std": -0.333661,
        "nauc_map_at_3_diff1": 0.720993,
        "nauc_map_at_5_max": 0.474632,
        "nauc_map_at_5_std": -0.366916,
        "nauc_map_at_5_diff1": 0.721701,
        "nauc_map_at_10_max": 0.468189,
        "nauc_map_at_10_std": -0.361829,
        "nauc_map_at_10_diff1": 0.717505,
        "nauc_map_at_20_max": 0.468178,
        "nauc_map_at_20_std": -0.359851,
        "nauc_map_at_20_diff1": 0.717803,
        "nauc_map_at_100_max": 0.472535,
        "nauc_map_at_100_std": -0.355843,
        "nauc_map_at_100_diff1": 0.723286,
        "nauc_map_at_1000_max": 0.473296,
        "nauc_map_at_1000_std": -0.355401,
        "nauc_map_at_1000_diff1": 0.723932,
        "nauc_recall_at_1_max": 0.490835,
        "nauc_recall_at_1_std": -0.312757,
        "nauc_recall_at_1_diff1": 0.788755,
        "nauc_recall_at_3_max": 0.296452,
        "nauc_recall_at_3_std": -0.433385,
        "nauc_recall_at_3_diff1": 0.591535,
        "nauc_recall_at_5_max": 0.192892,
        "nauc_recall_at_5_std": -0.682722,
        "nauc_recall_at_5_diff1": 0.562518,
        "nauc_recall_at_10_max": -0.161854,
        "nauc_recall_at_10_std": -0.828952,
        "nauc_recall_at_10_diff1": 0.35743,
        "nauc_recall_at_20_max": -0.367134,
        "nauc_recall_at_20_std": -0.928198,
        "nauc_recall_at_20_diff1": 0.254995,
        "nauc_recall_at_100_max": -0.524276,
        "nauc_recall_at_100_std": -0.916433,
        "nauc_recall_at_100_diff1": 0.364479,
        "nauc_recall_at_1000_max": NaN,
        "nauc_recall_at_1000_std": NaN,
        "nauc_recall_at_1000_diff1": NaN,
        "nauc_precision_at_1_max": 0.673162,
        "nauc_precision_at_1_std": -0.213783,
        "nauc_precision_at_1_diff1": 0.887991,
        "nauc_precision_at_3_max": 0.405763,
        "nauc_precision_at_3_std": -0.105277,
        "nauc_precision_at_3_diff1": 0.34191,
        "nauc_precision_at_5_max": 0.354878,
        "nauc_precision_at_5_std": -0.216307,
        "nauc_precision_at_5_diff1": 0.278078,
        "nauc_precision_at_10_max": 0.229799,
        "nauc_precision_at_10_std": -0.100789,
        "nauc_precision_at_10_diff1": 0.047701,
        "nauc_precision_at_20_max": 0.149873,
        "nauc_precision_at_20_std": 0.009264,
        "nauc_precision_at_20_diff1": -0.051722,
        "nauc_precision_at_100_max": 0.206405,
        "nauc_precision_at_100_std": 0.180145,
        "nauc_precision_at_100_diff1": 0.015909,
        "nauc_precision_at_1000_max": 0.449845,
        "nauc_precision_at_1000_std": 0.533558,
        "nauc_precision_at_1000_diff1": -0.015754,
        "nauc_mrr_at_1_max": 0.673162,
        "nauc_mrr_at_1_std": -0.213783,
        "nauc_mrr_at_1_diff1": 0.887991,
        "nauc_mrr_at_3_max": 0.601657,
        "nauc_mrr_at_3_std": -0.244142,
        "nauc_mrr_at_3_diff1": 0.852058,
        "nauc_mrr_at_5_max": 0.597802,
        "nauc_mrr_at_5_std": -0.276336,
        "nauc_mrr_at_5_diff1": 0.858328,
        "nauc_mrr_at_10_max": 0.595932,
        "nauc_mrr_at_10_std": -0.267056,
        "nauc_mrr_at_10_diff1": 0.859453,
        "nauc_mrr_at_20_max": 0.595439,
        "nauc_mrr_at_20_std": -0.26743,
        "nauc_mrr_at_20_diff1": 0.859415,
        "nauc_mrr_at_100_max": 0.59474,
        "nauc_mrr_at_100_std": -0.266674,
        "nauc_mrr_at_100_diff1": 0.859389,
        "nauc_mrr_at_1000_max": 0.594972,
        "nauc_mrr_at_1000_std": -0.266587,
        "nauc_mrr_at_1000_diff1": 0.859437,
        "hit_rate_at_1": 0.86667,
        "hit_rate_at_3": 0.92778,
        "hit_rate_at_5": 0.94444,
        "hit_rate_at_10": 0.97222,
        "hit_rate_at_20": 0.97778,
        "hit_rate_at_100": 0.98333,
        "hit_rate_at_1000": 1.0,
        "main_score": 0.91256,
        "hf_subset": "default",
        "languages": [
          "eng-Latn"
        ]
      }
    ],
    "dev": [
      {
        "ndcg_at_1": 0.875,
        "ndcg_at_3": 0.875,
        "ndcg_at_5": 0.875,
        "ndcg_at_10": 0.875,
        "ndcg_at_20": 0.90498,
        "ndcg_at_100": 0.90498,
        "ndcg_at_1000": 0.90498,
        "map_at_1": 0.875,
        "map_at_3": 0.875,
        "map_at_5": 0.875,
        "map_at_10": 0.875,
        "map_at_20": 0.88235,
        "map_at_100": 0.88235,
        "map_at_1000": 0.88235,
        "recall_at_1": 0.875,
        "recall_at_3": 0.875,
        "recall_at_5": 0.875,
        "recall_at_10": 0.875,
        "recall_at_20": 1.0,
        "recall_at_100": 1.0,
        "recall_at_1000": 1.0,
        "accuracy": 0.875,
        "precision_at_1": 0.875,
        "precision_at_3": 0.29167,
        "precision_at_5": 0.175,
        "precision_at_10": 0.0875,
        "precision_at_20": 0.05,
        "precision_at_100": 0.01,
        "precision_at_1000": 0.001,
        "mrr_at_1": 0.875,
        "mrr_at_3": 0.875,
        "mrr_at_5": 0.875,
        "mrr_at_10": 0.875,
        "mrr_at_20": 0.882353,
        "mrr_at_100": 0.882353,
        "mrr_at_1000": 0.882353,
        "nauc_ndcg_at_1_max": 1.0,
        "nauc_ndcg_at_1_std": 0.551821,
        "nauc_ndcg_at_1_diff1": 0.865546,
        "nauc_ndcg_at_3_max": 1.0,
        "nauc_ndcg_at_3_std": 0.551821,
        "nauc_ndcg_at_3_diff1": 0.865546,
        "nauc_ndcg_at_5_max": 1.0,
        "nauc_ndcg_at_5_std": 0.551821,
        "nauc_ndcg_at_5_diff1": 0.865546,
        "nauc_ndcg_at_10_max": 1.0,
        "nauc_ndcg_at_10_std": 0.551821,
        "nauc_ndcg_at_10_diff1": 0.865546,
        "nauc_ndcg_at_20_max": 1.0,
        "nauc_ndcg_at_20_std": 0.551821,
        "nauc_ndcg_at_20_diff1": 0.865546,
        "nauc_ndcg_at_100_max": 1.0,
        "nauc_ndcg_at_100_std": 0.551821,