{
  "dataset_revision": "5377aa18f309ec440ff6325a4c2cd3362c2cb8d7",
  "task_name": "ChemRxivRetrieval",
  "mteb_version": "2.12.20",
  "scores": {
    "test": [
      {
        "ndcg_at_1": 0.765,
        "ndcg_at_3": 0.84915,
        "ndcg_at_5": 0.86243,
        "ndcg_at_10": 0.86937,
        "ndcg_at_20": 0.87347,
        "ndcg_at_100": 0.87681,
        "ndcg_at_1000": 0.87745,
        "map_at_1": 0.765,
        "map_at_3": 0.8292,
        "map_at_5": 0.83652,
        "map_at_10": 0.8394,
        "map_at_20": 0.84056,
        "map_at_100": 0.84105,
        "map_at_1000": 0.84108,
        "recall_at_1": 0.765,
        "recall_at_3": 0.9066,
        "recall_at_5": 0.939,
        "recall_at_10": 0.9604,
        "recall_at_20": 0.9764,
        "recall_at_100": 0.9938,
        "recall_at_1000": 0.999,
        "accuracy": 0.765,
        "precision_at_1": 0.765,
        "precision_at_3": 0.3022,
        "precision_at_5": 0.1878,
        "precision_at_10": 0.09604,
        "precision_at_20": 0.04882,
        "precision_at_100": 0.00994,
        "precision_at_1000": 0.001,
        "mrr_at_1": 0.7654,
        "mrr_at_3": 0.8294,
        "mrr_at_5": 0.83668,
        "mrr_at_10": 0.839595,
        "mrr_at_20": 0.840752,
        "mrr_at_100": 0.841248,
        "mrr_at_1000": 0.841269,
        "nauc_ndcg_at_1_max": 0.418512,
        "nauc_ndcg_at_1_std": -0.234079,
        "nauc_ndcg_at_1_diff1": 0.793245,
        "nauc_ndcg_at_3_max": 0.483577,
        "nauc_ndcg_at_3_std": -0.227143,
        "nauc_ndcg_at_3_diff1": 0.767203,
        "nauc_ndcg_at_5_max": 0.486374,
        "nauc_ndcg_at_5_std": -0.21617,
        "nauc_ndcg_at_5_diff1": 0.767305,
        "nauc_ndcg_at_10_max": 0.486562,
        "nauc_ndcg_at_10_std": -0.209069,
        "nauc_ndcg_at_10_diff1": 0.772825,
        "nauc_ndcg_at_20_max": 0.479288,
        "nauc_ndcg_at_20_std": -0.215352,
        "nauc_ndcg_at_20_diff1": 0.774447,
        "nauc_ndcg_at_100_max": 0.472565,
        "nauc_ndcg_at_100_std": -0.217543,
        "nauc_ndcg_at_100_diff1": 0.775961,
        "nauc_ndcg_at_1000_max": 0.470259,
        "nauc_ndcg_at_1000_std": -0.219787,
        "nauc_ndcg_at_1000_diff1": 0.775792,
        "nauc_map_at_1_max": 0.418512,
        "nauc_map_at_1_std": -0.234079,
        "nauc_map_at_1_diff1": 0.793245,
        "nauc_map_at_3_max": 0.464057,
        "nauc_map_at_3_std": -0.230063,
        "nauc_map_at_3_diff1": 0.774861,
        "nauc_map_at_5_max": 0.464323,
        "nauc_map_at_5_std": -0.225188,
        "nauc_map_at_5_diff1": 0.775347,
        "nauc_map_at_10_max": 0.464272,
        "nauc_map_at_10_std": -0.222619,
        "nauc_map_at_10_diff1": 0.777486,
        "nauc_map_at_20_max": 0.462442,
        "nauc_map_at_20_std": -0.22432,
        "nauc_map_at_20_diff1": 0.777833,
        "nauc_map_at_100_max": 0.461569,
        "nauc_map_at_100_std": -0.224691,
        "nauc_map_at_100_diff1": 0.777958,
        "nauc_map_at_1000_max": 0.461507,
        "nauc_map_at_1000_std": -0.224758,
        "nauc_map_at_1000_diff1": 0.777952,
        "nauc_recall_at_1_max": 0.418512,
        "nauc_recall_at_1_std": -0.234079,
        "nauc_recall_at_1_diff1": 0.793245,
        "nauc_recall_at_3_max": 0.57825,
        "nauc_recall_at_3_std": -0.212347,
        "nauc_recall_at_3_diff1": 0.730177,
        "nauc_recall_at_5_max": 0.643973,
        "nauc_recall_at_5_std": -0.146708,
        "nauc_recall_at_5_diff1": 0.71033,
        "nauc_recall_at_10_max": 0.724722,
        "nauc_recall_at_10_std": -0.0486,
        "nauc_recall_at_10_diff1": 0.729699,
        "nauc_recall_at_20_max": 0.74585,
        "nauc_recall_at_20_std": -0.053047,
        "nauc_recall_at_20_diff1": 0.734491,
        "nauc_recall_at_100_max": 0.861766,
        "nauc_recall_at_100_std": 0.224075,
        "nauc_recall_at_100_diff1": 0.789103,
        "nauc_recall_at_1000_max": 0.763772,
        "nauc_recall_at_1000_std": 0.504388,
        "nauc_recall_at_1000_diff1": 0.716713,
        "nauc_precision_at_1_max": 0.418512,
        "nauc_precision_at_1_std": -0.234079,
        "nauc_precision_at_1_diff1": 0.793245,
        "nauc_precision_at_3_max": 0.57825,
        "nauc_precision_at_3_std": -0.212347,
        "nauc_precision_at_3_diff1": 0.730177,
        "nauc_precision_at_5_max": 0.643973,
        "nauc_precision_at_5_std": -0.146708,
        "nauc_precision_at_5_diff1": 0.71033,
        "nauc_precision_at_10_max": 0.724722,
        "nauc_precision_at_10_std": -0.0486,
        "nauc_precision_at_10_diff1": 0.729699,
        "nauc_precision_at_20_max": 0.74585,
        "nauc_precision_at_20_std": -0.053047,
        "nauc_precision_at_20_diff1": 0.734491,
        "nauc_precision_at_100_max": 0.861766,
        "nauc_precision_at_100_std": 0.224075,
        "nauc_precision_at_100_diff1": 0.789103,
        "nauc_precision_at_1000_max": 0.763772,
        "nauc_precision_at_1000_std": 0.504388,
        "nauc_precision_at_1000_diff1": 0.716713,
        "nauc_mrr_at_1_max": 0.420608,
        "nauc_mrr_at_1_std": -0.232594,
        "nauc_mrr_at_1_diff1": 0.792439,
        "nauc_mrr_at_3_max": 0.465633,
        "nauc_mrr_at_3_std": -0.228103,
        "nauc_mrr_at_3_diff1": 0.774306,
        "nauc_mrr_at_5_max": 0.465894,
        "nauc_mrr_at_5_std": -0.224132,
        "nauc_mrr_at_5_diff1": 0.774825,
        "nauc_mrr_at_10_max": 0.465853,
        "nauc_mrr_at_10_std": -0.221331,
        "nauc_mrr_at_10_diff1": 0.776905,
        "nauc_mrr_at_20_max": 0.464034,
        "nauc_mrr_at_20_std": -0.223024,
        "nauc_mrr_at_20_diff1": 0.777248,
        "nauc_mrr_at_100_max": 0.463166,
        "nauc_mrr_at_100_std": -0.223391,
        "nauc_mrr_at_100_diff1": 0.777371,
        "nauc_mrr_at_1000_max": 0.463104,
        "nauc_mrr_at_1000_std": -0.223458,
        "nauc_mrr_at_1000_diff1": 0.777365,
        "hit_rate_at_1": 0.765,
        "hit_rate_at_3": 0.9066,
        "hit_rate_at_5": 0.939,
        "hit_rate_at_10": 0.9604,
        "hit_rate_at_20": 0.9764,
        "hit_rate_at_100": 0.9938,
        "hit_rate_at_1000": 0.999,
        "main_score": 0.86937,
        "hf_subset": "default",
        "languages": [
          "eng-Latn"
        ]
      }
    ]
  },
  "evaluation_time": 462.81031131744385,
  "kg_co2_emissions": null,
  "date": 1776444761.012146
}