{
  "dataset_revision": "5377aa18f309ec440ff6325a4c2cd3362c2cb8d7",
  "task_name": "ChemRxivRetrieval",
  "mteb_version": "2.12.16",
  "scores": {
    "test": [
      {
        "ndcg_at_1": 0.7404,
        "ndcg_at_3": 0.82864,
        "ndcg_at_5": 0.84288,
        "ndcg_at_10": 0.8527,
        "ndcg_at_20": 0.85669,
        "ndcg_at_100": 0.86094,
        "ndcg_at_1000": 0.86183,
        "map_at_1": 0.7404,
        "map_at_3": 0.8075,
        "map_at_5": 0.81544,
        "map_at_10": 0.81956,
        "map_at_20": 0.82068,
        "map_at_100": 0.82132,
        "map_at_1000": 0.82135,
        "recall_at_1": 0.7404,
        "recall_at_3": 0.8896,
        "recall_at_5": 0.924,
        "recall_at_10": 0.954,
        "recall_at_20": 0.9696,
        "recall_at_100": 0.9918,
        "recall_at_1000": 0.999,
        "accuracy": 0.7404,
        "precision_at_1": 0.7404,
        "precision_at_3": 0.29653,
        "precision_at_5": 0.1848,
        "precision_at_10": 0.0954,
        "precision_at_20": 0.04848,
        "precision_at_100": 0.00992,
        "precision_at_1000": 0.001,
        "mrr_at_1": 0.7404,
        "mrr_at_3": 0.807333,
        "mrr_at_5": 0.815423,
        "mrr_at_10": 0.819544,
        "mrr_at_20": 0.820663,
        "mrr_at_100": 0.821302,
        "mrr_at_1000": 0.821332,
        "nauc_ndcg_at_1_max": 0.376864,
        "nauc_ndcg_at_1_std": -0.204788,
        "nauc_ndcg_at_1_diff1": 0.765765,
        "nauc_ndcg_at_3_max": 0.444798,
        "nauc_ndcg_at_3_std": -0.174727,
        "nauc_ndcg_at_3_diff1": 0.735326,
        "nauc_ndcg_at_5_max": 0.445861,
        "nauc_ndcg_at_5_std": -0.166811,
        "nauc_ndcg_at_5_diff1": 0.73733,
        "nauc_ndcg_at_10_max": 0.447918,
        "nauc_ndcg_at_10_std": -0.162423,
        "nauc_ndcg_at_10_diff1": 0.741117,
        "nauc_ndcg_at_20_max": 0.440484,
        "nauc_ndcg_at_20_std": -0.167787,
        "nauc_ndcg_at_20_diff1": 0.741472,
        "nauc_ndcg_at_100_max": 0.433209,
        "nauc_ndcg_at_100_std": -0.173618,
        "nauc_ndcg_at_100_diff1": 0.744053,
        "nauc_ndcg_at_1000_max": 0.430415,
        "nauc_ndcg_at_1000_std": -0.175714,
        "nauc_ndcg_at_1000_diff1": 0.744256,
        "nauc_map_at_1_max": 0.376864,
        "nauc_map_at_1_std": -0.204788,
        "nauc_map_at_1_diff1": 0.765765,
        "nauc_map_at_3_max": 0.424274,
        "nauc_map_at_3_std": -0.18561,
        "nauc_map_at_3_diff1": 0.743523,
        "nauc_map_at_5_max": 0.423743,
        "nauc_map_at_5_std": -0.182443,
        "nauc_map_at_5_diff1": 0.744885,
        "nauc_map_at_10_max": 0.424036,
        "nauc_map_at_10_std": -0.181269,
        "nauc_map_at_10_diff1": 0.746491,
        "nauc_map_at_20_max": 0.422168,
        "nauc_map_at_20_std": -0.18263,
        "nauc_map_at_20_diff1": 0.746619,
        "nauc_map_at_100_max": 0.421237,
        "nauc_map_at_100_std": -0.183284,
        "nauc_map_at_100_diff1": 0.746875,
        "nauc_map_at_1000_max": 0.421163,
        "nauc_map_at_1000_std": -0.183329,
        "nauc_map_at_1000_diff1": 0.746888,
        "nauc_recall_at_1_max": 0.376864,
        "nauc_recall_at_1_std": -0.204788,
        "nauc_recall_at_1_diff1": 0.765765,
        "nauc_recall_at_3_max": 0.539827,
        "nauc_recall_at_3_std": -0.123087,
        "nauc_recall_at_3_diff1": 0.69807,
        "nauc_recall_at_5_max": 0.587101,
        "nauc_recall_at_5_std": -0.062764,
        "nauc_recall_at_5_diff1": 0.690856,
        "nauc_recall_at_10_max": 0.695189,
        "nauc_recall_at_10_std": 0.043503,
        "nauc_recall_at_10_diff1": 0.692524,
        "nauc_recall_at_20_max": 0.697596,
        "nauc_recall_at_20_std": 0.059379,
        "nauc_recall_at_20_diff1": 0.673129,
        "nauc_recall_at_100_max": 0.806438,
        "nauc_recall_at_100_std": 0.181811,
        "nauc_recall_at_100_diff1": 0.714115,
        "nauc_recall_at_1000_max": 0.611578,
        "nauc_recall_at_1000_std": 0.437068,
        "nauc_recall_at_1000_diff1": 0.656956,
        "nauc_precision_at_1_max": 0.376864,
        "nauc_precision_at_1_std": -0.204788,
        "nauc_precision_at_1_diff1": 0.765765,
        "nauc_precision_at_3_max": 0.539827,
        "nauc_precision_at_3_std": -0.123087,
        "nauc_precision_at_3_diff1": 0.69807,
        "nauc_precision_at_5_max": 0.587101,
        "nauc_precision_at_5_std": -0.062764,
        "nauc_precision_at_5_diff1": 0.690856,
        "nauc_precision_at_10_max": 0.695189,
        "nauc_precision_at_10_std": 0.043503,
        "nauc_precision_at_10_diff1": 0.692524,
        "nauc_precision_at_20_max": 0.697596,
        "nauc_precision_at_20_std": 0.059379,
        "nauc_precision_at_20_diff1": 0.673129,
        "nauc_precision_at_100_max": 0.806438,
        "nauc_precision_at_100_std": 0.181811,
        "nauc_precision_at_100_diff1": 0.714115,
        "nauc_precision_at_1000_max": 0.611578,
        "nauc_precision_at_1000_std": 0.437068,
        "nauc_precision_at_1000_diff1": 0.656956,
        "nauc_mrr_at_1_max": 0.376864,
        "nauc_mrr_at_1_std": -0.204788,
        "nauc_mrr_at_1_diff1": 0.765765,
        "nauc_mrr_at_3_max": 0.424833,
        "nauc_mrr_at_3_std": -0.186288,
        "nauc_mrr_at_3_diff1": 0.743882,
        "nauc_mrr_at_5_max": 0.423969,
        "nauc_mrr_at_5_std": -0.182386,
        "nauc_mrr_at_5_diff1": 0.744946,
        "nauc_mrr_at_10_max": 0.424268,
        "nauc_mrr_at_10_std": -0.181211,
        "nauc_mrr_at_10_diff1": 0.746554,
        "nauc_mrr_at_20_max": 0.422402,
        "nauc_mrr_at_20_std": -0.182571,
        "nauc_mrr_at_20_diff1": 0.746681,
        "nauc_mrr_at_100_max": 0.42147,
        "nauc_mrr_at_100_std": -0.183223,
        "nauc_mrr_at_100_diff1": 0.746937,
        "nauc_mrr_at_1000_max": 0.421397,
        "nauc_mrr_at_1000_std": -0.183268,
        "nauc_mrr_at_1000_diff1": 0.74695,
        "hit_rate_at_1": 0.7404,
        "hit_rate_at_3": 0.8896,
        "hit_rate_at_5": 0.924,
        "hit_rate_at_10": 0.954,
        "hit_rate_at_20": 0.9696,
        "hit_rate_at_100": 0.9918,
        "hit_rate_at_1000": 0.999,
        "main_score": 0.8527,
        "hf_subset": "default",
        "languages": [
          "eng-Latn"
        ]
      }
    ]
  },
  "evaluation_time": 435.4224786758423,
  "kg_co2_emissions": null,
  "date": 1778644928.138416
}