{
  "dataset_revision": "5377aa18f309ec440ff6325a4c2cd3362c2cb8d7",
  "task_name": "ChemRxivRetrieval",
  "mteb_version": "2.12.16",
  "scores": {
    "test": [
      {
        "ndcg_at_1": 0.68,
        "ndcg_at_3": 0.77735,
        "ndcg_at_5": 0.79778,
        "ndcg_at_10": 0.80907,
        "ndcg_at_20": 0.81504,
        "ndcg_at_100": 0.8207,
        "ndcg_at_1000": 0.8226,
        "map_at_1": 0.68,
        "map_at_3": 0.75397,
        "map_at_5": 0.76535,
        "map_at_10": 0.7701,
        "map_at_20": 0.77177,
        "map_at_100": 0.77262,
        "map_at_1000": 0.77269,
        "recall_at_1": 0.68,
        "recall_at_3": 0.8448,
        "recall_at_5": 0.8942,
        "recall_at_10": 0.9286,
        "recall_at_20": 0.952,
        "recall_at_100": 0.9816,
        "recall_at_1000": 0.9964,
        "accuracy": 0.68,
        "precision_at_1": 0.68,
        "precision_at_3": 0.2816,
        "precision_at_5": 0.17884,
        "precision_at_10": 0.09286,
        "precision_at_20": 0.0476,
        "precision_at_100": 0.00982,
        "precision_at_1000": 0.001,
        "mrr_at_1": 0.68,
        "mrr_at_3": 0.754033,
        "mrr_at_5": 0.765393,
        "mrr_at_10": 0.770151,
        "mrr_at_20": 0.771816,
        "mrr_at_100": 0.772668,
        "mrr_at_1000": 0.772744,
        "nauc_ndcg_at_1_max": 0.377626,
        "nauc_ndcg_at_1_std": -0.15204,
        "nauc_ndcg_at_1_diff1": 0.736089,
        "nauc_ndcg_at_3_max": 0.420927,
        "nauc_ndcg_at_3_std": -0.119502,
        "nauc_ndcg_at_3_diff1": 0.698976,
        "nauc_ndcg_at_5_max": 0.433207,
        "nauc_ndcg_at_5_std": -0.107501,
        "nauc_ndcg_at_5_diff1": 0.699221,
        "nauc_ndcg_at_10_max": 0.435155,
        "nauc_ndcg_at_10_std": -0.101643,
        "nauc_ndcg_at_10_diff1": 0.706107,
        "nauc_ndcg_at_20_max": 0.430724,
        "nauc_ndcg_at_20_std": -0.102298,
        "nauc_ndcg_at_20_diff1": 0.708398,
        "nauc_ndcg_at_100_max": 0.424258,
        "nauc_ndcg_at_100_std": -0.10788,
        "nauc_ndcg_at_100_diff1": 0.710236,
        "nauc_ndcg_at_1000_max": 0.421575,
        "nauc_ndcg_at_1000_std": -0.111077,
        "nauc_ndcg_at_1000_diff1": 0.710262,
        "nauc_map_at_1_max": 0.377626,
        "nauc_map_at_1_std": -0.15204,
        "nauc_map_at_1_diff1": 0.736089,
        "nauc_map_at_3_max": 0.408926,
        "nauc_map_at_3_std": -0.129121,
        "nauc_map_at_3_diff1": 0.708851,
        "nauc_map_at_5_max": 0.414474,
        "nauc_map_at_5_std": -0.123641,
        "nauc_map_at_5_diff1": 0.709399,
        "nauc_map_at_10_max": 0.4148,
        "nauc_map_at_10_std": -0.121975,
        "nauc_map_at_10_diff1": 0.711991,
        "nauc_map_at_20_max": 0.413634,
        "nauc_map_at_20_std": -0.122251,
        "nauc_map_at_20_diff1": 0.71255,
        "nauc_map_at_100_max": 0.412728,
        "nauc_map_at_100_std": -0.122866,
        "nauc_map_at_100_diff1": 0.712774,
        "nauc_map_at_1000_max": 0.412659,
        "nauc_map_at_1000_std": -0.122942,
        "nauc_map_at_1000_diff1": 0.712786,
        "nauc_recall_at_1_max": 0.377626,
        "nauc_recall_at_1_std": -0.15204,
        "nauc_recall_at_1_diff1": 0.736089,
        "nauc_recall_at_3_max": 0.470916,
        "nauc_recall_at_3_std": -0.07904,
        "nauc_recall_at_3_diff1": 0.658114,
        "nauc_recall_at_5_max": 0.541521,
        "nauc_recall_at_5_std": -0.013118,
        "nauc_recall_at_5_diff1": 0.642795,
        "nauc_recall_at_10_max": 0.605799,
        "nauc_recall_at_10_std": 0.074563,
        "nauc_recall_at_10_diff1": 0.667404,
        "nauc_recall_at_20_max": 0.629219,
        "nauc_recall_at_20_std": 0.150407,
        "nauc_recall_at_20_diff1": 0.67963,
        "nauc_recall_at_100_max": 0.666763,
        "nauc_recall_at_100_std": 0.283761,
        "nauc_recall_at_100_diff1": 0.717863,
        "nauc_recall_at_1000_max": 0.705415,
        "nauc_recall_at_1000_std": 0.727176,
        "nauc_recall_at_1000_diff1": 0.727928,
        "nauc_precision_at_1_max": 0.377626,
        "nauc_precision_at_1_std": -0.15204,
        "nauc_precision_at_1_diff1": 0.736089,
        "nauc_precision_at_3_max": 0.470916,
        "nauc_precision_at_3_std": -0.07904,
        "nauc_precision_at_3_diff1": 0.658114,
        "nauc_precision_at_5_max": 0.541521,
        "nauc_precision_at_5_std": -0.013118,
        "nauc_precision_at_5_diff1": 0.642795,
        "nauc_precision_at_10_max": 0.605799,
        "nauc_precision_at_10_std": 0.074563,
        "nauc_precision_at_10_diff1": 0.667404,
        "nauc_precision_at_20_max": 0.629219,
        "nauc_precision_at_20_std": 0.150407,
        "nauc_precision_at_20_diff1": 0.67963,
        "nauc_precision_at_100_max": 0.666763,
        "nauc_precision_at_100_std": 0.283761,
        "nauc_precision_at_100_diff1": 0.717863,
        "nauc_precision_at_1000_max": 0.705415,
        "nauc_precision_at_1000_std": 0.727176,
        "nauc_precision_at_1000_diff1": 0.727928,
        "nauc_mrr_at_1_max": 0.377626,
        "nauc_mrr_at_1_std": -0.15204,
        "nauc_mrr_at_1_diff1": 0.736089,
        "nauc_mrr_at_3_max": 0.409617,
        "nauc_mrr_at_3_std": -0.128872,
        "nauc_mrr_at_3_diff1": 0.708721,
        "nauc_mrr_at_5_max": 0.414704,
        "nauc_mrr_at_5_std": -0.123514,
        "nauc_mrr_at_5_diff1": 0.709286,
        "nauc_mrr_at_10_max": 0.41503,
        "nauc_mrr_at_10_std": -0.12185,
        "nauc_mrr_at_10_diff1": 0.71188,
        "nauc_mrr_at_20_max": 0.413866,
        "nauc_mrr_at_20_std": -0.122124,
        "nauc_mrr_at_20_diff1": 0.712438,
        "nauc_mrr_at_100_max": 0.41296,
        "nauc_mrr_at_100_std": -0.122737,
        "nauc_mrr_at_100_diff1": 0.712661,
        "nauc_mrr_at_1000_max": 0.412891,
        "nauc_mrr_at_1000_std": -0.122813,
        "nauc_mrr_at_1000_diff1": 0.712673,
        "hit_rate_at_1": 0.68,
        "hit_rate_at_3": 0.8448,
        "hit_rate_at_5": 0.8942,
        "hit_rate_at_10": 0.9286,
        "hit_rate_at_20": 0.952,
        "hit_rate_at_100": 0.9816,
        "hit_rate_at_1000": 0.9964,
        "main_score": 0.80907,
        "hf_subset": "default",
        "languages": [
          "eng-Latn"
        ]
      }
    ]
  },
  "evaluation_time": 435.48381757736206,
  "kg_co2_emissions": null,
  "date": 1778636950.258029
}