{
  "dataset_revision": "5d958fb6b31055495347724d46431ba41309b03a",
  "task_name": "ChemNQRetrieval",
  "mteb_version": "2.12.15",
  "scores": {
    "test": [
      {
        "ndcg_at_1": 0.48148,
        "ndcg_at_3": 0.55949,
        "ndcg_at_5": 0.60995,
        "ndcg_at_10": 0.61652,
        "ndcg_at_20": 0.64708,
        "ndcg_at_100": 0.65409,
        "ndcg_at_1000": 0.66788,
        "map_at_1": 0.38272,
        "map_at_3": 0.51543,
        "map_at_5": 0.54691,
        "map_at_10": 0.55062,
        "map_at_20": 0.56138,
        "map_at_100": 0.56235,
        "map_at_1000": 0.56303,
        "recall_at_1": 0.38272,
        "recall_at_3": 0.62346,
        "recall_at_5": 0.73457,
        "recall_at_10": 0.75309,
        "recall_at_20": 0.8642,
        "recall_at_100": 0.90123,
        "recall_at_1000": 1.0,
        "accuracy": 0.38272,
        "precision_at_1": 0.48148,
        "precision_at_3": 0.25926,
        "precision_at_5": 0.18519,
        "precision_at_10": 0.0963,
        "precision_at_20": 0.05556,
        "precision_at_100": 0.01148,
        "precision_at_1000": 0.0013,
        "mrr_at_1": 0.481481,
        "mrr_at_3": 0.58642,
        "mrr_at_5": 0.612346,
        "mrr_at_10": 0.612346,
        "mrr_at_20": 0.617373,
        "mrr_at_100": 0.618348,
        "mrr_at_1000": 0.618713,
        "nauc_ndcg_at_1_max": 0.440264,
        "nauc_ndcg_at_1_std": 0.104981,
        "nauc_ndcg_at_1_diff1": 0.25391,
        "nauc_ndcg_at_3_max": 0.255807,
        "nauc_ndcg_at_3_std": 0.010554,
        "nauc_ndcg_at_3_diff1": -0.037959,
        "nauc_ndcg_at_5_max": 0.33887,
        "nauc_ndcg_at_5_std": 0.062201,
        "nauc_ndcg_at_5_diff1": -0.040652,
        "nauc_ndcg_at_10_max": 0.347936,
        "nauc_ndcg_at_10_std": 0.054517,
        "nauc_ndcg_at_10_diff1": -0.065217,
        "nauc_ndcg_at_20_max": 0.373695,
        "nauc_ndcg_at_20_std": 0.11739,
        "nauc_ndcg_at_20_diff1": 0.058076,
        "nauc_ndcg_at_100_max": 0.363717,
        "nauc_ndcg_at_100_std": 0.104868,
        "nauc_ndcg_at_100_diff1": 0.056503,
        "nauc_ndcg_at_1000_max": 0.361187,
        "nauc_ndcg_at_1000_std": 0.089321,
        "nauc_ndcg_at_1000_diff1": 0.037849,
        "nauc_map_at_1_max": 0.287927,
        "nauc_map_at_1_std": 0.086109,
        "nauc_map_at_1_diff1": 0.154723,
        "nauc_map_at_3_max": 0.234417,
        "nauc_map_at_3_std": -0.000568,
        "nauc_map_at_3_diff1": 0.02936,
        "nauc_map_at_5_max": 0.293662,
        "nauc_map_at_5_std": 0.024911,
        "nauc_map_at_5_diff1": 0.022782,
        "nauc_map_at_10_max": 0.297805,
        "nauc_map_at_10_std": 0.020709,
        "nauc_map_at_10_diff1": 0.010712,
        "nauc_map_at_20_max": 0.314011,
        "nauc_map_at_20_std": 0.049601,
        "nauc_map_at_20_diff1": 0.044727,
        "nauc_map_at_100_max": 0.312661,
        "nauc_map_at_100_std": 0.04793,
        "nauc_map_at_100_diff1": 0.044501,
        "nauc_map_at_1000_max": 0.311842,
        "nauc_map_at_1000_std": 0.046625,
        "nauc_map_at_1000_diff1": 0.043662,
        "nauc_recall_at_1_max": 0.287927,
        "nauc_recall_at_1_std": 0.086109,
        "nauc_recall_at_1_diff1": 0.154723,
        "nauc_recall_at_3_max": 0.120177,
        "nauc_recall_at_3_std": -0.049315,
        "nauc_recall_at_3_diff1": -0.236766,
        "nauc_recall_at_5_max": 0.279341,
        "nauc_recall_at_5_std": 0.053476,
        "nauc_recall_at_5_diff1": -0.283185,
        "nauc_recall_at_10_max": 0.307191,
        "nauc_recall_at_10_std": 0.025886,
        "nauc_recall_at_10_diff1": -0.380603,
        "nauc_recall_at_20_max": 0.388161,
        "nauc_recall_at_20_std": 0.341441,
        "nauc_recall_at_20_diff1": 0.310016,
        "nauc_recall_at_100_max": 0.249654,
        "nauc_recall_at_100_std": 0.249654,
        "nauc_recall_at_100_diff1": 0.373561,
        "nauc_recall_at_1000_max": NaN,
        "nauc_recall_at_1000_std": NaN,
        "nauc_recall_at_1000_diff1": NaN,
        "nauc_precision_at_1_max": 0.440264,
        "nauc_precision_at_1_std": 0.104981,
        "nauc_precision_at_1_diff1": 0.25391,
        "nauc_precision_at_3_max": 0.247211,
        "nauc_precision_at_3_std": -0.106335,
        "nauc_precision_at_3_diff1": -0.0703,
        "nauc_precision_at_5_max": 0.451925,
        "nauc_precision_at_5_std": 0.078297,
        "nauc_precision_at_5_diff1": -0.12131,
        "nauc_precision_at_10_max": 0.418727,
        "nauc_precision_at_10_std": 0.037766,
        "nauc_precision_at_10_diff1": -0.197818,
        "nauc_precision_at_20_max": 0.481233,
        "nauc_precision_at_20_std": 0.288083,
        "nauc_precision_at_20_diff1": 0.141861,
        "nauc_precision_at_100_max": 0.457506,
        "nauc_precision_at_100_std": 0.261811,
        "nauc_precision_at_100_diff1": 0.144671,
        "nauc_precision_at_1000_max": 0.335315,
        "nauc_precision_at_1000_std": 0.14539,
        "nauc_precision_at_1000_diff1": 0.067897,
        "nauc_mrr_at_1_max": 0.440264,
        "nauc_mrr_at_1_std": 0.104981,
        "nauc_mrr_at_1_diff1": 0.25391,
        "nauc_mrr_at_3_max": 0.42599,
        "nauc_mrr_at_3_std": 0.098268,
        "nauc_mrr_at_3_diff1": 0.034705,
        "nauc_mrr_at_5_max": 0.45589,
        "nauc_mrr_at_5_std": 0.135202,
        "nauc_mrr_at_5_diff1": 0.051635,
        "nauc_mrr_at_10_max": 0.45589,
        "nauc_mrr_at_10_std": 0.135202,
        "nauc_mrr_at_10_diff1": 0.051635,
        "nauc_mrr_at_20_max": 0.448711,
        "nauc_mrr_at_20_std": 0.13191,
        "nauc_mrr_at_20_diff1": 0.077615,
        "nauc_mrr_at_100_max": 0.447775,
        "nauc_mrr_at_100_std": 0.130464,
        "nauc_mrr_at_100_diff1": 0.077494,
        "nauc_mrr_at_1000_max": 0.447306,
        "nauc_mrr_at_1000_std": 0.129589,
        "nauc_mrr_at_1000_diff1": 0.076448,
        "hit_rate_at_1": 0.48148,
        "hit_rate_at_3": 0.7037,
        "hit_rate_at_5": 0.81481,
        "hit_rate_at_10": 0.81481,
        "hit_rate_at_20": 0.88889,
        "hit_rate_at_100": 0.92593,
        "hit_rate_at_1000": 1.0,
        "main_score": 0.61652,
        "hf_subset": "default",
        "languages": [
          "eng-Latn"
        ]
      }
    ]
  },
  "evaluation_time": 71.72410082817078,
  "kg_co2_emissions": null,
  "date": 1775767790.080879
}