{
  "dataset_revision": "1840e8a5ac6ec752bbdd97d543ead0189bc7c25b",
  "task_name": "ChemHotpotQARetrieval",
  "mteb_version": "2.12.15",
  "scores": {
    "train": [
      {
        "ndcg_at_1": 0.81667,
        "ndcg_at_3": 0.84587,
        "ndcg_at_5": 0.8614,
        "ndcg_at_10": 0.86698,
        "ndcg_at_20": 0.87556,
        "ndcg_at_100": 0.87974,
        "ndcg_at_1000": 0.88113,
        "map_at_1": 0.79722,
        "map_at_3": 0.83519,
        "map_at_5": 0.84352,
        "map_at_10": 0.84593,
        "map_at_20": 0.84836,
        "map_at_100": 0.84922,
        "map_at_1000": 0.84927,
        "recall_at_1": 0.79722,
        "recall_at_3": 0.86944,
        "recall_at_5": 0.90833,
        "recall_at_10": 0.925,
        "recall_at_20": 0.95833,
        "recall_at_100": 0.97778,
        "recall_at_1000": 0.98889,
        "accuracy": 0.79722,
        "precision_at_1": 0.81667,
        "precision_at_3": 0.3,
        "precision_at_5": 0.18778,
        "precision_at_10": 0.09556,
        "precision_at_20": 0.04944,
        "precision_at_100": 0.01017,
        "precision_at_1000": 0.00103,
        "mrr_at_1": 0.816667,
        "mrr_at_3": 0.843519,
        "mrr_at_5": 0.851852,
        "mrr_at_10": 0.854266,
        "mrr_at_20": 0.856691,
        "mrr_at_100": 0.857009,
        "mrr_at_1000": 0.857056,
        "nauc_ndcg_at_1_max": 0.599389,
        "nauc_ndcg_at_1_std": -0.270042,
        "nauc_ndcg_at_1_diff1": 0.881178,
        "nauc_ndcg_at_3_max": 0.542175,
        "nauc_ndcg_at_3_std": -0.24188,
        "nauc_ndcg_at_3_diff1": 0.783149,
        "nauc_ndcg_at_5_max": 0.513749,
        "nauc_ndcg_at_5_std": -0.281094,
        "nauc_ndcg_at_5_diff1": 0.769073,
        "nauc_ndcg_at_10_max": 0.496717,
        "nauc_ndcg_at_10_std": -0.329482,
        "nauc_ndcg_at_10_diff1": 0.763255,
        "nauc_ndcg_at_20_max": 0.482156,
        "nauc_ndcg_at_20_std": -0.345622,
        "nauc_ndcg_at_20_diff1": 0.76155,
        "nauc_ndcg_at_100_max": 0.501313,
        "nauc_ndcg_at_100_std": -0.307599,
        "nauc_ndcg_at_100_diff1": 0.78624,
        "nauc_ndcg_at_1000_max": 0.500696,
        "nauc_ndcg_at_1000_std": -0.304443,
        "nauc_ndcg_at_1000_diff1": 0.788002,
        "nauc_map_at_1_max": 0.492207,
        "nauc_map_at_1_std": -0.335539,
        "nauc_map_at_1_diff1": 0.817176,
        "nauc_map_at_3_max": 0.528589,
        "nauc_map_at_3_std": -0.27382,
        "nauc_map_at_3_diff1": 0.773709,
        "nauc_map_at_5_max": 0.513954,
        "nauc_map_at_5_std": -0.295757,
        "nauc_map_at_5_diff1": 0.766206,
        "nauc_map_at_10_max": 0.50769,
        "nauc_map_at_10_std": -0.314319,
        "nauc_map_at_10_diff1": 0.764106,
        "nauc_map_at_20_max": 0.504492,
        "nauc_map_at_20_std": -0.317856,
        "nauc_map_at_20_diff1": 0.763611,
        "nauc_map_at_100_max": 0.508473,
        "nauc_map_at_100_std": -0.311913,
        "nauc_map_at_100_diff1": 0.768598,
        "nauc_map_at_1000_max": 0.508443,
        "nauc_map_at_1000_std": -0.311831,
        "nauc_map_at_1000_diff1": 0.768631,
        "nauc_recall_at_1_max": 0.492207,
        "nauc_recall_at_1_std": -0.335539,
        "nauc_recall_at_1_diff1": 0.817176,
        "nauc_recall_at_3_max": 0.505308,
        "nauc_recall_at_3_std": -0.194182,
        "nauc_recall_at_3_diff1": 0.720444,
        "nauc_recall_at_5_max": 0.383909,
        "nauc_recall_at_5_std": -0.305195,
        "nauc_recall_at_5_diff1": 0.638075,
        "nauc_recall_at_10_max": 0.267576,
        "nauc_recall_at_10_std": -0.554086,
        "nauc_recall_at_10_diff1": 0.578224,
        "nauc_recall_at_20_max": -0.076844,
        "nauc_recall_at_20_std": -0.911204,
        "nauc_recall_at_20_diff1": 0.414161,
        "nauc_recall_at_100_max": -0.13422,
        "nauc_recall_at_100_std": -0.480159,
        "nauc_recall_at_100_diff1": 0.674953,
        "nauc_recall_at_1000_max": -0.80859,
        "nauc_recall_at_1000_std": -0.396825,
        "nauc_recall_at_1000_diff1": 0.711718,
        "nauc_precision_at_1_max": 0.599389,
        "nauc_precision_at_1_std": -0.270042,
        "nauc_precision_at_1_diff1": 0.881178,
        "nauc_precision_at_3_max": 0.492202,
        "nauc_precision_at_3_std": -0.018814,
        "nauc_precision_at_3_diff1": 0.50747,
        "nauc_precision_at_5_max": 0.401633,
        "nauc_precision_at_5_std": -0.052234,
        "nauc_precision_at_5_diff1": 0.389196,
        "nauc_precision_at_10_max": 0.321604,
        "nauc_precision_at_10_std": -0.189427,
        "nauc_precision_at_10_diff1": 0.3072,
        "nauc_precision_at_20_max": 0.147298,
        "nauc_precision_at_20_std": -0.227269,
        "nauc_precision_at_20_diff1": 0.08678,
        "nauc_precision_at_100_max": 0.210838,
        "nauc_precision_at_100_std": 0.246588,
        "nauc_precision_at_100_diff1": 0.134807,
        "nauc_precision_at_1000_max": 0.164389,
        "nauc_precision_at_1000_std": 0.360847,
        "nauc_precision_at_1000_diff1": 0.063807,
        "nauc_mrr_at_1_max": 0.599389,
        "nauc_mrr_at_1_std": -0.270042,
        "nauc_mrr_at_1_diff1": 0.881178,
        "nauc_mrr_at_3_max": 0.608779,
        "nauc_mrr_at_3_std": -0.211792,
        "nauc_mrr_at_3_diff1": 0.865809,
        "nauc_mrr_at_5_max": 0.59775,
        "nauc_mrr_at_5_std": -0.231485,
        "nauc_mrr_at_5_diff1": 0.862923,
        "nauc_mrr_at_10_max": 0.592614,
        "nauc_mrr_at_10_std": -0.249898,
        "nauc_mrr_at_10_diff1": 0.862393,
        "nauc_mrr_at_20_max": 0.590755,
        "nauc_mrr_at_20_std": -0.252479,
        "nauc_mrr_at_20_diff1": 0.863617,
        "nauc_mrr_at_100_max": 0.590346,
        "nauc_mrr_at_100_std": -0.249925,
        "nauc_mrr_at_100_diff1": 0.863399,
        "nauc_mrr_at_1000_max": 0.590343,
        "nauc_mrr_at_1000_std": -0.249818,
        "nauc_mrr_at_1000_diff1": 0.863466,
        "hit_rate_at_1": 0.81667,
        "hit_rate_at_3": 0.87778,
        "hit_rate_at_5": 0.91667,
        "hit_rate_at_10": 0.93333,
        "hit_rate_at_20": 0.96667,
        "hit_rate_at_100": 0.97778,
        "hit_rate_at_1000": 0.98889,
        "main_score": 0.86698,
        "hf_subset": "default",
        "languages": [
          "eng-Latn"
        ]
      }
    ],
    "dev": [
      {
        "ndcg_at_1": 0.875,
        "ndcg_at_3": 0.875,
        "ndcg_at_5": 0.875,
        "ndcg_at_10": 0.875,
        "ndcg_at_20": 0.875,
        "ndcg_at_100": 0.875,
        "ndcg_at_1000": 0.89183,
        "map_at_1": 0.875,
        "map_at_3": 0.875,
        "map_at_5": 0.875,
        "map_at_10": 0.875,
        "map_at_20": 0.875,
        "map_at_100": 0.875,
        "map_at_1000": 0.87573,
        "recall_at_1": 0.875,
        "recall_at_3": 0.875,
        "recall_at_5": 0.875,
        "recall_at_10": 0.875,
        "recall_at_20": 0.875,
        "recall_at_100": 0.875,
        "recall_at_1000": 1.0,
        "accuracy": 0.875,
        "precision_at_1": 0.875,
        "precision_at_3": 0.29167,
        "precision_at_5": 0.175,
        "precision_at_10": 0.0875,
        "precision_at_20": 0.04375,
        "precision_at_100": 0.00875,
        "precision_at_1000": 0.001,
        "mrr_at_1": 0.875,
        "mrr_at_3": 0.875,
        "mrr_at_5": 0.875,
        "mrr_at_10": 0.875,
        "mrr_at_20": 0.875,
        "mrr_at_100": 0.875,
        "mrr_at_1000": 0.875731,
        "nauc_ndcg_at_1_max": 1.0,
        "nauc_ndcg_at_1_std": 0.551821,
        "nauc_ndcg_at_1_diff1": 0.865546,
        "nauc_ndcg_at_3_max": 1.0,
        "nauc_ndcg_at_3_std": 0.551821,
        "nauc_ndcg_at_3_diff1": 0.865546,
        "nauc_ndcg_at_5_max": 1.0,
        "nauc_ndcg_at_5_std": 0.551821,
        "nauc_ndcg_at_5_diff1": 0.865546,
        "nauc_ndcg_at_10_max": 1.0,
        "nauc_ndcg_at_10_std": 0.551821,
        "nauc_ndcg_at_10_diff1": 0.865546,
        "nauc_ndcg_at_20_max": 1.0,
        "nauc_ndcg_at_20_std": 0.551821,
        "nauc_ndcg_at_20_diff1": 0.865546,
        "nauc_ndcg_at_100_max": 1.0,
        "nauc_ndcg_at_100_std": 0.551821,