{
  "dataset_revision": "5377aa18f309ec440ff6325a4c2cd3362c2cb8d7",
  "task_name": "ChemRxivRetrieval",
  "mteb_version": "2.12.16",
  "scores": {
    "test": [
      {
        "ndcg_at_1": 0.7652,
        "ndcg_at_3": 0.85065,
        "ndcg_at_5": 0.86262,
        "ndcg_at_10": 0.8707,
        "ndcg_at_20": 0.87461,
        "ndcg_at_100": 0.87767,
        "ndcg_at_1000": 0.87838,
        "map_at_1": 0.7652,
        "map_at_3": 0.83057,
        "map_at_5": 0.83723,
        "map_at_10": 0.8406,
        "map_at_20": 0.8417,
        "map_at_100": 0.84216,
        "map_at_1000": 0.84219,
        "recall_at_1": 0.7652,
        "recall_at_3": 0.9084,
        "recall_at_5": 0.9374,
        "recall_at_10": 0.9622,
        "recall_at_20": 0.9774,
        "recall_at_100": 0.9934,
        "recall_at_1000": 0.999,
        "accuracy": 0.7652,
        "precision_at_1": 0.7652,
        "precision_at_3": 0.3028,
        "precision_at_5": 0.18748,
        "precision_at_10": 0.09622,
        "precision_at_20": 0.04887,
        "precision_at_100": 0.00993,
        "precision_at_1000": 0.001,
        "mrr_at_1": 0.7652,
        "mrr_at_3": 0.830567,
        "mrr_at_5": 0.837227,
        "mrr_at_10": 0.840596,
        "mrr_at_20": 0.8417,
        "mrr_at_100": 0.842158,
        "mrr_at_1000": 0.842185,
        "nauc_ndcg_at_1_max": 0.443999,
        "nauc_ndcg_at_1_std": -0.219948,
        "nauc_ndcg_at_1_diff1": 0.802498,
        "nauc_ndcg_at_3_max": 0.507235,
        "nauc_ndcg_at_3_std": -0.202126,
        "nauc_ndcg_at_3_diff1": 0.777117,
        "nauc_ndcg_at_5_max": 0.504491,
        "nauc_ndcg_at_5_std": -0.199031,
        "nauc_ndcg_at_5_diff1": 0.775649,
        "nauc_ndcg_at_10_max": 0.503162,
        "nauc_ndcg_at_10_std": -0.199377,
        "nauc_ndcg_at_10_diff1": 0.779921,
        "nauc_ndcg_at_20_max": 0.497242,
        "nauc_ndcg_at_20_std": -0.19912,
        "nauc_ndcg_at_20_diff1": 0.781077,
        "nauc_ndcg_at_100_max": 0.491856,
        "nauc_ndcg_at_100_std": -0.201552,
        "nauc_ndcg_at_100_diff1": 0.783501,
        "nauc_ndcg_at_1000_max": 0.489819,
        "nauc_ndcg_at_1000_std": -0.20316,
        "nauc_ndcg_at_1000_diff1": 0.783366,
        "nauc_map_at_1_max": 0.443999,
        "nauc_map_at_1_std": -0.219948,
        "nauc_map_at_1_diff1": 0.802498,
        "nauc_map_at_3_max": 0.487023,
        "nauc_map_at_3_std": -0.208992,
        "nauc_map_at_3_diff1": 0.783729,
        "nauc_map_at_5_max": 0.484706,
        "nauc_map_at_5_std": -0.207922,
        "nauc_map_at_5_diff1": 0.783266,
        "nauc_map_at_10_max": 0.484131,
        "nauc_map_at_10_std": -0.207869,
        "nauc_map_at_10_diff1": 0.785008,
        "nauc_map_at_20_max": 0.482723,
        "nauc_map_at_20_std": -0.207801,
        "nauc_map_at_20_diff1": 0.785312,
        "nauc_map_at_100_max": 0.482028,
        "nauc_map_at_100_std": -0.208093,
        "nauc_map_at_100_diff1": 0.785597,
        "nauc_map_at_1000_max": 0.481972,
        "nauc_map_at_1000_std": -0.208137,
        "nauc_map_at_1000_diff1": 0.785592,
        "nauc_recall_at_1_max": 0.443999,
        "nauc_recall_at_1_std": -0.219948,
        "nauc_recall_at_1_diff1": 0.802498,
        "nauc_recall_at_3_max": 0.607247,
        "nauc_recall_at_3_std": -0.167309,
        "nauc_recall_at_3_diff1": 0.745482,
        "nauc_recall_at_5_max": 0.641172,
        "nauc_recall_at_5_std": -0.134851,
        "nauc_recall_at_5_diff1": 0.724114,
        "nauc_recall_at_10_max": 0.711082,
        "nauc_recall_at_10_std": -0.103795,
        "nauc_recall_at_10_diff1": 0.729744,
        "nauc_recall_at_20_max": 0.728923,
        "nauc_recall_at_20_std": -0.037794,
        "nauc_recall_at_20_diff1": 0.718929,
        "nauc_recall_at_100_max": 0.814843,
        "nauc_recall_at_100_std": 0.130351,
        "nauc_recall_at_100_diff1": 0.790496,
        "nauc_recall_at_1000_max": 0.763772,
        "nauc_recall_at_1000_std": 0.504388,
        "nauc_recall_at_1000_diff1": 0.726891,
        "nauc_precision_at_1_max": 0.443999,
        "nauc_precision_at_1_std": -0.219948,
        "nauc_precision_at_1_diff1": 0.802498,
        "nauc_precision_at_3_max": 0.607247,
        "nauc_precision_at_3_std": -0.167309,
        "nauc_precision_at_3_diff1": 0.745482,
        "nauc_precision_at_5_max": 0.641172,
        "nauc_precision_at_5_std": -0.134851,
        "nauc_precision_at_5_diff1": 0.724114,
        "nauc_precision_at_10_max": 0.711082,
        "nauc_precision_at_10_std": -0.103795,
        "nauc_precision_at_10_diff1": 0.729744,
        "nauc_precision_at_20_max": 0.728923,
        "nauc_precision_at_20_std": -0.037794,
        "nauc_precision_at_20_diff1": 0.718929,
        "nauc_precision_at_100_max": 0.814843,
        "nauc_precision_at_100_std": 0.130351,
        "nauc_precision_at_100_diff1": 0.790496,
        "nauc_precision_at_1000_max": 0.763772,
        "nauc_precision_at_1000_std": 0.504388,
        "nauc_precision_at_1000_diff1": 0.726891,
        "nauc_mrr_at_1_max": 0.443999,
        "nauc_mrr_at_1_std": -0.219948,
        "nauc_mrr_at_1_diff1": 0.802498,
        "nauc_mrr_at_3_max": 0.487156,
        "nauc_mrr_at_3_std": -0.207949,
        "nauc_mrr_at_3_diff1": 0.783729,
        "nauc_mrr_at_5_max": 0.48474,
        "nauc_mrr_at_5_std": -0.20765,
        "nauc_mrr_at_5_diff1": 0.783266,
        "nauc_mrr_at_10_max": 0.484166,
        "nauc_mrr_at_10_std": -0.20759,
        "nauc_mrr_at_10_diff1": 0.785008,
        "nauc_mrr_at_20_max": 0.482759,
        "nauc_mrr_at_20_std": -0.20752,
        "nauc_mrr_at_20_diff1": 0.785312,
        "nauc_mrr_at_100_max": 0.482063,
        "nauc_mrr_at_100_std": -0.207813,
        "nauc_mrr_at_100_diff1": 0.785597,
        "nauc_mrr_at_1000_max": 0.482008,
        "nauc_mrr_at_1000_std": -0.207857,
        "nauc_mrr_at_1000_diff1": 0.785592,
        "hit_rate_at_1": 0.7652,
        "hit_rate_at_3": 0.9084,
        "hit_rate_at_5": 0.9374,
        "hit_rate_at_10": 0.9622,
        "hit_rate_at_20": 0.9774,
        "hit_rate_at_100": 0.9934,
        "hit_rate_at_1000": 0.999,
        "main_score": 0.8707,
        "hf_subset": "default",
        "languages": [
          "eng-Latn"
        ]
      }
    ]
  },
  "evaluation_time": 435.2595467567444,
  "kg_co2_emissions": null,
  "date": 1778646152.094636
}