{
  "dataset_revision": "5d958fb6b31055495347724d46431ba41309b03a",
  "task_name": "ChemNQRetrieval",
  "mteb_version": "2.12.16",
  "scores": {
    "test": [
      {
        "ndcg_at_1": 0.37037,
        "ndcg_at_3": 0.52088,
        "ndcg_at_5": 0.54562,
        "ndcg_at_10": 0.56003,
        "ndcg_at_20": 0.6073,
        "ndcg_at_100": 0.62243,
        "ndcg_at_1000": 0.62643,
        "map_at_1": 0.2963,
        "map_at_3": 0.46605,
        "map_at_5": 0.48272,
        "map_at_10": 0.48948,
        "map_at_20": 0.50365,
        "map_at_100": 0.50697,
        "map_at_1000": 0.50703,
        "recall_at_1": 0.2963,
        "recall_at_3": 0.62346,
        "recall_at_5": 0.67901,
        "recall_at_10": 0.71605,
        "recall_at_20": 0.89506,
        "recall_at_100": 0.96296,
        "recall_at_1000": 1.0,
        "accuracy": 0.2963,
        "precision_at_1": 0.37037,
        "precision_at_3": 0.25926,
        "precision_at_5": 0.17037,
        "precision_at_10": 0.09259,
        "precision_at_20": 0.05741,
        "precision_at_100": 0.01259,
        "precision_at_1000": 0.0013,
        "mrr_at_1": 0.37037,
        "mrr_at_3": 0.524691,
        "mrr_at_5": 0.533951,
        "mrr_at_10": 0.539242,
        "mrr_at_20": 0.549575,
        "mrr_at_100": 0.55077,
        "mrr_at_1000": 0.550831,
        "nauc_ndcg_at_1_max": 0.360824,
        "nauc_ndcg_at_1_std": 0.113028,
        "nauc_ndcg_at_1_diff1": 0.327812,
        "nauc_ndcg_at_3_max": 0.397903,
        "nauc_ndcg_at_3_std": 0.109812,
        "nauc_ndcg_at_3_diff1": 0.292852,
        "nauc_ndcg_at_5_max": 0.368483,
        "nauc_ndcg_at_5_std": 0.077851,
        "nauc_ndcg_at_5_diff1": 0.246991,
        "nauc_ndcg_at_10_max": 0.471273,
        "nauc_ndcg_at_10_std": 0.169858,
        "nauc_ndcg_at_10_diff1": 0.318117,
        "nauc_ndcg_at_20_max": 0.422157,
        "nauc_ndcg_at_20_std": 0.12283,
        "nauc_ndcg_at_20_diff1": 0.297856,
        "nauc_ndcg_at_100_max": 0.422398,
        "nauc_ndcg_at_100_std": 0.109523,
        "nauc_ndcg_at_100_diff1": 0.309489,
        "nauc_ndcg_at_1000_max": 0.423509,
        "nauc_ndcg_at_1000_std": 0.121204,
        "nauc_ndcg_at_1000_diff1": 0.299931,
        "nauc_map_at_1_max": 0.300595,
        "nauc_map_at_1_std": 0.140861,
        "nauc_map_at_1_diff1": 0.288294,
        "nauc_map_at_3_max": 0.376237,
        "nauc_map_at_3_std": 0.076692,
        "nauc_map_at_3_diff1": 0.31435,
        "nauc_map_at_5_max": 0.361984,
        "nauc_map_at_5_std": 0.062804,
        "nauc_map_at_5_diff1": 0.283336,
        "nauc_map_at_10_max": 0.406405,
        "nauc_map_at_10_std": 0.102417,
        "nauc_map_at_10_diff1": 0.31473,
        "nauc_map_at_20_max": 0.3937,
        "nauc_map_at_20_std": 0.092709,
        "nauc_map_at_20_diff1": 0.306958,
        "nauc_map_at_100_max": 0.393904,
        "nauc_map_at_100_std": 0.090443,
        "nauc_map_at_100_diff1": 0.308874,
        "nauc_map_at_1000_max": 0.393911,
        "nauc_map_at_1000_std": 0.09058,
        "nauc_map_at_1000_diff1": 0.308758,
        "nauc_recall_at_1_max": 0.300595,
        "nauc_recall_at_1_std": 0.140861,
        "nauc_recall_at_1_diff1": 0.288294,
        "nauc_recall_at_3_max": 0.383144,
        "nauc_recall_at_3_std": 0.116384,
        "nauc_recall_at_3_diff1": 0.275892,
        "nauc_recall_at_5_max": 0.298753,
        "nauc_recall_at_5_std": 0.03028,
        "nauc_recall_at_5_diff1": 0.159832,
        "nauc_recall_at_10_max": 0.59181,
        "nauc_recall_at_10_std": 0.297239,
        "nauc_recall_at_10_diff1": 0.358931,
        "nauc_recall_at_20_max": 0.309615,
        "nauc_recall_at_20_std": -0.006619,
        "nauc_recall_at_20_diff1": 0.303092,
        "nauc_recall_at_100_max": 0.35755,
        "nauc_recall_at_100_std": -0.572623,
        "nauc_recall_at_100_diff1": 0.867647,
        "nauc_recall_at_1000_max": NaN,
        "nauc_recall_at_1000_std": NaN,
        "nauc_recall_at_1000_diff1": NaN,
        "nauc_precision_at_1_max": 0.360824,
        "nauc_precision_at_1_std": 0.113028,
        "nauc_precision_at_1_diff1": 0.327812,
        "nauc_precision_at_3_max": 0.416708,
        "nauc_precision_at_3_std": 0.044249,
        "nauc_precision_at_3_diff1": 0.242462,
        "nauc_precision_at_5_max": 0.307262,
        "nauc_precision_at_5_std": 0.002801,
        "nauc_precision_at_5_diff1": 0.08431,
        "nauc_precision_at_10_max": 0.587243,
        "nauc_precision_at_10_std": 0.295204,
        "nauc_precision_at_10_diff1": 0.284249,
        "nauc_precision_at_20_max": 0.407396,
        "nauc_precision_at_20_std": 0.220889,
        "nauc_precision_at_20_diff1": 0.117541,
        "nauc_precision_at_100_max": 0.318138,
        "nauc_precision_at_100_std": 0.152857,
        "nauc_precision_at_100_diff1": 0.071834,
        "nauc_precision_at_1000_max": 0.314389,
        "nauc_precision_at_1000_std": 0.221882,
        "nauc_precision_at_1000_diff1": -0.003883,
        "nauc_mrr_at_1_max": 0.360824,
        "nauc_mrr_at_1_std": 0.113028,
        "nauc_mrr_at_1_diff1": 0.327812,
        "nauc_mrr_at_3_max": 0.426175,
        "nauc_mrr_at_3_std": 0.166001,
        "nauc_mrr_at_3_diff1": 0.250047,
        "nauc_mrr_at_5_max": 0.405353,
        "nauc_mrr_at_5_std": 0.139515,
        "nauc_mrr_at_5_diff1": 0.238752,
        "nauc_mrr_at_10_max": 0.440718,
        "nauc_mrr_at_10_std": 0.171531,
        "nauc_mrr_at_10_diff1": 0.262798,
        "nauc_mrr_at_20_max": 0.423996,
        "nauc_mrr_at_20_std": 0.152752,
        "nauc_mrr_at_20_diff1": 0.259251,
        "nauc_mrr_at_100_max": 0.423459,
        "nauc_mrr_at_100_std": 0.151112,
        "nauc_mrr_at_100_diff1": 0.261019,
        "nauc_mrr_at_1000_max": 0.423472,
        "nauc_mrr_at_1000_std": 0.151262,
        "nauc_mrr_at_1000_diff1": 0.260893,
        "hit_rate_at_1": 0.37037,
        "hit_rate_at_3": 0.7037,
        "hit_rate_at_5": 0.74074,
        "hit_rate_at_10": 0.77778,
        "hit_rate_at_20": 0.92593,
        "hit_rate_at_100": 0.96296,
        "hit_rate_at_1000": 1.0,
        "main_score": 0.56003,
        "hf_subset": "default",
        "languages": [
          "eng-Latn"
        ]
      }
    ]
  },
  "evaluation_time": 61.6006646156311,
  "kg_co2_emissions": null,
  "date": 1778645629.403893
}