{
  "dataset_revision": "5d958fb6b31055495347724d46431ba41309b03a",
  "task_name": "ChemNQRetrieval",
  "mteb_version": "2.12.16",
  "scores": {
    "test": [
      {
        "ndcg_at_1": 0.37037,
        "ndcg_at_3": 0.52088,
        "ndcg_at_5": 0.54562,
        "ndcg_at_10": 0.56003,
        "ndcg_at_20": 0.60731,
        "ndcg_at_100": 0.62264,
        "ndcg_at_1000": 0.62667,
        "map_at_1": 0.2963,
        "map_at_3": 0.46605,
        "map_at_5": 0.48272,
        "map_at_10": 0.48948,
        "map_at_20": 0.50375,
        "map_at_100": 0.50722,
        "map_at_1000": 0.50728,
        "recall_at_1": 0.2963,
        "recall_at_3": 0.62346,
        "recall_at_5": 0.67901,
        "recall_at_10": 0.71605,
        "recall_at_20": 0.89506,
        "recall_at_100": 0.96296,
        "recall_at_1000": 1.0,
        "accuracy": 0.2963,
        "precision_at_1": 0.37037,
        "precision_at_3": 0.25926,
        "precision_at_5": 0.17037,
        "precision_at_10": 0.09259,
        "precision_at_20": 0.05741,
        "precision_at_100": 0.01259,
        "precision_at_1000": 0.0013,
        "mrr_at_1": 0.37037,
        "mrr_at_3": 0.524691,
        "mrr_at_5": 0.533951,
        "mrr_at_10": 0.539242,
        "mrr_at_20": 0.549421,
        "mrr_at_100": 0.550698,
        "mrr_at_1000": 0.550761,
        "nauc_ndcg_at_1_max": 0.34035,
        "nauc_ndcg_at_1_std": 0.113028,
        "nauc_ndcg_at_1_diff1": 0.307338,
        "nauc_ndcg_at_3_max": 0.392465,
        "nauc_ndcg_at_3_std": 0.124044,
        "nauc_ndcg_at_3_diff1": 0.311874,
        "nauc_ndcg_at_5_max": 0.374746,
        "nauc_ndcg_at_5_std": 0.092801,
        "nauc_ndcg_at_5_diff1": 0.261808,
        "nauc_ndcg_at_10_max": 0.477769,
        "nauc_ndcg_at_10_std": 0.185363,
        "nauc_ndcg_at_10_diff1": 0.333483,
        "nauc_ndcg_at_20_max": 0.430401,
        "nauc_ndcg_at_20_std": 0.14866,
        "nauc_ndcg_at_20_diff1": 0.307595,
        "nauc_ndcg_at_100_max": 0.430863,
        "nauc_ndcg_at_100_std": 0.140466,
        "nauc_ndcg_at_100_diff1": 0.319914,
        "nauc_ndcg_at_1000_max": 0.428707,
        "nauc_ndcg_at_1000_std": 0.145907,
        "nauc_ndcg_at_1000_diff1": 0.308205,
        "nauc_map_at_1_max": 0.278409,
        "nauc_map_at_1_std": 0.148257,
        "nauc_map_at_1_diff1": 0.263548,
        "nauc_map_at_3_max": 0.364698,
        "nauc_map_at_3_std": 0.084385,
        "nauc_map_at_3_diff1": 0.325843,
        "nauc_map_at_5_max": 0.359606,
        "nauc_map_at_5_std": 0.070732,
        "nauc_map_at_5_diff1": 0.293344,
        "nauc_map_at_10_max": 0.403989,
        "nauc_map_at_10_std": 0.110472,
        "nauc_map_at_10_diff1": 0.324898,
        "nauc_map_at_20_max": 0.3919,
        "nauc_map_at_20_std": 0.104229,
        "nauc_map_at_20_diff1": 0.314201,
        "nauc_map_at_100_max": 0.392074,
        "nauc_map_at_100_std": 0.102415,
        "nauc_map_at_100_diff1": 0.316334,
        "nauc_map_at_1000_max": 0.392039,
        "nauc_map_at_1000_std": 0.102474,
        "nauc_map_at_1000_diff1": 0.316187,
        "nauc_recall_at_1_max": 0.278409,
        "nauc_recall_at_1_std": 0.148257,
        "nauc_recall_at_1_diff1": 0.263548,
        "nauc_recall_at_3_max": 0.383144,
        "nauc_recall_at_3_std": 0.132906,
        "nauc_recall_at_3_diff1": 0.323134,
        "nauc_recall_at_5_max": 0.32625,
        "nauc_recall_at_5_std": 0.048611,
        "nauc_recall_at_5_diff1": 0.198257,
        "nauc_recall_at_10_max": 0.62198,
        "nauc_recall_at_10_std": 0.317352,
        "nauc_recall_at_10_diff1": 0.401092,
        "nauc_recall_at_20_max": 0.380792,
        "nauc_recall_at_20_std": 0.088284,
        "nauc_recall_at_20_diff1": 0.350543,
        "nauc_recall_at_100_max": 0.556079,
        "nauc_recall_at_100_std": -0.175564,
        "nauc_recall_at_100_diff1": 1.0,
        "nauc_recall_at_1000_max": NaN,
        "nauc_recall_at_1000_std": NaN,
        "nauc_recall_at_1000_diff1": NaN,
        "nauc_precision_at_1_max": 0.34035,
        "nauc_precision_at_1_std": 0.113028,
        "nauc_precision_at_1_diff1": 0.307338,
        "nauc_precision_at_3_max": 0.435835,
        "nauc_precision_at_3_std": 0.069751,
        "nauc_precision_at_3_diff1": 0.299274,
        "nauc_precision_at_5_max": 0.359535,
        "nauc_precision_at_5_std": 0.026034,
        "nauc_precision_at_5_diff1": 0.133008,
        "nauc_precision_at_10_max": 0.637383,
        "nauc_precision_at_10_std": 0.317489,
        "nauc_precision_at_10_diff1": 0.330961,
        "nauc_precision_at_20_max": 0.465785,
        "nauc_precision_at_20_std": 0.285765,
        "nauc_precision_at_20_diff1": 0.147983,
        "nauc_precision_at_100_max": 0.369882,
        "nauc_precision_at_100_std": 0.244845,
        "nauc_precision_at_100_diff1": 0.098811,
        "nauc_precision_at_1000_max": 0.352166,
        "nauc_precision_at_1000_std": 0.284845,
        "nauc_precision_at_1000_diff1": 0.013068,
        "nauc_mrr_at_1_max": 0.34035,
        "nauc_mrr_at_1_std": 0.113028,
        "nauc_mrr_at_1_diff1": 0.307338,
        "nauc_mrr_at_3_max": 0.426175,
        "nauc_mrr_at_3_std": 0.189395,
        "nauc_mrr_at_3_diff1": 0.253898,
        "nauc_mrr_at_5_max": 0.405353,
        "nauc_mrr_at_5_std": 0.163418,
        "nauc_mrr_at_5_diff1": 0.237655,
        "nauc_mrr_at_10_max": 0.440718,
        "nauc_mrr_at_10_std": 0.195736,
        "nauc_mrr_at_10_diff1": 0.261687,
        "nauc_mrr_at_20_max": 0.424326,
        "nauc_mrr_at_20_std": 0.178114,
        "nauc_mrr_at_20_diff1": 0.257051,
        "nauc_mrr_at_100_max": 0.423754,
        "nauc_mrr_at_100_std": 0.176472,
        "nauc_mrr_at_100_diff1": 0.258931,
        "nauc_mrr_at_1000_max": 0.423725,
        "nauc_mrr_at_1000_std": 0.176547,
        "nauc_mrr_at_1000_diff1": 0.258772,
        "hit_rate_at_1": 0.37037,
        "hit_rate_at_3": 0.7037,
        "hit_rate_at_5": 0.74074,
        "hit_rate_at_10": 0.77778,
        "hit_rate_at_20": 0.92593,
        "hit_rate_at_100": 0.96296,
        "hit_rate_at_1000": 1.0,
        "main_score": 0.56003,
        "hf_subset": "default",
        "languages": [
          "eng-Latn"
        ]
      }
    ]
  },
  "evaluation_time": 71.60400867462158,
  "kg_co2_emissions": null,
  "date": 1776145656.883366
}