{
  "dataset_revision": "5377aa18f309ec440ff6325a4c2cd3362c2cb8d7",
  "task_name": "ChemRxivRetrieval",
  "mteb_version": "2.12.20",
  "scores": {
    "test": [
      {
        "ndcg_at_1": 0.7706,
        "ndcg_at_3": 0.85461,
        "ndcg_at_5": 0.86597,
        "ndcg_at_10": 0.87382,
        "ndcg_at_20": 0.87766,
        "ndcg_at_100": 0.8807,
        "ndcg_at_1000": 0.8814,
        "map_at_1": 0.7706,
        "map_at_3": 0.8348,
        "map_at_5": 0.84115,
        "map_at_10": 0.84444,
        "map_at_20": 0.84551,
        "map_at_100": 0.84598,
        "map_at_1000": 0.846,
        "recall_at_1": 0.7706,
        "recall_at_3": 0.9116,
        "recall_at_5": 0.939,
        "recall_at_10": 0.963,
        "recall_at_20": 0.978,
        "recall_at_100": 0.9938,
        "recall_at_1000": 0.9994,
        "accuracy": 0.7706,
        "precision_at_1": 0.7706,
        "precision_at_3": 0.30387,
        "precision_at_5": 0.1878,
        "precision_at_10": 0.0963,
        "precision_at_20": 0.0489,
        "precision_at_100": 0.00994,
        "precision_at_1000": 0.001,
        "mrr_at_1": 0.771,
        "mrr_at_3": 0.834933,
        "mrr_at_5": 0.841373,
        "mrr_at_10": 0.844632,
        "mrr_at_20": 0.845709,
        "mrr_at_100": 0.84617,
        "mrr_at_1000": 0.846195,
        "nauc_ndcg_at_1_max": 0.450575,
        "nauc_ndcg_at_1_std": -0.231957,
        "nauc_ndcg_at_1_diff1": 0.798962,
        "nauc_ndcg_at_3_max": 0.511233,
        "nauc_ndcg_at_3_std": -0.21935,
        "nauc_ndcg_at_3_diff1": 0.773223,
        "nauc_ndcg_at_5_max": 0.508616,
        "nauc_ndcg_at_5_std": -0.220421,
        "nauc_ndcg_at_5_diff1": 0.774845,
        "nauc_ndcg_at_10_max": 0.509311,
        "nauc_ndcg_at_10_std": -0.215638,
        "nauc_ndcg_at_10_diff1": 0.777377,
        "nauc_ndcg_at_20_max": 0.502955,
        "nauc_ndcg_at_20_std": -0.217027,
        "nauc_ndcg_at_20_diff1": 0.778698,
        "nauc_ndcg_at_100_max": 0.497249,
        "nauc_ndcg_at_100_std": -0.218147,
        "nauc_ndcg_at_100_diff1": 0.780717,
        "nauc_ndcg_at_1000_max": 0.495519,
        "nauc_ndcg_at_1000_std": -0.219294,
        "nauc_ndcg_at_1000_diff1": 0.780667,
        "nauc_map_at_1_max": 0.450575,
        "nauc_map_at_1_std": -0.231957,
        "nauc_map_at_1_diff1": 0.798962,
        "nauc_map_at_3_max": 0.492111,
        "nauc_map_at_3_std": -0.224594,
        "nauc_map_at_3_diff1": 0.780083,
        "nauc_map_at_5_max": 0.490033,
        "nauc_map_at_5_std": -0.225301,
        "nauc_map_at_5_diff1": 0.781222,
        "nauc_map_at_10_max": 0.490212,
        "nauc_map_at_10_std": -0.223296,
        "nauc_map_at_10_diff1": 0.782286,
        "nauc_map_at_20_max": 0.488722,
        "nauc_map_at_20_std": -0.223543,
        "nauc_map_at_20_diff1": 0.782623,
        "nauc_map_at_100_max": 0.488,
        "nauc_map_at_100_std": -0.223515,
        "nauc_map_at_100_diff1": 0.782841,
        "nauc_map_at_1000_max": 0.48796,
        "nauc_map_at_1000_std": -0.223531,
        "nauc_map_at_1000_diff1": 0.782839,
        "nauc_recall_at_1_max": 0.450575,
        "nauc_recall_at_1_std": -0.231957,
        "nauc_recall_at_1_diff1": 0.798962,
        "nauc_recall_at_3_max": 0.606904,
        "nauc_recall_at_3_std": -0.192168,
        "nauc_recall_at_3_diff1": 0.739834,
        "nauc_recall_at_5_max": 0.636964,
        "nauc_recall_at_5_std": -0.185566,
        "nauc_recall_at_5_diff1": 0.732176,
        "nauc_recall_at_10_max": 0.719593,
        "nauc_recall_at_10_std": -0.126161,
        "nauc_recall_at_10_diff1": 0.728097,
        "nauc_recall_at_20_max": 0.7308,
        "nauc_recall_at_20_std": -0.099045,
        "nauc_recall_at_20_diff1": 0.721013,
        "nauc_recall_at_100_max": 0.779028,
        "nauc_recall_at_100_std": 0.041731,
        "nauc_recall_at_100_diff1": 0.772522,
        "nauc_recall_at_1000_max": 0.742453,
        "nauc_recall_at_1000_std": 0.558979,
        "nauc_recall_at_1000_diff1": 0.637411,
        "nauc_precision_at_1_max": 0.450575,
        "nauc_precision_at_1_std": -0.231957,
        "nauc_precision_at_1_diff1": 0.798962,
        "nauc_precision_at_3_max": 0.606904,
        "nauc_precision_at_3_std": -0.192168,
        "nauc_precision_at_3_diff1": 0.739834,
        "nauc_precision_at_5_max": 0.636964,
        "nauc_precision_at_5_std": -0.185566,
        "nauc_precision_at_5_diff1": 0.732176,
        "nauc_precision_at_10_max": 0.719593,
        "nauc_precision_at_10_std": -0.126161,
        "nauc_precision_at_10_diff1": 0.728097,
        "nauc_precision_at_20_max": 0.7308,
        "nauc_precision_at_20_std": -0.099045,
        "nauc_precision_at_20_diff1": 0.721013,
        "nauc_precision_at_100_max": 0.779028,
        "nauc_precision_at_100_std": 0.041731,
        "nauc_precision_at_100_diff1": 0.772522,
        "nauc_precision_at_1000_max": 0.742453,
        "nauc_precision_at_1000_std": 0.558979,
        "nauc_precision_at_1000_diff1": 0.637411,
        "nauc_mrr_at_1_max": 0.45304,
        "nauc_mrr_at_1_std": -0.23044,
        "nauc_mrr_at_1_diff1": 0.798149,
        "nauc_mrr_at_3_max": 0.49382,
        "nauc_mrr_at_3_std": -0.222972,
        "nauc_mrr_at_3_diff1": 0.779611,
        "nauc_mrr_at_5_max": 0.491794,
        "nauc_mrr_at_5_std": -0.22366,
        "nauc_mrr_at_5_diff1": 0.780597,
        "nauc_mrr_at_10_max": 0.492014,
        "nauc_mrr_at_10_std": -0.221992,
        "nauc_mrr_at_10_diff1": 0.781691,
        "nauc_mrr_at_20_max": 0.490537,
        "nauc_mrr_at_20_std": -0.222229,
        "nauc_mrr_at_20_diff1": 0.782023,
        "nauc_mrr_at_100_max": 0.489819,
        "nauc_mrr_at_100_std": -0.222196,
        "nauc_mrr_at_100_diff1": 0.78224,
        "nauc_mrr_at_1000_max": 0.489779,
        "nauc_mrr_at_1000_std": -0.222211,
        "nauc_mrr_at_1000_diff1": 0.782237,
        "hit_rate_at_1": 0.7706,
        "hit_rate_at_3": 0.9116,
        "hit_rate_at_5": 0.939,
        "hit_rate_at_10": 0.963,
        "hit_rate_at_20": 0.978,
        "hit_rate_at_100": 0.9938,
        "hit_rate_at_1000": 0.9994,
        "main_score": 0.87382,
        "hf_subset": "default",
        "languages": [
          "eng-Latn"
        ]
      }
    ]
  },
  "evaluation_time": 462.0626425743103,
  "kg_co2_emissions": null,
  "date": 1776413042.571393
}