{
  "dataset_revision": "5d958fb6b31055495347724d46431ba41309b03a",
  "task_name": "ChemNQRetrieval",
  "mteb_version": "2.12.20",
  "scores": {
    "test": [
      {
        "ndcg_at_1": 0.37037,
        "ndcg_at_3": 0.53521,
        "ndcg_at_5": 0.56356,
        "ndcg_at_10": 0.57039,
        "ndcg_at_20": 0.62519,
        "ndcg_at_100": 0.63648,
        "ndcg_at_1000": 0.64057,
        "map_at_1": 0.31481,
        "map_at_3": 0.47531,
        "map_at_5": 0.49753,
        "map_at_10": 0.50165,
        "map_at_20": 0.52012,
        "map_at_100": 0.52272,
        "map_at_1000": 0.52279,
        "recall_at_1": 0.31481,
        "recall_at_3": 0.64198,
        "recall_at_5": 0.69753,
        "recall_at_10": 0.71605,
        "recall_at_20": 0.91358,
        "recall_at_100": 0.96296,
        "recall_at_1000": 1.0,
        "accuracy": 0.31481,
        "precision_at_1": 0.37037,
        "precision_at_3": 0.25926,
        "precision_at_5": 0.17778,
        "precision_at_10": 0.09259,
        "precision_at_20": 0.05926,
        "precision_at_100": 0.01259,
        "precision_at_1000": 0.0013,
        "mrr_at_1": 0.37037,
        "mrr_at_3": 0.54321,
        "mrr_at_5": 0.550617,
        "mrr_at_10": 0.550617,
        "mrr_at_20": 0.561606,
        "mrr_at_100": 0.563088,
        "mrr_at_1000": 0.563157,
        "nauc_ndcg_at_1_max": 0.459483,
        "nauc_ndcg_at_1_std": 0.228568,
        "nauc_ndcg_at_1_diff1": 0.3679,
        "nauc_ndcg_at_3_max": 0.342279,
        "nauc_ndcg_at_3_std": 0.138215,
        "nauc_ndcg_at_3_diff1": 0.241457,
        "nauc_ndcg_at_5_max": 0.400042,
        "nauc_ndcg_at_5_std": 0.211759,
        "nauc_ndcg_at_5_diff1": 0.205731,
        "nauc_ndcg_at_10_max": 0.450216,
        "nauc_ndcg_at_10_std": 0.258562,
        "nauc_ndcg_at_10_diff1": 0.213762,
        "nauc_ndcg_at_20_max": 0.425878,
        "nauc_ndcg_at_20_std": 0.232242,
        "nauc_ndcg_at_20_diff1": 0.244258,
        "nauc_ndcg_at_100_max": 0.420515,
        "nauc_ndcg_at_100_std": 0.232054,
        "nauc_ndcg_at_100_diff1": 0.250414,
        "nauc_ndcg_at_1000_max": 0.418065,
        "nauc_ndcg_at_1000_std": 0.23942,
        "nauc_ndcg_at_1000_diff1": 0.239261,
        "nauc_map_at_1_max": 0.376555,
        "nauc_map_at_1_std": 0.227706,
        "nauc_map_at_1_diff1": 0.333159,
        "nauc_map_at_3_max": 0.335249,
        "nauc_map_at_3_std": 0.136475,
        "nauc_map_at_3_diff1": 0.281789,
        "nauc_map_at_5_max": 0.356591,
        "nauc_map_at_5_std": 0.17369,
        "nauc_map_at_5_diff1": 0.247044,
        "nauc_map_at_10_max": 0.384174,
        "nauc_map_at_10_std": 0.199443,
        "nauc_map_at_10_diff1": 0.251941,
        "nauc_map_at_20_max": 0.381859,
        "nauc_map_at_20_std": 0.198792,
        "nauc_map_at_20_diff1": 0.258548,
        "nauc_map_at_100_max": 0.380635,
        "nauc_map_at_100_std": 0.199755,
        "nauc_map_at_100_diff1": 0.258693,
        "nauc_map_at_1000_max": 0.380592,
        "nauc_map_at_1000_std": 0.199847,
        "nauc_map_at_1000_diff1": 0.258544,
        "nauc_recall_at_1_max": 0.376555,
        "nauc_recall_at_1_std": 0.227706,
        "nauc_recall_at_1_diff1": 0.333159,
        "nauc_recall_at_3_max": 0.278466,
        "nauc_recall_at_3_std": 0.023556,
        "nauc_recall_at_3_diff1": 0.191087,
        "nauc_recall_at_5_max": 0.407195,
        "nauc_recall_at_5_std": 0.17783,
        "nauc_recall_at_5_diff1": 0.113246,
        "nauc_recall_at_10_max": 0.556408,
        "nauc_recall_at_10_std": 0.317352,
        "nauc_recall_at_10_diff1": 0.131371,
        "nauc_recall_at_20_max": 0.527718,
        "nauc_recall_at_20_std": 0.081275,
        "nauc_recall_at_20_diff1": 0.39993,
        "nauc_recall_at_100_max": 0.556079,
        "nauc_recall_at_100_std": -0.175564,
        "nauc_recall_at_100_diff1": 0.867647,
        "nauc_recall_at_1000_max": NaN,
        "nauc_recall_at_1000_std": NaN,
        "nauc_recall_at_1000_diff1": NaN,
        "nauc_precision_at_1_max": 0.459483,
        "nauc_precision_at_1_std": 0.228568,
        "nauc_precision_at_1_diff1": 0.3679,
        "nauc_precision_at_3_max": 0.372522,
        "nauc_precision_at_3_std": 0.05208,
        "nauc_precision_at_3_diff1": 0.164342,
        "nauc_precision_at_5_max": 0.399231,
        "nauc_precision_at_5_std": 0.233355,
        "nauc_precision_at_5_diff1": -0.00741,
        "nauc_precision_at_10_max": 0.504892,
        "nauc_precision_at_10_std": 0.355884,
        "nauc_precision_at_10_diff1": 0.008124,
        "nauc_precision_at_20_max": 0.373214,
        "nauc_precision_at_20_std": 0.302402,
        "nauc_precision_at_20_diff1": -0.039932,
        "nauc_precision_at_100_max": 0.269933,
        "nauc_precision_at_100_std": 0.284468,
        "nauc_precision_at_100_diff1": -0.084957,
        "nauc_precision_at_1000_max": 0.242708,
        "nauc_precision_at_1000_std": 0.328238,
        "nauc_precision_at_1000_diff1": -0.175591,
        "nauc_mrr_at_1_max": 0.459483,
        "nauc_mrr_at_1_std": 0.228568,
        "nauc_mrr_at_1_diff1": 0.3679,
        "nauc_mrr_at_3_max": 0.403995,
        "nauc_mrr_at_3_std": 0.242193,
        "nauc_mrr_at_3_diff1": 0.200382,
        "nauc_mrr_at_5_max": 0.454683,
        "nauc_mrr_at_5_std": 0.289958,
        "nauc_mrr_at_5_diff1": 0.208386,
        "nauc_mrr_at_10_max": 0.454683,
        "nauc_mrr_at_10_std": 0.289958,
        "nauc_mrr_at_10_diff1": 0.208386,
        "nauc_mrr_at_20_max": 0.441113,
        "nauc_mrr_at_20_std": 0.274463,
        "nauc_mrr_at_20_diff1": 0.220421,
        "nauc_mrr_at_100_max": 0.440516,
        "nauc_mrr_at_100_std": 0.273002,
        "nauc_mrr_at_100_diff1": 0.222475,
        "nauc_mrr_at_1000_max": 0.440488,
        "nauc_mrr_at_1000_std": 0.273111,
        "nauc_mrr_at_1000_diff1": 0.222318,
        "hit_rate_at_1": 0.37037,
        "hit_rate_at_3": 0.74074,
        "hit_rate_at_5": 0.77778,
        "hit_rate_at_10": 0.77778,
        "hit_rate_at_20": 0.92593,
        "hit_rate_at_100": 0.96296,
        "hit_rate_at_1000": 1.0,
        "main_score": 0.57039,
        "hf_subset": "default",
        "languages": [
          "eng-Latn"
        ]
      }
    ]
  },
  "evaluation_time": 69.58940935134888,
  "kg_co2_emissions": null,
  "date": 1776443478.889325
}