{
  "dataset_revision": "5d958fb6b31055495347724d46431ba41309b03a",
  "task_name": "ChemNQRetrieval",
  "mteb_version": "2.12.16",
  "scores": {
    "test": [
      {
        "ndcg_at_1": 0.37037,
        "ndcg_at_3": 0.51625,
        "ndcg_at_5": 0.55177,
        "ndcg_at_10": 0.57298,
        "ndcg_at_20": 0.61341,
        "ndcg_at_100": 0.62901,
        "ndcg_at_1000": 0.63306,
        "map_at_1": 0.2963,
        "map_at_3": 0.45988,
        "map_at_5": 0.48765,
        "map_at_10": 0.49815,
        "map_at_20": 0.50892,
        "map_at_100": 0.51258,
        "map_at_1000": 0.51265,
        "recall_at_1": 0.2963,
        "recall_at_3": 0.60494,
        "recall_at_5": 0.67901,
        "recall_at_10": 0.73457,
        "recall_at_20": 0.89506,
        "recall_at_100": 0.96296,
        "recall_at_1000": 1.0,
        "accuracy": 0.2963,
        "precision_at_1": 0.37037,
        "precision_at_3": 0.24691,
        "precision_at_5": 0.17037,
        "precision_at_10": 0.0963,
        "precision_at_20": 0.05741,
        "precision_at_100": 0.01259,
        "precision_at_1000": 0.0013,
        "mrr_at_1": 0.37037,
        "mrr_at_3": 0.537037,
        "mrr_at_5": 0.546296,
        "mrr_at_10": 0.552469,
        "mrr_at_20": 0.561694,
        "mrr_at_100": 0.563016,
        "mrr_at_1000": 0.563082,
        "nauc_ndcg_at_1_max": 0.231788,
        "nauc_ndcg_at_1_std": 0.125567,
        "nauc_ndcg_at_1_diff1": 0.226302,
        "nauc_ndcg_at_3_max": 0.406326,
        "nauc_ndcg_at_3_std": 0.151382,
        "nauc_ndcg_at_3_diff1": 0.265226,
        "nauc_ndcg_at_5_max": 0.336656,
        "nauc_ndcg_at_5_std": 0.112461,
        "nauc_ndcg_at_5_diff1": 0.188943,
        "nauc_ndcg_at_10_max": 0.455647,
        "nauc_ndcg_at_10_std": 0.238559,
        "nauc_ndcg_at_10_diff1": 0.247145,
        "nauc_ndcg_at_20_max": 0.39495,
        "nauc_ndcg_at_20_std": 0.1825,
        "nauc_ndcg_at_20_diff1": 0.257916,
        "nauc_ndcg_at_100_max": 0.391275,
        "nauc_ndcg_at_100_std": 0.182233,
        "nauc_ndcg_at_100_diff1": 0.264263,
        "nauc_ndcg_at_1000_max": 0.388327,
        "nauc_ndcg_at_1000_std": 0.188633,
        "nauc_ndcg_at_1000_diff1": 0.251102,
        "nauc_map_at_1_max": 0.233242,
        "nauc_map_at_1_std": 0.147655,
        "nauc_map_at_1_diff1": 0.235105,
        "nauc_map_at_3_max": 0.378015,
        "nauc_map_at_3_std": 0.12226,
        "nauc_map_at_3_diff1": 0.294164,
        "nauc_map_at_5_max": 0.328696,
        "nauc_map_at_5_std": 0.104133,
        "nauc_map_at_5_diff1": 0.239264,
        "nauc_map_at_10_max": 0.381144,
        "nauc_map_at_10_std": 0.161361,
        "nauc_map_at_10_diff1": 0.263785,
        "nauc_map_at_20_max": 0.365277,
        "nauc_map_at_20_std": 0.147664,
        "nauc_map_at_20_diff1": 0.265617,
        "nauc_map_at_100_max": 0.364887,
        "nauc_map_at_100_std": 0.148079,
        "nauc_map_at_100_diff1": 0.26594,
        "nauc_map_at_1000_max": 0.364842,
        "nauc_map_at_1000_std": 0.148154,
        "nauc_map_at_1000_diff1": 0.26577,
        "nauc_recall_at_1_max": 0.233242,
        "nauc_recall_at_1_std": 0.147655,
        "nauc_recall_at_1_diff1": 0.235105,
        "nauc_recall_at_3_max": 0.463806,
        "nauc_recall_at_3_std": 0.12656,
        "nauc_recall_at_3_diff1": 0.255812,
        "nauc_recall_at_5_max": 0.33048,
        "nauc_recall_at_5_std": 0.028613,
        "nauc_recall_at_5_diff1": 0.095138,
        "nauc_recall_at_10_max": 0.699695,
        "nauc_recall_at_10_std": 0.404273,
        "nauc_recall_at_10_diff1": 0.256535,
        "nauc_recall_at_20_max": 0.409993,
        "nauc_recall_at_20_std": 0.036519,
        "nauc_recall_at_20_diff1": 0.382329,
        "nauc_recall_at_100_max": 0.556079,
        "nauc_recall_at_100_std": -0.175564,
        "nauc_recall_at_100_diff1": 1.0,
        "nauc_recall_at_1000_max": NaN,
        "nauc_recall_at_1000_std": NaN,
        "nauc_recall_at_1000_diff1": NaN,
        "nauc_precision_at_1_max": 0.231788,
        "nauc_precision_at_1_std": 0.125567,
        "nauc_precision_at_1_diff1": 0.226302,
        "nauc_precision_at_3_max": 0.473762,
        "nauc_precision_at_3_std": 0.180137,
        "nauc_precision_at_3_diff1": 0.238024,
        "nauc_precision_at_5_max": 0.199232,
        "nauc_precision_at_5_std": 0.078735,
        "nauc_precision_at_5_diff1": 0.009535,
        "nauc_precision_at_10_max": 0.482738,
        "nauc_precision_at_10_std": 0.426372,
        "nauc_precision_at_10_diff1": 0.150416,
        "nauc_precision_at_20_max": 0.275748,
        "nauc_precision_at_20_std": 0.344631,
        "nauc_precision_at_20_diff1": 0.102672,
        "nauc_precision_at_100_max": 0.180244,
        "nauc_precision_at_100_std": 0.3221,
        "nauc_precision_at_100_diff1": 0.048094,
        "nauc_precision_at_1000_max": 0.144486,
        "nauc_precision_at_1000_std": 0.36945,
        "nauc_precision_at_1000_diff1": -0.042474,
        "nauc_mrr_at_1_max": 0.231788,
        "nauc_mrr_at_1_std": 0.125567,
        "nauc_mrr_at_1_diff1": 0.226302,
        "nauc_mrr_at_3_max": 0.347516,
        "nauc_mrr_at_3_std": 0.210679,
        "nauc_mrr_at_3_diff1": 0.183328,
        "nauc_mrr_at_5_max": 0.324466,
        "nauc_mrr_at_5_std": 0.184583,
        "nauc_mrr_at_5_diff1": 0.160698,
        "nauc_mrr_at_10_max": 0.365552,
        "nauc_mrr_at_10_std": 0.22356,
        "nauc_mrr_at_10_diff1": 0.188285,
        "nauc_mrr_at_20_max": 0.34999,
        "nauc_mrr_at_20_std": 0.208128,
        "nauc_mrr_at_20_diff1": 0.189976,
        "nauc_mrr_at_100_max": 0.349041,
        "nauc_mrr_at_100_std": 0.206524,
        "nauc_mrr_at_100_diff1": 0.19166,
        "nauc_mrr_at_1000_max": 0.348993,
        "nauc_mrr_at_1000_std": 0.206612,
        "nauc_mrr_at_1000_diff1": 0.191475,
        "hit_rate_at_1": 0.37037,
        "hit_rate_at_3": 0.7037,
        "hit_rate_at_5": 0.74074,
        "hit_rate_at_10": 0.77778,
        "hit_rate_at_20": 0.92593,
        "hit_rate_at_100": 0.96296,
        "hit_rate_at_1000": 1.0,
        "main_score": 0.57298,
        "hf_subset": "default",
        "languages": [
          "eng-Latn"
        ]
      }
    ]
  },
  "evaluation_time": 70.6440782546997,
  "kg_co2_emissions": null,
  "date": 1776144220.398514
}