{
  "dataset_revision": "5377aa18f309ec440ff6325a4c2cd3362c2cb8d7",
  "task_name": "ChemRxivRetrieval",
  "mteb_version": "2.12.20",
  "scores": {
    "test": [
      {
        "ndcg_at_1": 0.7658,
        "ndcg_at_3": 0.84958,
        "ndcg_at_5": 0.86283,
        "ndcg_at_10": 0.86969,
        "ndcg_at_20": 0.87389,
        "ndcg_at_100": 0.87713,
        "ndcg_at_1000": 0.87778,
        "map_at_1": 0.7658,
        "map_at_3": 0.8297,
        "map_at_5": 0.837,
        "map_at_10": 0.83984,
        "map_at_20": 0.84102,
        "map_at_100": 0.8415,
        "map_at_1000": 0.84152,
        "recall_at_1": 0.7658,
        "recall_at_3": 0.9068,
        "recall_at_5": 0.9392,
        "recall_at_10": 0.9604,
        "recall_at_20": 0.9768,
        "recall_at_100": 0.9938,
        "recall_at_1000": 0.999,
        "accuracy": 0.7658,
        "precision_at_1": 0.7658,
        "precision_at_3": 0.30227,
        "precision_at_5": 0.18784,
        "precision_at_10": 0.09604,
        "precision_at_20": 0.04884,
        "precision_at_100": 0.00994,
        "precision_at_1000": 0.001,
        "mrr_at_1": 0.7662,
        "mrr_at_3": 0.8299,
        "mrr_at_5": 0.83716,
        "mrr_at_10": 0.840034,
        "mrr_at_20": 0.841212,
        "mrr_at_100": 0.841692,
        "mrr_at_1000": 0.841713,
        "nauc_ndcg_at_1_max": 0.416929,
        "nauc_ndcg_at_1_std": -0.234614,
        "nauc_ndcg_at_1_diff1": 0.792074,
        "nauc_ndcg_at_3_max": 0.482671,
        "nauc_ndcg_at_3_std": -0.226892,
        "nauc_ndcg_at_3_diff1": 0.766729,
        "nauc_ndcg_at_5_max": 0.484705,
        "nauc_ndcg_at_5_std": -0.216942,
        "nauc_ndcg_at_5_diff1": 0.76645,
        "nauc_ndcg_at_10_max": 0.48507,
        "nauc_ndcg_at_10_std": -0.209573,
        "nauc_ndcg_at_10_diff1": 0.772059,
        "nauc_ndcg_at_20_max": 0.477405,
        "nauc_ndcg_at_20_std": -0.216482,
        "nauc_ndcg_at_20_diff1": 0.773538,
        "nauc_ndcg_at_100_max": 0.470948,
        "nauc_ndcg_at_100_std": -0.218133,
        "nauc_ndcg_at_100_diff1": 0.775114,
        "nauc_ndcg_at_1000_max": 0.468627,
        "nauc_ndcg_at_1000_std": -0.220388,
        "nauc_ndcg_at_1000_diff1": 0.774911,
        "nauc_map_at_1_max": 0.416929,
        "nauc_map_at_1_std": -0.234614,
        "nauc_map_at_1_diff1": 0.792074,
        "nauc_map_at_3_max": 0.462724,
        "nauc_map_at_3_std": -0.230153,
        "nauc_map_at_3_diff1": 0.774143,
        "nauc_map_at_5_max": 0.462604,
        "nauc_map_at_5_std": -0.225831,
        "nauc_map_at_5_diff1": 0.774442,
        "nauc_map_at_10_max": 0.462616,
        "nauc_map_at_10_std": -0.223176,
        "nauc_map_at_10_diff1": 0.776599,
        "nauc_map_at_20_max": 0.460726,
        "nauc_map_at_20_std": -0.224992,
        "nauc_map_at_20_diff1": 0.776926,
        "nauc_map_at_100_max": 0.459895,
        "nauc_map_at_100_std": -0.225274,
        "nauc_map_at_100_diff1": 0.777064,
        "nauc_map_at_1000_max": 0.459833,
        "nauc_map_at_1000_std": -0.225343,
        "nauc_map_at_1000_diff1": 0.777057,
        "nauc_recall_at_1_max": 0.416929,
        "nauc_recall_at_1_std": -0.234614,
        "nauc_recall_at_1_diff1": 0.792074,
        "nauc_recall_at_3_max": 0.579564,
        "nauc_recall_at_3_std": -0.210371,
        "nauc_recall_at_3_diff1": 0.73092,
        "nauc_recall_at_5_max": 0.642802,
        "nauc_recall_at_5_std": -0.148429,
        "nauc_recall_at_5_diff1": 0.709669,
        "nauc_recall_at_10_max": 0.724722,
        "nauc_recall_at_10_std": -0.048494,
        "nauc_recall_at_10_diff1": 0.730336,
        "nauc_recall_at_20_max": 0.742595,
        "nauc_recall_at_20_std": -0.063275,
        "nauc_recall_at_20_diff1": 0.731986,
        "nauc_recall_at_100_max": 0.861766,
        "nauc_recall_at_100_std": 0.224075,
        "nauc_recall_at_100_diff1": 0.787898,
        "nauc_recall_at_1000_max": 0.763772,
        "nauc_recall_at_1000_std": 0.504388,
        "nauc_recall_at_1000_diff1": 0.6831,
        "nauc_precision_at_1_max": 0.416929,
        "nauc_precision_at_1_std": -0.234614,
        "nauc_precision_at_1_diff1": 0.792074,
        "nauc_precision_at_3_max": 0.579564,
        "nauc_precision_at_3_std": -0.210371,
        "nauc_precision_at_3_diff1": 0.73092,
        "nauc_precision_at_5_max": 0.642802,
        "nauc_precision_at_5_std": -0.148429,
        "nauc_precision_at_5_diff1": 0.709669,
        "nauc_precision_at_10_max": 0.724722,
        "nauc_precision_at_10_std": -0.048494,
        "nauc_precision_at_10_diff1": 0.730336,
        "nauc_precision_at_20_max": 0.742595,
        "nauc_precision_at_20_std": -0.063275,
        "nauc_precision_at_20_diff1": 0.731986,
        "nauc_precision_at_100_max": 0.861766,
        "nauc_precision_at_100_std": 0.224075,
        "nauc_precision_at_100_diff1": 0.787898,
        "nauc_precision_at_1000_max": 0.763772,
        "nauc_precision_at_1000_std": 0.504388,
        "nauc_precision_at_1000_diff1": 0.6831,
        "nauc_mrr_at_1_max": 0.419029,
        "nauc_mrr_at_1_std": -0.233126,
        "nauc_mrr_at_1_diff1": 0.791264,
        "nauc_mrr_at_3_max": 0.464302,
        "nauc_mrr_at_3_std": -0.228187,
        "nauc_mrr_at_3_diff1": 0.773585,
        "nauc_mrr_at_5_max": 0.464177,
        "nauc_mrr_at_5_std": -0.224772,
        "nauc_mrr_at_5_diff1": 0.773918,
        "nauc_mrr_at_10_max": 0.464192,
        "nauc_mrr_at_10_std": -0.221897,
        "nauc_mrr_at_10_diff1": 0.776012,
        "nauc_mrr_at_20_max": 0.462313,
        "nauc_mrr_at_20_std": -0.223705,
        "nauc_mrr_at_20_diff1": 0.776334,
        "nauc_mrr_at_100_max": 0.461486,
        "nauc_mrr_at_100_std": -0.223983,
        "nauc_mrr_at_100_diff1": 0.776471,
        "nauc_mrr_at_1000_max": 0.461424,
        "nauc_mrr_at_1000_std": -0.224051,
        "nauc_mrr_at_1000_diff1": 0.776464,
        "hit_rate_at_1": 0.7658,
        "hit_rate_at_3": 0.9068,
        "hit_rate_at_5": 0.9392,
        "hit_rate_at_10": 0.9604,
        "hit_rate_at_20": 0.9768,
        "hit_rate_at_100": 0.9938,
        "hit_rate_at_1000": 0.999,
        "main_score": 0.86969,
        "hf_subset": "default",
        "languages": [
          "eng-Latn"
        ]
      }
    ]
  },
  "evaluation_time": 461.20741033554077,
  "kg_co2_emissions": null,
  "date": 1776411620.100859
}