{
  "dataset_revision": "5377aa18f309ec440ff6325a4c2cd3362c2cb8d7",
  "task_name": "ChemRxivRetrieval",
  "mteb_version": "2.12.16",
  "scores": {
    "test": [
      {
        "ndcg_at_1": 0.7646,
        "ndcg_at_3": 0.84835,
        "ndcg_at_5": 0.86191,
        "ndcg_at_10": 0.86875,
        "ndcg_at_20": 0.87285,
        "ndcg_at_100": 0.87625,
        "ndcg_at_1000": 0.87689,
        "map_at_1": 0.7646,
        "map_at_3": 0.8284,
        "map_at_5": 0.83586,
        "map_at_10": 0.83872,
        "map_at_20": 0.83987,
        "map_at_100": 0.84037,
        "map_at_1000": 0.84039,
        "recall_at_1": 0.7646,
        "recall_at_3": 0.9058,
        "recall_at_5": 0.939,
        "recall_at_10": 0.96,
        "recall_at_20": 0.976,
        "recall_at_100": 0.9938,
        "recall_at_1000": 0.999,
        "accuracy": 0.7646,
        "precision_at_1": 0.7646,
        "precision_at_3": 0.30193,
        "precision_at_5": 0.1878,
        "precision_at_10": 0.096,
        "precision_at_20": 0.0488,
        "precision_at_100": 0.00994,
        "precision_at_1000": 0.001,
        "mrr_at_1": 0.7646,
        "mrr_at_3": 0.828333,
        "mrr_at_5": 0.835803,
        "mrr_at_10": 0.838695,
        "mrr_at_20": 0.839845,
        "mrr_at_100": 0.840352,
        "mrr_at_1000": 0.840372,
        "nauc_ndcg_at_1_max": 0.407245,
        "nauc_ndcg_at_1_std": -0.233289,
        "nauc_ndcg_at_1_diff1": 0.787933,
        "nauc_ndcg_at_3_max": 0.477912,
        "nauc_ndcg_at_3_std": -0.222302,
        "nauc_ndcg_at_3_diff1": 0.760883,
        "nauc_ndcg_at_5_max": 0.476709,
        "nauc_ndcg_at_5_std": -0.210826,
        "nauc_ndcg_at_5_diff1": 0.760406,
        "nauc_ndcg_at_10_max": 0.47841,
        "nauc_ndcg_at_10_std": -0.204952,
        "nauc_ndcg_at_10_diff1": 0.767585,
        "nauc_ndcg_at_20_max": 0.470896,
        "nauc_ndcg_at_20_std": -0.211318,
        "nauc_ndcg_at_20_diff1": 0.768584,
        "nauc_ndcg_at_100_max": 0.463744,
        "nauc_ndcg_at_100_std": -0.213834,
        "nauc_ndcg_at_100_diff1": 0.770274,
        "nauc_ndcg_at_1000_max": 0.461417,
        "nauc_ndcg_at_1000_std": -0.216139,
        "nauc_ndcg_at_1000_diff1": 0.770011,
        "nauc_map_at_1_max": 0.407245,
        "nauc_map_at_1_std": -0.233289,
        "nauc_map_at_1_diff1": 0.787933,
        "nauc_map_at_3_max": 0.456457,
        "nauc_map_at_3_std": -0.226134,
        "nauc_map_at_3_diff1": 0.768811,
        "nauc_map_at_5_max": 0.454705,
        "nauc_map_at_5_std": -0.221155,
        "nauc_map_at_5_diff1": 0.769059,
        "nauc_map_at_10_max": 0.455139,
        "nauc_map_at_10_std": -0.219292,
        "nauc_map_at_10_diff1": 0.77177,
        "nauc_map_at_20_max": 0.453276,
        "nauc_map_at_20_std": -0.220933,
        "nauc_map_at_20_diff1": 0.771984,
        "nauc_map_at_100_max": 0.45235,
        "nauc_map_at_100_std": -0.221359,
        "nauc_map_at_100_diff1": 0.77213,
        "nauc_map_at_1000_max": 0.452291,
        "nauc_map_at_1000_std": -0.221423,
        "nauc_map_at_1000_diff1": 0.772124,
        "nauc_recall_at_1_max": 0.407245,
        "nauc_recall_at_1_std": -0.233289,
        "nauc_recall_at_1_diff1": 0.787933,
        "nauc_recall_at_3_max": 0.581788,
        "nauc_recall_at_3_std": -0.203387,
        "nauc_recall_at_3_diff1": 0.722712,
        "nauc_recall_at_5_max": 0.633506,
        "nauc_recall_at_5_std": -0.131643,
        "nauc_recall_at_5_diff1": 0.698624,
        "nauc_recall_at_10_max": 0.726438,
        "nauc_recall_at_10_std": -0.036062,
        "nauc_recall_at_10_diff1": 0.731734,
        "nauc_recall_at_20_max": 0.747269,
        "nauc_recall_at_20_std": -0.04071,
        "nauc_recall_at_20_diff1": 0.729019,
        "nauc_recall_at_100_max": 0.862971,
        "nauc_recall_at_100_std": 0.24305,
        "nauc_recall_at_100_diff1": 0.800322,
        "nauc_recall_at_1000_max": 0.763772,
        "nauc_recall_at_1000_std": 0.504388,
        "nauc_recall_at_1000_diff1": 0.709244,
        "nauc_precision_at_1_max": 0.407245,
        "nauc_precision_at_1_std": -0.233289,
        "nauc_precision_at_1_diff1": 0.787933,
        "nauc_precision_at_3_max": 0.581788,
        "nauc_precision_at_3_std": -0.203387,
        "nauc_precision_at_3_diff1": 0.722712,
        "nauc_precision_at_5_max": 0.633506,
        "nauc_precision_at_5_std": -0.131643,
        "nauc_precision_at_5_diff1": 0.698624,
        "nauc_precision_at_10_max": 0.726438,
        "nauc_precision_at_10_std": -0.036062,
        "nauc_precision_at_10_diff1": 0.731734,
        "nauc_precision_at_20_max": 0.747269,
        "nauc_precision_at_20_std": -0.04071,
        "nauc_precision_at_20_diff1": 0.729019,
        "nauc_precision_at_100_max": 0.862971,
        "nauc_precision_at_100_std": 0.24305,
        "nauc_precision_at_100_diff1": 0.800322,
        "nauc_precision_at_1000_max": 0.763772,
        "nauc_precision_at_1000_std": 0.504388,
        "nauc_precision_at_1000_diff1": 0.709244,
        "nauc_mrr_at_1_max": 0.407245,
        "nauc_mrr_at_1_std": -0.233289,
        "nauc_mrr_at_1_diff1": 0.787933,
        "nauc_mrr_at_3_max": 0.45663,
        "nauc_mrr_at_3_std": -0.225807,
        "nauc_mrr_at_3_diff1": 0.768907,
        "nauc_mrr_at_5_max": 0.454725,
        "nauc_mrr_at_5_std": -0.221315,
        "nauc_mrr_at_5_diff1": 0.769145,
        "nauc_mrr_at_10_max": 0.455174,
        "nauc_mrr_at_10_std": -0.219258,
        "nauc_mrr_at_10_diff1": 0.771801,
        "nauc_mrr_at_20_max": 0.453311,
        "nauc_mrr_at_20_std": -0.220899,
        "nauc_mrr_at_20_diff1": 0.772016,
        "nauc_mrr_at_100_max": 0.452385,
        "nauc_mrr_at_100_std": -0.221324,
        "nauc_mrr_at_100_diff1": 0.772162,
        "nauc_mrr_at_1000_max": 0.452326,
        "nauc_mrr_at_1000_std": -0.221388,
        "nauc_mrr_at_1000_diff1": 0.772156,
        "hit_rate_at_1": 0.7646,
        "hit_rate_at_3": 0.9058,
        "hit_rate_at_5": 0.939,
        "hit_rate_at_10": 0.96,
        "hit_rate_at_20": 0.976,
        "hit_rate_at_100": 0.9938,
        "hit_rate_at_1000": 0.999,
        "main_score": 0.86875,
        "hf_subset": "default",
        "languages": [
          "eng-Latn"
        ]
      }
    ]
  },
  "evaluation_time": 520.1359877586365,
  "kg_co2_emissions": null,
  "date": 1776144839.070468
}