{
  "dataset_revision": "1840e8a5ac6ec752bbdd97d543ead0189bc7c25b",
  "task_name": "ChemHotpotQARetrieval",
  "mteb_version": "2.12.20",
  "scores": {
    "train": [
      {
        "ndcg_at_1": 0.87222,
        "ndcg_at_3": 0.8982,
        "ndcg_at_5": 0.90538,
        "ndcg_at_10": 0.91461,
        "ndcg_at_20": 0.91682,
        "ndcg_at_100": 0.91878,
        "ndcg_at_1000": 0.92102,
        "map_at_1": 0.85278,
        "map_at_3": 0.88796,
        "map_at_5": 0.89213,
        "map_at_10": 0.89609,
        "map_at_20": 0.89678,
        "map_at_100": 0.89728,
        "map_at_1000": 0.89733,
        "recall_at_1": 0.85278,
        "recall_at_3": 0.91944,
        "recall_at_5": 0.93611,
        "recall_at_10": 0.96389,
        "recall_at_20": 0.97222,
        "recall_at_100": 0.98056,
        "recall_at_1000": 1.0,
        "accuracy": 0.85278,
        "precision_at_1": 0.87222,
        "precision_at_3": 0.31667,
        "precision_at_5": 0.19333,
        "precision_at_10": 0.09944,
        "precision_at_20": 0.05028,
        "precision_at_100": 0.01017,
        "precision_at_1000": 0.00104,
        "mrr_at_1": 0.872222,
        "mrr_at_3": 0.897222,
        "mrr_at_5": 0.901389,
        "mrr_at_10": 0.905346,
        "mrr_at_20": 0.905716,
        "mrr_at_100": 0.905958,
        "mrr_at_1000": 0.905985,
        "nauc_ndcg_at_1_max": 0.654598,
        "nauc_ndcg_at_1_std": -0.266849,
        "nauc_ndcg_at_1_diff1": 0.877784,
        "nauc_ndcg_at_3_max": 0.460804,
        "nauc_ndcg_at_3_std": -0.36131,
        "nauc_ndcg_at_3_diff1": 0.71876,
        "nauc_ndcg_at_5_max": 0.442735,
        "nauc_ndcg_at_5_std": -0.429954,
        "nauc_ndcg_at_5_diff1": 0.720002,
        "nauc_ndcg_at_10_max": 0.419822,
        "nauc_ndcg_at_10_std": -0.42263,
        "nauc_ndcg_at_10_diff1": 0.707804,
        "nauc_ndcg_at_20_max": 0.417082,
        "nauc_ndcg_at_20_std": -0.419032,
        "nauc_ndcg_at_20_diff1": 0.707629,
        "nauc_ndcg_at_100_max": 0.430223,
        "nauc_ndcg_at_100_std": -0.403809,
        "nauc_ndcg_at_100_diff1": 0.727665,
        "nauc_ndcg_at_1000_max": 0.459582,
        "nauc_ndcg_at_1000_std": -0.38789,
        "nauc_ndcg_at_1000_diff1": 0.741871,
        "nauc_map_at_1_max": 0.468253,
        "nauc_map_at_1_std": -0.362852,
        "nauc_map_at_1_diff1": 0.776373,
        "nauc_map_at_3_max": 0.468027,
        "nauc_map_at_3_std": -0.366533,
        "nauc_map_at_3_diff1": 0.711482,
        "nauc_map_at_5_max": 0.459069,
        "nauc_map_at_5_std": -0.401861,
        "nauc_map_at_5_diff1": 0.711828,
        "nauc_map_at_10_max": 0.451862,
        "nauc_map_at_10_std": -0.398023,
        "nauc_map_at_10_diff1": 0.707144,
        "nauc_map_at_20_max": 0.451743,
        "nauc_map_at_20_std": -0.396234,
        "nauc_map_at_20_diff1": 0.707382,
        "nauc_map_at_100_max": 0.45613,
        "nauc_map_at_100_std": -0.392297,
        "nauc_map_at_100_diff1": 0.71295,
        "nauc_map_at_1000_max": 0.456907,
        "nauc_map_at_1000_std": -0.391859,
        "nauc_map_at_1000_diff1": 0.713612,
        "nauc_recall_at_1_max": 0.468253,
        "nauc_recall_at_1_std": -0.362852,
        "nauc_recall_at_1_diff1": 0.776373,
        "nauc_recall_at_3_max": 0.296452,
        "nauc_recall_at_3_std": -0.433385,
        "nauc_recall_at_3_diff1": 0.591535,
        "nauc_recall_at_5_max": 0.192892,
        "nauc_recall_at_5_std": -0.682722,
        "nauc_recall_at_5_diff1": 0.562518,
        "nauc_recall_at_10_max": -0.161854,
        "nauc_recall_at_10_std": -0.828952,
        "nauc_recall_at_10_diff1": 0.35743,
        "nauc_recall_at_20_max": -0.367134,
        "nauc_recall_at_20_std": -0.928198,
        "nauc_recall_at_20_diff1": 0.254995,
        "nauc_recall_at_100_max": -0.524276,
        "nauc_recall_at_100_std": -0.916433,
        "nauc_recall_at_100_diff1": 0.364479,
        "nauc_recall_at_1000_max": NaN,
        "nauc_recall_at_1000_std": NaN,
        "nauc_recall_at_1000_diff1": NaN,
        "nauc_precision_at_1_max": 0.654598,
        "nauc_precision_at_1_std": -0.266849,
        "nauc_precision_at_1_diff1": 0.877784,
        "nauc_precision_at_3_max": 0.405763,
        "nauc_precision_at_3_std": -0.105277,
        "nauc_precision_at_3_diff1": 0.34191,
        "nauc_precision_at_5_max": 0.354878,
        "nauc_precision_at_5_std": -0.216307,
        "nauc_precision_at_5_diff1": 0.278078,
        "nauc_precision_at_10_max": 0.229799,
        "nauc_precision_at_10_std": -0.100789,
        "nauc_precision_at_10_diff1": 0.047701,
        "nauc_precision_at_20_max": 0.149873,
        "nauc_precision_at_20_std": 0.009264,
        "nauc_precision_at_20_diff1": -0.051722,
        "nauc_precision_at_100_max": 0.206405,
        "nauc_precision_at_100_std": 0.180145,
        "nauc_precision_at_100_diff1": 0.015909,
        "nauc_precision_at_1000_max": 0.449845,
        "nauc_precision_at_1000_std": 0.533558,
        "nauc_precision_at_1000_diff1": -0.015754,
        "nauc_mrr_at_1_max": 0.654598,
        "nauc_mrr_at_1_std": -0.266849,
        "nauc_mrr_at_1_diff1": 0.877784,
        "nauc_mrr_at_3_max": 0.588533,
        "nauc_mrr_at_3_std": -0.277494,
        "nauc_mrr_at_3_diff1": 0.844923,
        "nauc_mrr_at_5_max": 0.584018,
        "nauc_mrr_at_5_std": -0.311926,
        "nauc_mrr_at_5_diff1": 0.851043,
        "nauc_mrr_at_10_max": 0.581511,
        "nauc_mrr_at_10_std": -0.303923,
        "nauc_mrr_at_10_diff1": 0.851886,
        "nauc_mrr_at_20_max": 0.580948,
        "nauc_mrr_at_20_std": -0.304454,
        "nauc_mrr_at_20_diff1": 0.851817,
        "nauc_mrr_at_100_max": 0.580193,
        "nauc_mrr_at_100_std": -0.303775,
        "nauc_mrr_at_100_diff1": 0.851771,
        "nauc_mrr_at_1000_max": 0.580425,
        "nauc_mrr_at_1000_std": -0.303697,
        "nauc_mrr_at_1000_diff1": 0.851817,
        "hit_rate_at_1": 0.87222,
        "hit_rate_at_3": 0.92778,
        "hit_rate_at_5": 0.94444,
        "hit_rate_at_10": 0.97222,
        "hit_rate_at_20": 0.97778,
        "hit_rate_at_100": 0.98333,
        "hit_rate_at_1000": 1.0,
        "main_score": 0.91461,
        "hf_subset": "default",
        "languages": [
          "eng-Latn"
        ]
      }
    ],
    "dev": [
      {
        "ndcg_at_1": 0.875,
        "ndcg_at_3": 0.875,
        "ndcg_at_5": 0.875,
        "ndcg_at_10": 0.875,
        "ndcg_at_20": 0.90498,
        "ndcg_at_100": 0.90498,
        "ndcg_at_1000": 0.90498,
        "map_at_1": 0.875,
        "map_at_3": 0.875,
        "map_at_5": 0.875,
        "map_at_10": 0.875,
        "map_at_20": 0.88235,
        "map_at_100": 0.88235,
        "map_at_1000": 0.88235,
        "recall_at_1": 0.875,
        "recall_at_3": 0.875,
        "recall_at_5": 0.875,
        "recall_at_10": 0.875,
        "recall_at_20": 1.0,
        "recall_at_100": 1.0,
        "recall_at_1000": 1.0,
        "accuracy": 0.875,
        "precision_at_1": 0.875,
        "precision_at_3": 0.29167,
        "precision_at_5": 0.175,
        "precision_at_10": 0.0875,
        "precision_at_20": 0.05,
        "precision_at_100": 0.01,
        "precision_at_1000": 0.001,
        "mrr_at_1": 0.875,
        "mrr_at_3": 0.875,
        "mrr_at_5": 0.875,
        "mrr_at_10": 0.875,
        "mrr_at_20": 0.882353,
        "mrr_at_100": 0.882353,
        "mrr_at_1000": 0.882353,
        "nauc_ndcg_at_1_max": 1.0,
        "nauc_ndcg_at_1_std": 0.551821,
        "nauc_ndcg_at_1_diff1": 0.865546,
        "nauc_ndcg_at_3_max": 1.0,
        "nauc_ndcg_at_3_std": 0.551821,
        "nauc_ndcg_at_3_diff1": 0.865546,
        "nauc_ndcg_at_5_max": 1.0,
        "nauc_ndcg_at_5_std": 0.551821,
        "nauc_ndcg_at_5_diff1": 0.865546,
        "nauc_ndcg_at_10_max": 1.0,
        "nauc_ndcg_at_10_std": 0.551821,
        "nauc_ndcg_at_10_diff1": 0.865546,
        "nauc_ndcg_at_20_max": 1.0,
        "nauc_ndcg_at_20_std": 0.551821,
        "nauc_ndcg_at_20_diff1": 0.865546,
        "nauc_ndcg_at_100_max": 1.0,
        "nauc_ndcg_at_100_std": 0.551821,