{
  "dataset_revision": "5d958fb6b31055495347724d46431ba41309b03a",
  "task_name": "ChemNQRetrieval",
  "mteb_version": "2.12.15",
  "scores": {
    "test": [
      {
        "ndcg_at_1": 0.51852,
        "ndcg_at_3": 0.5445,
        "ndcg_at_5": 0.60114,
        "ndcg_at_10": 0.61487,
        "ndcg_at_20": 0.64351,
        "ndcg_at_100": 0.66021,
        "ndcg_at_1000": 0.66643,
        "map_at_1": 0.40123,
        "map_at_3": 0.50617,
        "map_at_5": 0.54136,
        "map_at_10": 0.54738,
        "map_at_20": 0.5565,
        "map_at_100": 0.55873,
        "map_at_1000": 0.559,
        "recall_at_1": 0.40123,
        "recall_at_3": 0.58642,
        "recall_at_5": 0.71605,
        "recall_at_10": 0.75309,
        "recall_at_20": 0.8642,
        "recall_at_100": 0.95062,
        "recall_at_1000": 1.0,
        "accuracy": 0.40123,
        "precision_at_1": 0.51852,
        "precision_at_3": 0.24691,
        "precision_at_5": 0.17778,
        "precision_at_10": 0.0963,
        "precision_at_20": 0.05556,
        "precision_at_100": 0.01222,
        "precision_at_1000": 0.0013,
        "mrr_at_1": 0.518519,
        "mrr_at_3": 0.58642,
        "mrr_at_5": 0.614198,
        "mrr_at_10": 0.618827,
        "mrr_at_20": 0.622628,
        "mrr_at_100": 0.62451,
        "mrr_at_1000": 0.624558,
        "nauc_ndcg_at_1_max": 0.495032,
        "nauc_ndcg_at_1_std": 0.145524,
        "nauc_ndcg_at_1_diff1": 0.412513,
        "nauc_ndcg_at_3_max": 0.206114,
        "nauc_ndcg_at_3_std": -0.103442,
        "nauc_ndcg_at_3_diff1": 0.415745,
        "nauc_ndcg_at_5_max": 0.283881,
        "nauc_ndcg_at_5_std": -0.016665,
        "nauc_ndcg_at_5_diff1": 0.40076,
        "nauc_ndcg_at_10_max": 0.354961,
        "nauc_ndcg_at_10_std": 0.07011,
        "nauc_ndcg_at_10_diff1": 0.424169,
        "nauc_ndcg_at_20_max": 0.373203,
        "nauc_ndcg_at_20_std": 0.084922,
        "nauc_ndcg_at_20_diff1": 0.4497,
        "nauc_ndcg_at_100_max": 0.346253,
        "nauc_ndcg_at_100_std": 0.041838,
        "nauc_ndcg_at_100_diff1": 0.438739,
        "nauc_ndcg_at_1000_max": 0.351183,
        "nauc_ndcg_at_1000_std": 0.048578,
        "nauc_ndcg_at_1000_diff1": 0.435378,
        "nauc_map_at_1_max": 0.279335,
        "nauc_map_at_1_std": 0.120657,
        "nauc_map_at_1_diff1": 0.33536,
        "nauc_map_at_3_max": 0.200159,
        "nauc_map_at_3_std": -0.078465,
        "nauc_map_at_3_diff1": 0.411594,
        "nauc_map_at_5_max": 0.254008,
        "nauc_map_at_5_std": -0.026199,
        "nauc_map_at_5_diff1": 0.395023,
        "nauc_map_at_10_max": 0.281649,
        "nauc_map_at_10_std": 0.007932,
        "nauc_map_at_10_diff1": 0.404185,
        "nauc_map_at_20_max": 0.29557,
        "nauc_map_at_20_std": 0.018433,
        "nauc_map_at_20_diff1": 0.414421,
        "nauc_map_at_100_max": 0.292225,
        "nauc_map_at_100_std": 0.013386,
        "nauc_map_at_100_diff1": 0.41314,
        "nauc_map_at_1000_max": 0.292006,
        "nauc_map_at_1000_std": 0.013219,
        "nauc_map_at_1000_diff1": 0.413177,
        "nauc_recall_at_1_max": 0.279335,
        "nauc_recall_at_1_std": 0.120657,
        "nauc_recall_at_1_diff1": 0.33536,
        "nauc_recall_at_3_max": 0.027168,
        "nauc_recall_at_3_std": -0.259865,
        "nauc_recall_at_3_diff1": 0.385131,
        "nauc_recall_at_5_max": 0.170755,
        "nauc_recall_at_5_std": -0.074631,
        "nauc_recall_at_5_diff1": 0.341098,
        "nauc_recall_at_10_max": 0.392469,
        "nauc_recall_at_10_std": 0.209777,
        "nauc_recall_at_10_diff1": 0.407379,
        "nauc_recall_at_20_max": 0.489386,
        "nauc_recall_at_20_std": 0.341441,
        "nauc_recall_at_20_diff1": 0.602578,
        "nauc_recall_at_100_max": 0.007347,
        "nauc_recall_at_100_std": -0.34008,
        "nauc_recall_at_100_diff1": 0.570748,
        "nauc_recall_at_1000_max": NaN,
        "nauc_recall_at_1000_std": NaN,
        "nauc_recall_at_1000_diff1": NaN,
        "nauc_precision_at_1_max": 0.495032,
        "nauc_precision_at_1_std": 0.145524,
        "nauc_precision_at_1_diff1": 0.412513,
        "nauc_precision_at_3_max": 0.231789,
        "nauc_precision_at_3_std": -0.239556,
        "nauc_precision_at_3_diff1": 0.424112,
        "nauc_precision_at_5_max": 0.402703,
        "nauc_precision_at_5_std": -0.05849,
        "nauc_precision_at_5_diff1": 0.292534,
        "nauc_precision_at_10_max": 0.601773,
        "nauc_precision_at_10_std": 0.255534,
        "nauc_precision_at_10_diff1": 0.311301,
        "nauc_precision_at_20_max": 0.650648,
        "nauc_precision_at_20_std": 0.324825,
        "nauc_precision_at_20_diff1": 0.337612,
        "nauc_precision_at_100_max": 0.529557,
        "nauc_precision_at_100_std": 0.17646,
        "nauc_precision_at_100_diff1": 0.23643,
        "nauc_precision_at_1000_max": 0.456203,
        "nauc_precision_at_1000_std": 0.184544,
        "nauc_precision_at_1000_diff1": 0.140259,
        "nauc_mrr_at_1_max": 0.495032,
        "nauc_mrr_at_1_std": 0.145524,
        "nauc_mrr_at_1_diff1": 0.412513,
        "nauc_mrr_at_3_max": 0.402385,
        "nauc_mrr_at_3_std": 0.02035,
        "nauc_mrr_at_3_diff1": 0.425689,
        "nauc_mrr_at_5_max": 0.428454,
        "nauc_mrr_at_5_std": 0.066283,
        "nauc_mrr_at_5_diff1": 0.436231,
        "nauc_mrr_at_10_max": 0.452542,
        "nauc_mrr_at_10_std": 0.094615,
        "nauc_mrr_at_10_diff1": 0.444025,
        "nauc_mrr_at_20_max": 0.446282,
        "nauc_mrr_at_20_std": 0.090288,
        "nauc_mrr_at_20_diff1": 0.443693,
        "nauc_mrr_at_100_max": 0.444286,
        "nauc_mrr_at_100_std": 0.085955,
        "nauc_mrr_at_100_diff1": 0.442414,
        "nauc_mrr_at_1000_max": 0.444391,
        "nauc_mrr_at_1000_std": 0.086067,
        "nauc_mrr_at_1000_diff1": 0.442366,
        "hit_rate_at_1": 0.51852,
        "hit_rate_at_3": 0.66667,
        "hit_rate_at_5": 0.77778,
        "hit_rate_at_10": 0.81481,
        "hit_rate_at_20": 0.88889,
        "hit_rate_at_100": 0.96296,
        "hit_rate_at_1000": 1.0,
        "main_score": 0.61487,
        "hf_subset": "default",
        "languages": [
          "eng-Latn"
        ]
      }
    ]
  },
  "evaluation_time": 71.29823923110962,
  "kg_co2_emissions": null,
  "date": 1775764319.708411
}