{
  "dataset_revision": "1840e8a5ac6ec752bbdd97d543ead0189bc7c25b",
  "task_name": "ChemHotpotQARetrieval",
  "mteb_version": "2.12.15",
  "scores": {
    "train": [
      {
        "ndcg_at_1": 0.82778,
        "ndcg_at_3": 0.8726,
        "ndcg_at_5": 0.87714,
        "ndcg_at_10": 0.88612,
        "ndcg_at_20": 0.89044,
        "ndcg_at_100": 0.8945,
        "ndcg_at_1000": 0.89514,
        "map_at_1": 0.80833,
        "map_at_3": 0.85741,
        "map_at_5": 0.85991,
        "map_at_10": 0.8636,
        "map_at_20": 0.86483,
        "map_at_100": 0.86565,
        "map_at_1000": 0.86567,
        "recall_at_1": 0.80833,
        "recall_at_3": 0.90833,
        "recall_at_5": 0.91944,
        "recall_at_10": 0.94722,
        "recall_at_20": 0.96389,
        "recall_at_100": 0.98333,
        "recall_at_1000": 0.98889,
        "accuracy": 0.80833,
        "precision_at_1": 0.82778,
        "precision_at_3": 0.31296,
        "precision_at_5": 0.19,
        "precision_at_10": 0.09778,
        "precision_at_20": 0.04972,
        "precision_at_100": 0.01022,
        "precision_at_1000": 0.00103,
        "mrr_at_1": 0.827778,
        "mrr_at_3": 0.866667,
        "mrr_at_5": 0.869167,
        "mrr_at_10": 0.872859,
        "mrr_at_20": 0.874094,
        "mrr_at_100": 0.874376,
        "mrr_at_1000": 0.87439,
        "nauc_ndcg_at_1_max": 0.60696,
        "nauc_ndcg_at_1_std": -0.171123,
        "nauc_ndcg_at_1_diff1": 0.905835,
        "nauc_ndcg_at_3_max": 0.465953,
        "nauc_ndcg_at_3_std": -0.336391,
        "nauc_ndcg_at_3_diff1": 0.774201,
        "nauc_ndcg_at_5_max": 0.447806,
        "nauc_ndcg_at_5_std": -0.382125,
        "nauc_ndcg_at_5_diff1": 0.770575,
        "nauc_ndcg_at_10_max": 0.434825,
        "nauc_ndcg_at_10_std": -0.373881,
        "nauc_ndcg_at_10_diff1": 0.766828,
        "nauc_ndcg_at_20_max": 0.425785,
        "nauc_ndcg_at_20_std": -0.368172,
        "nauc_ndcg_at_20_diff1": 0.764723,
        "nauc_ndcg_at_100_max": 0.449243,
        "nauc_ndcg_at_100_std": -0.326438,
        "nauc_ndcg_at_100_diff1": 0.79465,
        "nauc_ndcg_at_1000_max": 0.449823,
        "nauc_ndcg_at_1000_std": -0.32493,
        "nauc_ndcg_at_1000_diff1": 0.79618,
        "nauc_map_at_1_max": 0.482078,
        "nauc_map_at_1_std": -0.265791,
        "nauc_map_at_1_diff1": 0.828012,
        "nauc_map_at_3_max": 0.470489,
        "nauc_map_at_3_std": -0.314055,
        "nauc_map_at_3_diff1": 0.76797,
        "nauc_map_at_5_max": 0.461681,
        "nauc_map_at_5_std": -0.335724,
        "nauc_map_at_5_diff1": 0.765941,
        "nauc_map_at_10_max": 0.457533,
        "nauc_map_at_10_std": -0.331189,
        "nauc_map_at_10_diff1": 0.764737,
        "nauc_map_at_20_max": 0.4558,
        "nauc_map_at_20_std": -0.329198,
        "nauc_map_at_20_diff1": 0.764264,
        "nauc_map_at_100_max": 0.460994,
        "nauc_map_at_100_std": -0.321696,
        "nauc_map_at_100_diff1": 0.770446,
        "nauc_map_at_1000_max": 0.461005,
        "nauc_map_at_1000_std": -0.32167,
        "nauc_map_at_1000_diff1": 0.770469,
        "nauc_recall_at_1_max": 0.482078,
        "nauc_recall_at_1_std": -0.265791,
        "nauc_recall_at_1_diff1": 0.828012,
        "nauc_recall_at_3_max": 0.325312,
        "nauc_recall_at_3_std": -0.515505,
        "nauc_recall_at_3_diff1": 0.652024,
        "nauc_recall_at_5_max": 0.241267,
        "nauc_recall_at_5_std": -0.705383,
        "nauc_recall_at_5_diff1": 0.623185,
        "nauc_recall_at_10_max": 0.050297,
        "nauc_recall_at_10_std": -0.827682,
        "nauc_recall_at_10_diff1": 0.518723,
        "nauc_recall_at_20_max": -0.23296,
        "nauc_recall_at_20_std": -0.979782,
        "nauc_recall_at_20_diff1": 0.379552,
        "nauc_recall_at_100_max": -0.419701,
        "nauc_recall_at_100_std": -0.5831,
        "nauc_recall_at_100_diff1": 0.715219,
        "nauc_recall_at_1000_max": -0.80859,
        "nauc_recall_at_1000_std": -0.592904,
        "nauc_recall_at_1000_diff1": 0.795752,
        "nauc_precision_at_1_max": 0.60696,
        "nauc_precision_at_1_std": -0.171123,
        "nauc_precision_at_1_diff1": 0.905835,
        "nauc_precision_at_3_max": 0.374123,
        "nauc_precision_at_3_std": -0.170075,
        "nauc_precision_at_3_diff1": 0.402802,
        "nauc_precision_at_5_max": 0.317959,
        "nauc_precision_at_5_std": -0.273401,
        "nauc_precision_at_5_diff1": 0.356879,
        "nauc_precision_at_10_max": 0.222319,
        "nauc_precision_at_10_std": -0.206685,
        "nauc_precision_at_10_diff1": 0.201535,
        "nauc_precision_at_20_max": 0.111523,
        "nauc_precision_at_20_std": -0.133578,
        "nauc_precision_at_20_diff1": 0.046335,
        "nauc_precision_at_100_max": 0.215254,
        "nauc_precision_at_100_std": 0.351622,
        "nauc_precision_at_100_diff1": 0.125911,
        "nauc_precision_at_1000_max": 0.205182,
        "nauc_precision_at_1000_std": 0.416159,
        "nauc_precision_at_1000_diff1": 0.09571,
        "nauc_mrr_at_1_max": 0.60696,
        "nauc_mrr_at_1_std": -0.171123,
        "nauc_mrr_at_1_diff1": 0.905835,
        "nauc_mrr_at_3_max": 0.56551,
        "nauc_mrr_at_3_std": -0.240667,
        "nauc_mrr_at_3_diff1": 0.88166,
        "nauc_mrr_at_5_max": 0.558027,
        "nauc_mrr_at_5_std": -0.262264,
        "nauc_mrr_at_5_diff1": 0.881762,
        "nauc_mrr_at_10_max": 0.55652,
        "nauc_mrr_at_10_std": -0.255207,
        "nauc_mrr_at_10_diff1": 0.883983,
        "nauc_mrr_at_20_max": 0.555684,
        "nauc_mrr_at_20_std": -0.252308,
        "nauc_mrr_at_20_diff1": 0.884697,
        "nauc_mrr_at_100_max": 0.555508,
        "nauc_mrr_at_100_std": -0.249493,
        "nauc_mrr_at_100_diff1": 0.884427,
        "nauc_mrr_at_1000_max": 0.55553,
        "nauc_mrr_at_1000_std": -0.249458,
        "nauc_mrr_at_1000_diff1": 0.884463,
        "hit_rate_at_1": 0.82778,
        "hit_rate_at_3": 0.91667,
        "hit_rate_at_5": 0.92778,
        "hit_rate_at_10": 0.95556,
        "hit_rate_at_20": 0.97222,
        "hit_rate_at_100": 0.98333,
        "hit_rate_at_1000": 0.98889,
        "main_score": 0.88612,
        "hf_subset": "default",
        "languages": [
          "eng-Latn"
        ]
      }
    ],
    "dev": [
      {
        "ndcg_at_1": 0.875,
        "ndcg_at_3": 0.875,
        "ndcg_at_5": 0.875,
        "ndcg_at_10": 0.875,
        "ndcg_at_20": 0.875,
        "ndcg_at_100": 0.89591,
        "ndcg_at_1000": 0.89591,
        "map_at_1": 0.875,
        "map_at_3": 0.875,
        "map_at_5": 0.875,
        "map_at_10": 0.875,
        "map_at_20": 0.875,
        "map_at_100": 0.87702,
        "map_at_1000": 0.87702,
        "recall_at_1": 0.875,
        "recall_at_3": 0.875,
        "recall_at_5": 0.875,
        "recall_at_10": 0.875,
        "recall_at_20": 0.875,
        "recall_at_100": 1.0,
        "recall_at_1000": 1.0,
        "accuracy": 0.875,
        "precision_at_1": 0.875,
        "precision_at_3": 0.29167,
        "precision_at_5": 0.175,
        "precision_at_10": 0.0875,
        "precision_at_20": 0.04375,
        "precision_at_100": 0.01,
        "precision_at_1000": 0.001,
        "mrr_at_1": 0.875,
        "mrr_at_3": 0.875,
        "mrr_at_5": 0.875,
        "mrr_at_10": 0.875,
        "mrr_at_20": 0.875,
        "mrr_at_100": 0.877016,
        "mrr_at_1000": 0.877016,
        "nauc_ndcg_at_1_max": 1.0,
        "nauc_ndcg_at_1_std": 0.865546,
        "nauc_ndcg_at_1_diff1": 0.551821,
        "nauc_ndcg_at_3_max": 1.0,
        "nauc_ndcg_at_3_std": 0.865546,
        "nauc_ndcg_at_3_diff1": 0.551821,
        "nauc_ndcg_at_5_max": 1.0,
        "nauc_ndcg_at_5_std": 0.865546,
        "nauc_ndcg_at_5_diff1": 0.551821,
        "nauc_ndcg_at_10_max": 1.0,
        "nauc_ndcg_at_10_std": 0.865546,
        "nauc_ndcg_at_10_diff1": 0.551821,
        "nauc_ndcg_at_20_max": 1.0,
        "nauc_ndcg_at_20_std": 0.865546,
        "nauc_ndcg_at_20_diff1": 0.551821,
        "nauc_ndcg_at_100_max": 1.0,
        "nauc_ndcg_at_100_std": 0.865546,