{
  "dataset_revision": "5377aa18f309ec440ff6325a4c2cd3362c2cb8d7",
  "task_name": "ChemRxivRetrieval",
  "mteb_version": "2.12.16",
  "scores": {
    "test": [
      {
        "ndcg_at_1": 0.7802,
        "ndcg_at_3": 0.85978,
        "ndcg_at_5": 0.87142,
        "ndcg_at_10": 0.87903,
        "ndcg_at_20": 0.88299,
        "ndcg_at_100": 0.8855,
        "ndcg_at_1000": 0.88618,
        "map_at_1": 0.7802,
        "map_at_3": 0.84107,
        "map_at_5": 0.84754,
        "map_at_10": 0.8507,
        "map_at_20": 0.8518,
        "map_at_100": 0.85216,
        "map_at_1000": 0.85218,
        "recall_at_1": 0.7802,
        "recall_at_3": 0.9136,
        "recall_at_5": 0.9418,
        "recall_at_10": 0.9652,
        "recall_at_20": 0.9808,
        "recall_at_100": 0.9942,
        "recall_at_1000": 0.9996,
        "accuracy": 0.7802,
        "precision_at_1": 0.7802,
        "precision_at_3": 0.30453,
        "precision_at_5": 0.18836,
        "precision_at_10": 0.09652,
        "precision_at_20": 0.04904,
        "precision_at_100": 0.00994,
        "precision_at_1000": 0.001,
        "mrr_at_1": 0.7804,
        "mrr_at_3": 0.841167,
        "mrr_at_5": 0.847677,
        "mrr_at_10": 0.850813,
        "mrr_at_20": 0.851913,
        "mrr_at_100": 0.852271,
        "mrr_at_1000": 0.852296,
        "nauc_ndcg_at_1_max": 0.472431,
        "nauc_ndcg_at_1_std": -0.23159,
        "nauc_ndcg_at_1_diff1": 0.805038,
        "nauc_ndcg_at_3_max": 0.533542,
        "nauc_ndcg_at_3_std": -0.22123,
        "nauc_ndcg_at_3_diff1": 0.780423,
        "nauc_ndcg_at_5_max": 0.53427,
        "nauc_ndcg_at_5_std": -0.22205,
        "nauc_ndcg_at_5_diff1": 0.785899,
        "nauc_ndcg_at_10_max": 0.533116,
        "nauc_ndcg_at_10_std": -0.212883,
        "nauc_ndcg_at_10_diff1": 0.787771,
        "nauc_ndcg_at_20_max": 0.523529,
        "nauc_ndcg_at_20_std": -0.219494,
        "nauc_ndcg_at_20_diff1": 0.787029,
        "nauc_ndcg_at_100_max": 0.52024,
        "nauc_ndcg_at_100_std": -0.219229,
        "nauc_ndcg_at_100_diff1": 0.789042,
        "nauc_ndcg_at_1000_max": 0.51834,
        "nauc_ndcg_at_1000_std": -0.221122,
        "nauc_ndcg_at_1000_diff1": 0.789307,
        "nauc_map_at_1_max": 0.472431,
        "nauc_map_at_1_std": -0.23159,
        "nauc_map_at_1_diff1": 0.805038,
        "nauc_map_at_3_max": 0.514872,
        "nauc_map_at_3_std": -0.225513,
        "nauc_map_at_3_diff1": 0.787592,
        "nauc_map_at_5_max": 0.514165,
        "nauc_map_at_5_std": -0.226339,
        "nauc_map_at_5_diff1": 0.790347,
        "nauc_map_at_10_max": 0.513494,
        "nauc_map_at_10_std": -0.223325,
        "nauc_map_at_10_diff1": 0.791067,
        "nauc_map_at_20_max": 0.511259,
        "nauc_map_at_20_std": -0.224885,
        "nauc_map_at_20_diff1": 0.790936,
        "nauc_map_at_100_max": 0.510921,
        "nauc_map_at_100_std": -0.224692,
        "nauc_map_at_100_diff1": 0.791193,
        "nauc_map_at_1000_max": 0.510864,
        "nauc_map_at_1000_std": -0.224762,
        "nauc_map_at_1000_diff1": 0.791202,
        "nauc_recall_at_1_max": 0.472431,
        "nauc_recall_at_1_std": -0.23159,
        "nauc_recall_at_1_diff1": 0.805038,
        "nauc_recall_at_3_max": 0.625705,
        "nauc_recall_at_3_std": -0.199237,
        "nauc_recall_at_3_diff1": 0.745299,
        "nauc_recall_at_5_max": 0.676127,
        "nauc_recall_at_5_std": -0.190252,
        "nauc_recall_at_5_diff1": 0.75757,
        "nauc_recall_at_10_max": 0.756152,
        "nauc_recall_at_10_std": -0.076915,
        "nauc_recall_at_10_diff1": 0.757655,
        "nauc_recall_at_20_max": 0.720112,
        "nauc_recall_at_20_std": -0.113698,
        "nauc_recall_at_20_diff1": 0.716221,
        "nauc_recall_at_100_max": 0.829534,
        "nauc_recall_at_100_std": 0.099021,
        "nauc_recall_at_100_diff1": 0.742989,
        "nauc_recall_at_1000_max": 1.0,
        "nauc_recall_at_1000_std": 0.561391,
        "nauc_recall_at_1000_diff1": 0.679038,
        "nauc_precision_at_1_max": 0.472431,
        "nauc_precision_at_1_std": -0.23159,
        "nauc_precision_at_1_diff1": 0.805038,
        "nauc_precision_at_3_max": 0.625705,
        "nauc_precision_at_3_std": -0.199237,
        "nauc_precision_at_3_diff1": 0.745299,
        "nauc_precision_at_5_max": 0.676127,
        "nauc_precision_at_5_std": -0.190252,
        "nauc_precision_at_5_diff1": 0.75757,
        "nauc_precision_at_10_max": 0.756152,
        "nauc_precision_at_10_std": -0.076915,
        "nauc_precision_at_10_diff1": 0.757655,
        "nauc_precision_at_20_max": 0.720112,
        "nauc_precision_at_20_std": -0.113698,
        "nauc_precision_at_20_diff1": 0.716221,
        "nauc_precision_at_100_max": 0.829534,
        "nauc_precision_at_100_std": 0.099021,
        "nauc_precision_at_100_diff1": 0.742989,
        "nauc_precision_at_1000_max": 1.0,
        "nauc_precision_at_1000_std": 0.561391,
        "nauc_precision_at_1000_diff1": 0.679038,
        "nauc_mrr_at_1_max": 0.472941,
        "nauc_mrr_at_1_std": -0.231196,
        "nauc_mrr_at_1_diff1": 0.804622,
        "nauc_mrr_at_3_max": 0.515237,
        "nauc_mrr_at_3_std": -0.225244,
        "nauc_mrr_at_3_diff1": 0.787303,
        "nauc_mrr_at_5_max": 0.514534,
        "nauc_mrr_at_5_std": -0.225634,
        "nauc_mrr_at_5_diff1": 0.789987,
        "nauc_mrr_at_10_max": 0.513868,
        "nauc_mrr_at_10_std": -0.222991,
        "nauc_mrr_at_10_diff1": 0.790747,
        "nauc_mrr_at_20_max": 0.511632,
        "nauc_mrr_at_20_std": -0.224555,
        "nauc_mrr_at_20_diff1": 0.790612,
        "nauc_mrr_at_100_max": 0.511295,
        "nauc_mrr_at_100_std": -0.224362,
        "nauc_mrr_at_100_diff1": 0.790868,
        "nauc_mrr_at_1000_max": 0.511238,
        "nauc_mrr_at_1000_std": -0.224431,
        "nauc_mrr_at_1000_diff1": 0.790877,
        "hit_rate_at_1": 0.7802,
        "hit_rate_at_3": 0.9136,
        "hit_rate_at_5": 0.9418,
        "hit_rate_at_10": 0.9652,
        "hit_rate_at_20": 0.9808,
        "hit_rate_at_100": 0.9942,
        "hit_rate_at_1000": 0.9996,
        "main_score": 0.87903,
        "hf_subset": "default",
        "languages": [
          "eng-Latn"
        ]
      }
    ]
  },
  "evaluation_time": 435.2566542625427,
  "kg_co2_emissions": null,
  "date": 1778648598.732407
}