{
  "dataset_revision": "1840e8a5ac6ec752bbdd97d543ead0189bc7c25b",
  "task_name": "ChemHotpotQARetrieval",
  "mteb_version": "2.12.16",
  "scores": {
    "train": [
      {
        "ndcg_at_1": 0.86111,
        "ndcg_at_3": 0.88841,
        "ndcg_at_5": 0.89559,
        "ndcg_at_10": 0.90258,
        "ndcg_at_20": 0.90705,
        "ndcg_at_100": 0.90922,
        "ndcg_at_1000": 0.91033,
        "map_at_1": 0.84167,
        "map_at_3": 0.87685,
        "map_at_5": 0.88102,
        "map_at_10": 0.8838,
        "map_at_20": 0.88523,
        "map_at_100": 0.88556,
        "map_at_1000": 0.88562,
        "recall_at_1": 0.84167,
        "recall_at_3": 0.91389,
        "recall_at_5": 0.93056,
        "recall_at_10": 0.95278,
        "recall_at_20": 0.96944,
        "recall_at_100": 0.98056,
        "recall_at_1000": 0.98889,
        "accuracy": 0.84167,
        "precision_at_1": 0.86111,
        "precision_at_3": 0.31481,
        "precision_at_5": 0.19222,
        "precision_at_10": 0.09833,
        "precision_at_20": 0.05028,
        "precision_at_100": 0.01017,
        "precision_at_1000": 0.00103,
        "mrr_at_1": 0.861111,
        "mrr_at_3": 0.886111,
        "mrr_at_5": 0.890278,
        "mrr_at_10": 0.893056,
        "mrr_at_20": 0.893849,
        "mrr_at_100": 0.894184,
        "mrr_at_1000": 0.894194,
        "nauc_ndcg_at_1_max": 0.598546,
        "nauc_ndcg_at_1_std": -0.251774,
        "nauc_ndcg_at_1_diff1": 0.873716,
        "nauc_ndcg_at_3_max": 0.453147,
        "nauc_ndcg_at_3_std": -0.373407,
        "nauc_ndcg_at_3_diff1": 0.734027,
        "nauc_ndcg_at_5_max": 0.428052,
        "nauc_ndcg_at_5_std": -0.443344,
        "nauc_ndcg_at_5_diff1": 0.735358,
        "nauc_ndcg_at_10_max": 0.414031,
        "nauc_ndcg_at_10_std": -0.461334,
        "nauc_ndcg_at_10_diff1": 0.731544,
        "nauc_ndcg_at_20_max": 0.42371,
        "nauc_ndcg_at_20_std": -0.426948,
        "nauc_ndcg_at_20_diff1": 0.749128,
        "nauc_ndcg_at_100_max": 0.414686,
        "nauc_ndcg_at_100_std": -0.422105,
        "nauc_ndcg_at_100_diff1": 0.746104,
        "nauc_ndcg_at_1000_max": 0.427239,
        "nauc_ndcg_at_1000_std": -0.409022,
        "nauc_ndcg_at_1000_diff1": 0.761277,
        "nauc_map_at_1_max": 0.441272,
        "nauc_map_at_1_std": -0.343315,
        "nauc_map_at_1_diff1": 0.776163,
        "nauc_map_at_3_max": 0.453139,
        "nauc_map_at_3_std": -0.374513,
        "nauc_map_at_3_diff1": 0.725503,
        "nauc_map_at_5_max": 0.440287,
        "nauc_map_at_5_std": -0.410369,
        "nauc_map_at_5_diff1": 0.725876,
        "nauc_map_at_10_max": 0.435238,
        "nauc_map_at_10_std": -0.41688,
        "nauc_map_at_10_diff1": 0.723995,
        "nauc_map_at_20_max": 0.439746,
        "nauc_map_at_20_std": -0.406764,
        "nauc_map_at_20_diff1": 0.730226,
        "nauc_map_at_100_max": 0.438731,
        "nauc_map_at_100_std": -0.406405,
        "nauc_map_at_100_diff1": 0.729714,
        "nauc_map_at_1000_max": 0.439726,
        "nauc_map_at_1000_std": -0.40569,
        "nauc_map_at_1000_diff1": 0.730836,
        "nauc_recall_at_1_max": 0.441272,
        "nauc_recall_at_1_std": -0.343315,
        "nauc_recall_at_1_diff1": 0.776163,
        "nauc_recall_at_3_max": 0.324553,
        "nauc_recall_at_3_std": -0.450514,
        "nauc_recall_at_3_diff1": 0.617888,
        "nauc_recall_at_5_max": 0.208571,
        "nauc_recall_at_5_std": -0.706237,
        "nauc_recall_at_5_diff1": 0.594528,
        "nauc_recall_at_10_max": 0.024469,
        "nauc_recall_at_10_std": -0.927967,
        "nauc_recall_at_10_diff1": 0.508623,
        "nauc_recall_at_20_max": -0.097742,
        "nauc_recall_at_20_std": -0.823742,
        "nauc_recall_at_20_diff1": 0.571811,
        "nauc_recall_at_100_max": -0.60831,
        "nauc_recall_at_100_std": -0.916433,
        "nauc_recall_at_100_diff1": 0.406496,
        "nauc_recall_at_1000_max": -0.80859,
        "nauc_recall_at_1000_std": -0.592904,
        "nauc_recall_at_1000_diff1": 0.869281,
        "nauc_precision_at_1_max": 0.598546,
        "nauc_precision_at_1_std": -0.251774,
        "nauc_precision_at_1_diff1": 0.873716,
        "nauc_precision_at_3_max": 0.393264,
        "nauc_precision_at_3_std": -0.133598,
        "nauc_precision_at_3_diff1": 0.381326,
        "nauc_precision_at_5_max": 0.324019,
        "nauc_precision_at_5_std": -0.258643,
        "nauc_precision_at_5_diff1": 0.325552,
        "nauc_precision_at_10_max": 0.245,
        "nauc_precision_at_10_std": -0.2654,
        "nauc_precision_at_10_diff1": 0.196174,
        "nauc_precision_at_20_max": 0.225599,
        "nauc_precision_at_20_std": 0.071118,
        "nauc_precision_at_20_diff1": 0.145803,
        "nauc_precision_at_100_max": 0.140753,
        "nauc_precision_at_100_std": 0.180145,
        "nauc_precision_at_100_diff1": 0.039357,
        "nauc_precision_at_1000_max": 0.230863,
        "nauc_precision_at_1000_std": 0.374675,
        "nauc_precision_at_1000_diff1": 0.12093,
        "nauc_mrr_at_1_max": 0.598546,
        "nauc_mrr_at_1_std": -0.251774,
        "nauc_mrr_at_1_diff1": 0.873716,
        "nauc_mrr_at_3_max": 0.561566,
        "nauc_mrr_at_3_std": -0.29418,
        "nauc_mrr_at_3_diff1": 0.848867,
        "nauc_mrr_at_5_max": 0.551971,
        "nauc_mrr_at_5_std": -0.329605,
        "nauc_mrr_at_5_diff1": 0.854075,
        "nauc_mrr_at_10_max": 0.54951,
        "nauc_mrr_at_10_std": -0.334465,
        "nauc_mrr_at_10_diff1": 0.855468,
        "nauc_mrr_at_20_max": 0.547763,
        "nauc_mrr_at_20_std": -0.329695,
        "nauc_mrr_at_20_diff1": 0.85486,
        "nauc_mrr_at_100_max": 0.547024,
        "nauc_mrr_at_100_std": -0.32906,
        "nauc_mrr_at_100_diff1": 0.854714,
        "nauc_mrr_at_1000_max": 0.547043,
        "nauc_mrr_at_1000_std": -0.328978,
        "nauc_mrr_at_1000_diff1": 0.854744,
        "hit_rate_at_1": 0.86111,
        "hit_rate_at_3": 0.92222,
        "hit_rate_at_5": 0.93889,
        "hit_rate_at_10": 0.96111,
        "hit_rate_at_20": 0.97222,
        "hit_rate_at_100": 0.98333,
        "hit_rate_at_1000": 0.98889,
        "main_score": 0.90258,
        "hf_subset": "default",
        "languages": [
          "eng-Latn"
        ]
      }
    ],
    "dev": [
      {
        "ndcg_at_1": 0.875,
        "ndcg_at_3": 0.875,
        "ndcg_at_5": 0.875,
        "ndcg_at_10": 0.875,
        "ndcg_at_20": 0.875,
        "ndcg_at_100": 0.89937,
        "ndcg_at_1000": 0.89937,
        "map_at_1": 0.875,
        "map_at_3": 0.875,
        "map_at_5": 0.875,
        "map_at_10": 0.875,
        "map_at_20": 0.875,
        "map_at_100": 0.87868,
        "map_at_1000": 0.87868,
        "recall_at_1": 0.875,
        "recall_at_3": 0.875,
        "recall_at_5": 0.875,
        "recall_at_10": 0.875,
        "recall_at_20": 0.875,
        "recall_at_100": 1.0,
        "recall_at_1000": 1.0,
        "accuracy": 0.875,
        "precision_at_1": 0.875,
        "precision_at_3": 0.29167,
        "precision_at_5": 0.175,
        "precision_at_10": 0.0875,
        "precision_at_20": 0.04375,
        "precision_at_100": 0.01,
        "precision_at_1000": 0.001,
        "mrr_at_1": 0.875,
        "mrr_at_3": 0.875,
        "mrr_at_5": 0.875,
        "mrr_at_10": 0.875,
        "mrr_at_20": 0.875,
        "mrr_at_100": 0.878676,
        "mrr_at_1000": 0.878676,
        "nauc_ndcg_at_1_max": 1.0,
        "nauc_ndcg_at_1_std": 0.865546,
        "nauc_ndcg_at_1_diff1": 0.865546,
        "nauc_ndcg_at_3_max": 1.0,
        "nauc_ndcg_at_3_std": 0.865546,
        "nauc_ndcg_at_3_diff1": 0.865546,
        "nauc_ndcg_at_5_max": 1.0,
        "nauc_ndcg_at_5_std": 0.865546,
        "nauc_ndcg_at_5_diff1": 0.865546,
        "nauc_ndcg_at_10_max": 1.0,
        "nauc_ndcg_at_10_std": 0.865546,
        "nauc_ndcg_at_10_diff1": 0.865546,
        "nauc_ndcg_at_20_max": 1.0,
        "nauc_ndcg_at_20_std": 0.865546,
        "nauc_ndcg_at_20_diff1": 0.865546,
        "nauc_ndcg_at_100_max": 1.0,
        "nauc_ndcg_at_100_std": 0.865546,