{
  "dataset_revision": "1840e8a5ac6ec752bbdd97d543ead0189bc7c25b",
  "task_name": "ChemHotpotQARetrieval",
  "mteb_version": "2.12.20",
  "scores": {
    "train": [
      {
        "ndcg_at_1": 0.81667,
        "ndcg_at_3": 0.86266,
        "ndcg_at_5": 0.87199,
        "ndcg_at_10": 0.88123,
        "ndcg_at_20": 0.88651,
        "ndcg_at_100": 0.88884,
        "ndcg_at_1000": 0.89029,
        "map_at_1": 0.79722,
        "map_at_3": 0.84815,
        "map_at_5": 0.85343,
        "map_at_10": 0.85738,
        "map_at_20": 0.85906,
        "map_at_100": 0.85951,
        "map_at_1000": 0.85957,
        "recall_at_1": 0.79722,
        "recall_at_3": 0.89722,
        "recall_at_5": 0.91944,
        "recall_at_10": 0.94722,
        "recall_at_20": 0.96667,
        "recall_at_100": 0.97778,
        "recall_at_1000": 0.98889,
        "accuracy": 0.79722,
        "precision_at_1": 0.81667,
        "precision_at_3": 0.30926,
        "precision_at_5": 0.19,
        "precision_at_10": 0.09778,
        "precision_at_20": 0.05,
        "precision_at_100": 0.01017,
        "precision_at_1000": 0.00103,
        "mrr_at_1": 0.816667,
        "mrr_at_3": 0.856481,
        "mrr_at_5": 0.861759,
        "mrr_at_10": 0.865716,
        "mrr_at_20": 0.867112,
        "mrr_at_100": 0.867254,
        "mrr_at_1000": 0.867312,
        "nauc_ndcg_at_1_max": 0.628132,
        "nauc_ndcg_at_1_std": -0.139518,
        "nauc_ndcg_at_1_diff1": 0.895166,
        "nauc_ndcg_at_3_max": 0.516964,
        "nauc_ndcg_at_3_std": -0.270132,
        "nauc_ndcg_at_3_diff1": 0.769821,
        "nauc_ndcg_at_5_max": 0.493089,
        "nauc_ndcg_at_5_std": -0.31325,
        "nauc_ndcg_at_5_diff1": 0.760035,
        "nauc_ndcg_at_10_max": 0.486044,
        "nauc_ndcg_at_10_std": -0.296675,
        "nauc_ndcg_at_10_diff1": 0.762074,
        "nauc_ndcg_at_20_max": 0.47704,
        "nauc_ndcg_at_20_std": -0.28612,
        "nauc_ndcg_at_20_diff1": 0.756626,
        "nauc_ndcg_at_100_max": 0.502321,
        "nauc_ndcg_at_100_std": -0.253805,
        "nauc_ndcg_at_100_diff1": 0.784495,
        "nauc_ndcg_at_1000_max": 0.499295,
        "nauc_ndcg_at_1000_std": -0.249505,
        "nauc_ndcg_at_1000_diff1": 0.78536,
        "nauc_map_at_1_max": 0.513534,
        "nauc_map_at_1_std": -0.215633,
        "nauc_map_at_1_diff1": 0.832203,
        "nauc_map_at_3_max": 0.514332,
        "nauc_map_at_3_std": -0.259437,
        "nauc_map_at_3_diff1": 0.765559,
        "nauc_map_at_5_max": 0.502242,
        "nauc_map_at_5_std": -0.282488,
        "nauc_map_at_5_diff1": 0.760498,
        "nauc_map_at_10_max": 0.499514,
        "nauc_map_at_10_std": -0.275182,
        "nauc_map_at_10_diff1": 0.761037,
        "nauc_map_at_20_max": 0.497477,
        "nauc_map_at_20_std": -0.272203,
        "nauc_map_at_20_diff1": 0.759715,
        "nauc_map_at_100_max": 0.502505,
        "nauc_map_at_100_std": -0.267116,
        "nauc_map_at_100_diff1": 0.76522,
        "nauc_map_at_1000_max": 0.502396,
        "nauc_map_at_1000_std": -0.266989,
        "nauc_map_at_1000_diff1": 0.765238,
        "nauc_recall_at_1_max": 0.513534,
        "nauc_recall_at_1_std": -0.215633,
        "nauc_recall_at_1_diff1": 0.832203,
        "nauc_recall_at_3_max": 0.418418,
        "nauc_recall_at_3_std": -0.392673,
        "nauc_recall_at_3_diff1": 0.667154,
        "nauc_recall_at_5_max": 0.301539,
        "nauc_recall_at_5_std": -0.565198,
        "nauc_recall_at_5_diff1": 0.597492,
        "nauc_recall_at_10_max": 0.161408,
        "nauc_recall_at_10_std": -0.596516,
        "nauc_recall_at_10_diff1": 0.527667,
        "nauc_recall_at_20_max": -0.131886,
        "nauc_recall_at_20_std": -0.648459,
        "nauc_recall_at_20_diff1": 0.332866,
        "nauc_recall_at_100_max": 0.098623,
        "nauc_recall_at_100_std": -0.102708,
        "nauc_recall_at_100_diff1": 0.71697,
        "nauc_recall_at_1000_max": -0.514472,
        "nauc_recall_at_1000_std": 0.358077,
        "nauc_recall_at_1000_diff1": 0.711718,
        "nauc_precision_at_1_max": 0.628132,
        "nauc_precision_at_1_std": -0.139518,
        "nauc_precision_at_1_diff1": 0.895166,
        "nauc_precision_at_3_max": 0.434745,
        "nauc_precision_at_3_std": -0.138751,
        "nauc_precision_at_3_diff1": 0.422645,
        "nauc_precision_at_5_max": 0.35585,
        "nauc_precision_at_5_std": -0.215769,
        "nauc_precision_at_5_diff1": 0.327408,
        "nauc_precision_at_10_max": 0.285014,
        "nauc_precision_at_10_std": -0.118868,
        "nauc_precision_at_10_diff1": 0.192797,
        "nauc_precision_at_20_max": 0.128472,
        "nauc_precision_at_20_std": 0.020412,
        "nauc_precision_at_20_diff1": -0.029818,
        "nauc_precision_at_100_max": 0.28961,
        "nauc_precision_at_100_std": 0.339902,
        "nauc_precision_at_100_diff1": 0.136105,
        "nauc_precision_at_1000_max": 0.230073,
        "nauc_precision_at_1000_std": 0.467323,
        "nauc_precision_at_1000_diff1": 0.053436,
        "nauc_mrr_at_1_max": 0.628132,
        "nauc_mrr_at_1_std": -0.139518,
        "nauc_mrr_at_1_diff1": 0.895166,
        "nauc_mrr_at_3_max": 0.604439,
        "nauc_mrr_at_3_std": -0.191464,
        "nauc_mrr_at_3_diff1": 0.864934,
        "nauc_mrr_at_5_max": 0.595281,
        "nauc_mrr_at_5_std": -0.213065,
        "nauc_mrr_at_5_diff1": 0.86356,
        "nauc_mrr_at_10_max": 0.595268,
        "nauc_mrr_at_10_std": -0.203206,
        "nauc_mrr_at_10_diff1": 0.867307,
        "nauc_mrr_at_20_max": 0.594005,
        "nauc_mrr_at_20_std": -0.199981,
        "nauc_mrr_at_20_diff1": 0.866845,
        "nauc_mrr_at_100_max": 0.594049,
        "nauc_mrr_at_100_std": -0.198251,
        "nauc_mrr_at_100_diff1": 0.866843,
        "nauc_mrr_at_1000_max": 0.593976,
        "nauc_mrr_at_1000_std": -0.198086,
        "nauc_mrr_at_1000_diff1": 0.866908,
        "hit_rate_at_1": 0.81667,
        "hit_rate_at_3": 0.90556,
        "hit_rate_at_5": 0.92778,
        "hit_rate_at_10": 0.95556,
        "hit_rate_at_20": 0.97222,
        "hit_rate_at_100": 0.97778,
        "hit_rate_at_1000": 0.98889,
        "main_score": 0.88123,
        "hf_subset": "default",
        "languages": [
          "eng-Latn"
        ]
      }
    ],
    "dev": [
      {
        "ndcg_at_1": 0.875,
        "ndcg_at_3": 0.875,
        "ndcg_at_5": 0.875,
        "ndcg_at_10": 0.875,
        "ndcg_at_20": 0.875,
        "ndcg_at_100": 0.89501,
        "ndcg_at_1000": 0.89501,
        "map_at_1": 0.875,
        "map_at_3": 0.875,
        "map_at_5": 0.875,
        "map_at_10": 0.875,
        "map_at_20": 0.875,
        "map_at_100": 0.87667,
        "map_at_1000": 0.87667,
        "recall_at_1": 0.875,
        "recall_at_3": 0.875,
        "recall_at_5": 0.875,
        "recall_at_10": 0.875,
        "recall_at_20": 0.875,
        "recall_at_100": 1.0,
        "recall_at_1000": 1.0,
        "accuracy": 0.875,
        "precision_at_1": 0.875,
        "precision_at_3": 0.29167,
        "precision_at_5": 0.175,
        "precision_at_10": 0.0875,
        "precision_at_20": 0.04375,
        "precision_at_100": 0.01,
        "precision_at_1000": 0.001,
        "mrr_at_1": 0.875,
        "mrr_at_3": 0.875,
        "mrr_at_5": 0.875,
        "mrr_at_10": 0.875,
        "mrr_at_20": 0.875,
        "mrr_at_100": 0.876667,
        "mrr_at_1000": 0.876667,
        "nauc_ndcg_at_1_max": 0.865546,
        "nauc_ndcg_at_1_std": 0.865546,
        "nauc_ndcg_at_1_diff1": 0.128291,
        "nauc_ndcg_at_3_max": 0.865546,
        "nauc_ndcg_at_3_std": 0.865546,
        "nauc_ndcg_at_3_diff1": 0.128291,
        "nauc_ndcg_at_5_max": 0.865546,
        "nauc_ndcg_at_5_std": 0.865546,
        "nauc_ndcg_at_5_diff1": 0.128291,
        "nauc_ndcg_at_10_max": 0.865546,
        "nauc_ndcg_at_10_std": 0.865546,
        "nauc_ndcg_at_10_diff1": 0.128291,
        "nauc_ndcg_at_20_max": 0.865546,
        "nauc_ndcg_at_20_std": 0.865546,
        "nauc_ndcg_at_20_diff1": 0.128291,
        "nauc_ndcg_at_100_max": 0.865546,