{
  "dataset_revision": "1840e8a5ac6ec752bbdd97d543ead0189bc7c25b",
  "task_name": "ChemHotpotQARetrieval",
  "mteb_version": "2.12.16",
  "scores": {
    "train": [
      {
        "ndcg_at_1": 0.82778,
        "ndcg_at_3": 0.8751,
        "ndcg_at_5": 0.87964,
        "ndcg_at_10": 0.88545,
        "ndcg_at_20": 0.89091,
        "ndcg_at_100": 0.89435,
        "ndcg_at_1000": 0.89604,
        "map_at_1": 0.80833,
        "map_at_3": 0.85926,
        "map_at_5": 0.86176,
        "map_at_10": 0.8644,
        "map_at_20": 0.86582,
        "map_at_100": 0.86648,
        "map_at_1000": 0.86655,
        "recall_at_1": 0.80833,
        "recall_at_3": 0.91389,
        "recall_at_5": 0.925,
        "recall_at_10": 0.94167,
        "recall_at_20": 0.96389,
        "recall_at_100": 0.98056,
        "recall_at_1000": 0.99444,
        "accuracy": 0.80833,
        "precision_at_1": 0.82778,
        "precision_at_3": 0.31481,
        "precision_at_5": 0.19111,
        "precision_at_10": 0.09722,
        "precision_at_20": 0.04972,
        "precision_at_100": 0.01017,
        "precision_at_1000": 0.00103,
        "mrr_at_1": 0.827778,
        "mrr_at_3": 0.867593,
        "mrr_at_5": 0.870093,
        "mrr_at_10": 0.872738,
        "mrr_at_20": 0.874156,
        "mrr_at_100": 0.874444,
        "mrr_at_1000": 0.874461,
        "nauc_ndcg_at_1_max": 0.74996,
        "nauc_ndcg_at_1_std": -0.15613,
        "nauc_ndcg_at_1_diff1": 0.924795,
        "nauc_ndcg_at_3_max": 0.587332,
        "nauc_ndcg_at_3_std": -0.318231,
        "nauc_ndcg_at_3_diff1": 0.808006,
        "nauc_ndcg_at_5_max": 0.579411,
        "nauc_ndcg_at_5_std": -0.29485,
        "nauc_ndcg_at_5_diff1": 0.802895,
        "nauc_ndcg_at_10_max": 0.567401,
        "nauc_ndcg_at_10_std": -0.302468,
        "nauc_ndcg_at_10_diff1": 0.797474,
        "nauc_ndcg_at_20_max": 0.560113,
        "nauc_ndcg_at_20_std": -0.317044,
        "nauc_ndcg_at_20_diff1": 0.790113,
        "nauc_ndcg_at_100_max": 0.572875,
        "nauc_ndcg_at_100_std": -0.289512,
        "nauc_ndcg_at_100_diff1": 0.807119,
        "nauc_ndcg_at_1000_max": 0.585498,
        "nauc_ndcg_at_1000_std": -0.288473,
        "nauc_ndcg_at_1000_diff1": 0.818691,
        "nauc_map_at_1_max": 0.614502,
        "nauc_map_at_1_std": -0.221695,
        "nauc_map_at_1_diff1": 0.843237,
        "nauc_map_at_3_max": 0.593147,
        "nauc_map_at_3_std": -0.284682,
        "nauc_map_at_3_diff1": 0.793887,
        "nauc_map_at_5_max": 0.589193,
        "nauc_map_at_5_std": -0.273621,
        "nauc_map_at_5_diff1": 0.791083,
        "nauc_map_at_10_max": 0.584783,
        "nauc_map_at_10_std": -0.276145,
        "nauc_map_at_10_diff1": 0.788798,
        "nauc_map_at_20_max": 0.58315,
        "nauc_map_at_20_std": -0.280135,
        "nauc_map_at_20_diff1": 0.787055,
        "nauc_map_at_100_max": 0.586406,
        "nauc_map_at_100_std": -0.275664,
        "nauc_map_at_100_diff1": 0.79084,
        "nauc_map_at_1000_max": 0.587294,
        "nauc_map_at_1000_std": -0.275353,
        "nauc_map_at_1000_diff1": 0.791767,
        "nauc_recall_at_1_max": 0.614502,
        "nauc_recall_at_1_std": -0.221695,
        "nauc_recall_at_1_diff1": 0.843237,
        "nauc_recall_at_3_max": 0.415003,
        "nauc_recall_at_3_std": -0.532107,
        "nauc_recall_at_3_diff1": 0.707434,
        "nauc_recall_at_5_max": 0.361362,
        "nauc_recall_at_5_std": -0.469361,
        "nauc_recall_at_5_diff1": 0.673773,
        "nauc_recall_at_10_max": 0.233805,
        "nauc_recall_at_10_std": -0.560246,
        "nauc_recall_at_10_diff1": 0.607021,
        "nauc_recall_at_20_max": -0.050241,
        "nauc_recall_at_20_std": -0.859118,
        "nauc_recall_at_20_diff1": 0.405408,
        "nauc_recall_at_100_max": -0.316993,
        "nauc_recall_at_100_std": -0.664332,
        "nauc_recall_at_100_diff1": 0.449847,
        "nauc_recall_at_1000_max": -1.151727,
        "nauc_recall_at_1000_std": -1.739963,
        "nauc_recall_at_1000_diff1": 0.722222,
        "nauc_precision_at_1_max": 0.74996,
        "nauc_precision_at_1_std": -0.15613,
        "nauc_precision_at_1_diff1": 0.924795,
        "nauc_precision_at_3_max": 0.435763,
        "nauc_precision_at_3_std": -0.222002,
        "nauc_precision_at_3_diff1": 0.438124,
        "nauc_precision_at_5_max": 0.399759,
        "nauc_precision_at_5_std": -0.144612,
        "nauc_precision_at_5_diff1": 0.385748,
        "nauc_precision_at_10_max": 0.323056,
        "nauc_precision_at_10_std": -0.143363,
        "nauc_precision_at_10_diff1": 0.287691,
        "nauc_precision_at_20_max": 0.198532,
        "nauc_precision_at_20_std": -0.166367,
        "nauc_precision_at_20_diff1": 0.071317,
        "nauc_precision_at_100_max": 0.178581,
        "nauc_precision_at_100_std": 0.165555,
        "nauc_precision_at_100_diff1": 0.044706,
        "nauc_precision_at_1000_max": 0.244908,
        "nauc_precision_at_1000_std": 0.256916,
        "nauc_precision_at_1000_diff1": 0.046934,
        "nauc_mrr_at_1_max": 0.74996,
        "nauc_mrr_at_1_std": -0.15613,
        "nauc_mrr_at_1_diff1": 0.924795,
        "nauc_mrr_at_3_max": 0.700237,
        "nauc_mrr_at_3_std": -0.234006,
        "nauc_mrr_at_3_diff1": 0.912409,
        "nauc_mrr_at_5_max": 0.6982,
        "nauc_mrr_at_5_std": -0.221286,
        "nauc_mrr_at_5_diff1": 0.911818,
        "nauc_mrr_at_10_max": 0.695891,
        "nauc_mrr_at_10_std": -0.222825,
        "nauc_mrr_at_10_diff1": 0.912014,
        "nauc_mrr_at_20_max": 0.695467,
        "nauc_mrr_at_20_std": -0.226428,
        "nauc_mrr_at_20_diff1": 0.911615,
        "nauc_mrr_at_100_max": 0.695303,
        "nauc_mrr_at_100_std": -0.223612,
        "nauc_mrr_at_100_diff1": 0.911492,
        "nauc_mrr_at_1000_max": 0.695339,
        "nauc_mrr_at_1000_std": -0.223648,
        "nauc_mrr_at_1000_diff1": 0.911499,
        "hit_rate_at_1": 0.82778,
        "hit_rate_at_3": 0.92222,
        "hit_rate_at_5": 0.93333,
        "hit_rate_at_10": 0.95,
        "hit_rate_at_20": 0.97222,
        "hit_rate_at_100": 0.98333,
        "hit_rate_at_1000": 0.99444,
        "main_score": 0.88545,
        "hf_subset": "default",
        "languages": [
          "eng-Latn"
        ]
      }
    ],
    "dev": [
      {
        "ndcg_at_1": 0.875,
        "ndcg_at_3": 0.875,
        "ndcg_at_5": 0.875,
        "ndcg_at_10": 0.875,
        "ndcg_at_20": 0.875,
        "ndcg_at_100": 0.89466,
        "ndcg_at_1000": 0.89466,
        "map_at_1": 0.875,
        "map_at_3": 0.875,
        "map_at_5": 0.875,
        "map_at_10": 0.875,
        "map_at_20": 0.875,
        "map_at_100": 0.87654,
        "map_at_1000": 0.87654,
        "recall_at_1": 0.875,
        "recall_at_3": 0.875,
        "recall_at_5": 0.875,
        "recall_at_10": 0.875,
        "recall_at_20": 0.875,
        "recall_at_100": 1.0,
        "recall_at_1000": 1.0,
        "accuracy": 0.875,
        "precision_at_1": 0.875,
        "precision_at_3": 0.29167,
        "precision_at_5": 0.175,
        "precision_at_10": 0.0875,
        "precision_at_20": 0.04375,
        "precision_at_100": 0.01,
        "precision_at_1000": 0.001,
        "mrr_at_1": 0.875,
        "mrr_at_3": 0.875,
        "mrr_at_5": 0.875,
        "mrr_at_10": 0.875,
        "mrr_at_20": 0.875,
        "mrr_at_100": 0.876543,
        "mrr_at_1000": 0.876543,
        "nauc_ndcg_at_1_max": 1.0,
        "nauc_ndcg_at_1_std": 0.865546,
        "nauc_ndcg_at_1_diff1": 1.0,
        "nauc_ndcg_at_3_max": 1.0,
        "nauc_ndcg_at_3_std": 0.865546,
        "nauc_ndcg_at_3_diff1": 1.0,
        "nauc_ndcg_at_5_max": 1.0,
        "nauc_ndcg_at_5_std": 0.865546,
        "nauc_ndcg_at_5_diff1": 1.0,
        "nauc_ndcg_at_10_max": 1.0,
        "nauc_ndcg_at_10_std": 0.865546,
        "nauc_ndcg_at_10_diff1": 1.0,
        "nauc_ndcg_at_20_max": 1.0,
        "nauc_ndcg_at_20_std": 0.865546,
        "nauc_ndcg_at_20_diff1": 1.0,
        "nauc_ndcg_at_100_max": 1.0,
        "nauc_ndcg_at_100_std": 0.865546,
        "nauc_ndcg_at_100_diff1": 1.0,