{
  "dataset_revision": "5d958fb6b31055495347724d46431ba41309b03a",
  "task_name": "ChemNQRetrieval",
  "mteb_version": "2.12.16",
  "scores": {
    "test": [
      {
        "ndcg_at_1": 0.44444,
        "ndcg_at_3": 0.51275,
        "ndcg_at_5": 0.52154,
        "ndcg_at_10": 0.55202,
        "ndcg_at_20": 0.58038,
        "ndcg_at_100": 0.61488,
        "ndcg_at_1000": 0.62148,
        "map_at_1": 0.34568,
        "map_at_3": 0.46605,
        "map_at_5": 0.47346,
        "map_at_10": 0.48488,
        "map_at_20": 0.49731,
        "map_at_100": 0.50371,
        "map_at_1000": 0.50405,
        "recall_at_1": 0.34568,
        "recall_at_3": 0.58642,
        "recall_at_5": 0.60494,
        "recall_at_10": 0.69753,
        "recall_at_20": 0.79012,
        "recall_at_100": 0.95062,
        "recall_at_1000": 1.0,
        "accuracy": 0.34568,
        "precision_at_1": 0.44444,
        "precision_at_3": 0.24691,
        "precision_at_5": 0.15556,
        "precision_at_10": 0.08889,
        "precision_at_20": 0.05185,
        "precision_at_100": 0.01222,
        "precision_at_1000": 0.0013,
        "mrr_at_1": 0.444444,
        "mrr_at_3": 0.537037,
        "mrr_at_5": 0.537037,
        "mrr_at_10": 0.551543,
        "mrr_at_20": 0.554392,
        "mrr_at_100": 0.560424,
        "mrr_at_1000": 0.560503,
        "nauc_ndcg_at_1_max": 0.075281,
        "nauc_ndcg_at_1_std": -0.105579,
        "nauc_ndcg_at_1_diff1": 0.156027,
        "nauc_ndcg_at_3_max": 0.076728,
        "nauc_ndcg_at_3_std": -0.22665,
        "nauc_ndcg_at_3_diff1": 0.205394,
        "nauc_ndcg_at_5_max": 0.093678,
        "nauc_ndcg_at_5_std": -0.21344,
        "nauc_ndcg_at_5_diff1": 0.187711,
        "nauc_ndcg_at_10_max": 0.105217,
        "nauc_ndcg_at_10_std": -0.158382,
        "nauc_ndcg_at_10_diff1": 0.177699,
        "nauc_ndcg_at_20_max": 0.233803,
        "nauc_ndcg_at_20_std": -0.049872,
        "nauc_ndcg_at_20_diff1": 0.177413,
        "nauc_ndcg_at_100_max": 0.153636,
        "nauc_ndcg_at_100_std": -0.13233,
        "nauc_ndcg_at_100_diff1": 0.207441,
        "nauc_ndcg_at_1000_max": 0.149434,
        "nauc_ndcg_at_1000_std": -0.126491,
        "nauc_ndcg_at_1000_diff1": 0.196034,
        "nauc_map_at_1_max": -0.031438,
        "nauc_map_at_1_std": -0.162877,
        "nauc_map_at_1_diff1": 0.090955,
        "nauc_map_at_3_max": 0.059795,
        "nauc_map_at_3_std": -0.240181,
        "nauc_map_at_3_diff1": 0.191233,
        "nauc_map_at_5_max": 0.073387,
        "nauc_map_at_5_std": -0.229586,
        "nauc_map_at_5_diff1": 0.176731,
        "nauc_map_at_10_max": 0.076242,
        "nauc_map_at_10_std": -0.212207,
        "nauc_map_at_10_diff1": 0.172511,
        "nauc_map_at_20_max": 0.12358,
        "nauc_map_at_20_std": -0.170409,
        "nauc_map_at_20_diff1": 0.179149,
        "nauc_map_at_100_max": 0.109228,
        "nauc_map_at_100_std": -0.186064,
        "nauc_map_at_100_diff1": 0.184505,
        "nauc_map_at_1000_max": 0.108795,
        "nauc_map_at_1000_std": -0.185644,
        "nauc_map_at_1000_diff1": 0.184123,
        "nauc_recall_at_1_max": -0.031438,
        "nauc_recall_at_1_std": -0.162877,
        "nauc_recall_at_1_diff1": 0.090955,
        "nauc_recall_at_3_max": 0.039389,
        "nauc_recall_at_3_std": -0.308933,
        "nauc_recall_at_3_diff1": 0.241956,
        "nauc_recall_at_5_max": 0.074781,
        "nauc_recall_at_5_std": -0.281053,
        "nauc_recall_at_5_diff1": 0.203546,
        "nauc_recall_at_10_max": 0.077526,
        "nauc_recall_at_10_std": -0.117966,
        "nauc_recall_at_10_diff1": 0.144725,
        "nauc_recall_at_20_max": 0.721282,
        "nauc_recall_at_20_std": 0.39858,
        "nauc_recall_at_20_diff1": 0.115921,
        "nauc_recall_at_100_max": 0.223924,
        "nauc_recall_at_100_std": -0.274829,
        "nauc_recall_at_100_diff1": 0.631834,
        "nauc_recall_at_1000_max": NaN,
        "nauc_recall_at_1000_std": NaN,
        "nauc_recall_at_1000_diff1": NaN,
        "nauc_precision_at_1_max": 0.075281,
        "nauc_precision_at_1_std": -0.105579,
        "nauc_precision_at_1_diff1": 0.156027,
        "nauc_precision_at_3_max": 0.196917,
        "nauc_precision_at_3_std": -0.234046,
        "nauc_precision_at_3_diff1": 0.270298,
        "nauc_precision_at_5_max": 0.215106,
        "nauc_precision_at_5_std": -0.156777,
        "nauc_precision_at_5_diff1": 0.176173,
        "nauc_precision_at_10_max": 0.303819,
        "nauc_precision_at_10_std": 0.037703,
        "nauc_precision_at_10_diff1": 0.170979,
        "nauc_precision_at_20_max": 0.615944,
        "nauc_precision_at_20_std": 0.384336,
        "nauc_precision_at_20_diff1": 0.15839,
        "nauc_precision_at_100_max": 0.422823,
        "nauc_precision_at_100_std": 0.297492,
        "nauc_precision_at_100_diff1": 0.209572,
        "nauc_precision_at_1000_max": 0.329482,
        "nauc_precision_at_1000_std": 0.347807,
        "nauc_precision_at_1000_diff1": 0.092037,
        "nauc_mrr_at_1_max": 0.075281,
        "nauc_mrr_at_1_std": -0.105579,
        "nauc_mrr_at_1_diff1": 0.156027,
        "nauc_mrr_at_3_max": 0.134948,
        "nauc_mrr_at_3_std": -0.090461,
        "nauc_mrr_at_3_diff1": 0.181706,
        "nauc_mrr_at_5_max": 0.134948,
        "nauc_mrr_at_5_std": -0.090461,
        "nauc_mrr_at_5_diff1": 0.181706,
        "nauc_mrr_at_10_max": 0.151796,
        "nauc_mrr_at_10_std": -0.053514,
        "nauc_mrr_at_10_diff1": 0.184273,
        "nauc_mrr_at_20_max": 0.168426,
        "nauc_mrr_at_20_std": -0.042988,
        "nauc_mrr_at_20_diff1": 0.17647,
        "nauc_mrr_at_100_max": 0.155522,
        "nauc_mrr_at_100_std": -0.056919,
        "nauc_mrr_at_100_diff1": 0.182112,
        "nauc_mrr_at_1000_max": 0.155533,
        "nauc_mrr_at_1000_std": -0.056888,
        "nauc_mrr_at_1000_diff1": 0.181974,
        "hit_rate_at_1": 0.44444,
        "hit_rate_at_3": 0.66667,
        "hit_rate_at_5": 0.66667,
        "hit_rate_at_10": 0.77778,
        "hit_rate_at_20": 0.81481,
        "hit_rate_at_100": 0.96296,
        "hit_rate_at_1000": 1.0,
        "main_score": 0.55202,
        "hf_subset": "default",
        "languages": [
          "eng-Latn"
        ]
      }
    ]
  },
  "evaluation_time": 61.66867542266846,
  "kg_co2_emissions": null,
  "date": 1778638861.181712
}