{
  "dataset_revision": "1840e8a5ac6ec752bbdd97d543ead0189bc7c25b",
  "task_name": "ChemHotpotQARetrieval",
  "mteb_version": "2.12.15",
  "scores": {
    "train": [
      {
        "ndcg_at_1": 0.8,
        "ndcg_at_3": 0.84902,
        "ndcg_at_5": 0.85503,
        "ndcg_at_10": 0.8641,
        "ndcg_at_20": 0.87201,
        "ndcg_at_100": 0.87554,
        "ndcg_at_1000": 0.87704,
        "map_at_1": 0.78333,
        "map_at_3": 0.83194,
        "map_at_5": 0.83583,
        "map_at_10": 0.83963,
        "map_at_20": 0.84192,
        "map_at_100": 0.84262,
        "map_at_1000": 0.84269,
        "recall_at_1": 0.78333,
        "recall_at_3": 0.88889,
        "recall_at_5": 0.90278,
        "recall_at_10": 0.93056,
        "recall_at_20": 0.96111,
        "recall_at_100": 0.97778,
        "recall_at_1000": 0.98889,
        "accuracy": 0.78333,
        "precision_at_1": 0.8,
        "precision_at_3": 0.30556,
        "precision_at_5": 0.18667,
        "precision_at_10": 0.09611,
        "precision_at_20": 0.04972,
        "precision_at_100": 0.01017,
        "precision_at_1000": 0.00103,
        "mrr_at_1": 0.8,
        "mrr_at_3": 0.842593,
        "mrr_at_5": 0.845093,
        "mrr_at_10": 0.848889,
        "mrr_at_20": 0.850903,
        "mrr_at_100": 0.851229,
        "mrr_at_1000": 0.851296,
        "nauc_ndcg_at_1_max": 0.642385,
        "nauc_ndcg_at_1_std": -0.149545,
        "nauc_ndcg_at_1_diff1": 0.908633,
        "nauc_ndcg_at_3_max": 0.554119,
        "nauc_ndcg_at_3_std": -0.268675,
        "nauc_ndcg_at_3_diff1": 0.806317,
        "nauc_ndcg_at_5_max": 0.535844,
        "nauc_ndcg_at_5_std": -0.308434,
        "nauc_ndcg_at_5_diff1": 0.80325,
        "nauc_ndcg_at_10_max": 0.517898,
        "nauc_ndcg_at_10_std": -0.310558,
        "nauc_ndcg_at_10_diff1": 0.79364,
        "nauc_ndcg_at_20_max": 0.513171,
        "nauc_ndcg_at_20_std": -0.283389,
        "nauc_ndcg_at_20_diff1": 0.791307,
        "nauc_ndcg_at_100_max": 0.534833,
        "nauc_ndcg_at_100_std": -0.264654,
        "nauc_ndcg_at_100_diff1": 0.820183,
        "nauc_ndcg_at_1000_max": 0.533594,
        "nauc_ndcg_at_1000_std": -0.26081,
        "nauc_ndcg_at_1000_diff1": 0.823625,
        "nauc_map_at_1_max": 0.534733,
        "nauc_map_at_1_std": -0.245187,
        "nauc_map_at_1_diff1": 0.851049,
        "nauc_map_at_3_max": 0.553653,
        "nauc_map_at_3_std": -0.264331,
        "nauc_map_at_3_diff1": 0.805053,
        "nauc_map_at_5_max": 0.542678,
        "nauc_map_at_5_std": -0.288021,
        "nauc_map_at_5_diff1": 0.802366,
        "nauc_map_at_10_max": 0.536408,
        "nauc_map_at_10_std": -0.286985,
        "nauc_map_at_10_diff1": 0.799085,
        "nauc_map_at_20_max": 0.535539,
        "nauc_map_at_20_std": -0.279349,
        "nauc_map_at_20_diff1": 0.798842,
        "nauc_map_at_100_max": 0.540588,
        "nauc_map_at_100_std": -0.275523,
        "nauc_map_at_100_diff1": 0.804993,
        "nauc_map_at_1000_max": 0.540515,
        "nauc_map_at_1000_std": -0.275393,
        "nauc_map_at_1000_diff1": 0.805085,
        "nauc_recall_at_1_max": 0.534733,
        "nauc_recall_at_1_std": -0.245187,
        "nauc_recall_at_1_diff1": 0.851049,
        "nauc_recall_at_3_max": 0.472126,
        "nauc_recall_at_3_std": -0.343815,
        "nauc_recall_at_3_diff1": 0.7068,
        "nauc_recall_at_5_max": 0.398621,
        "nauc_recall_at_5_std": -0.482327,
        "nauc_recall_at_5_diff1": 0.680238,
        "nauc_recall_at_10_max": 0.240019,
        "nauc_recall_at_10_std": -0.576452,
        "nauc_recall_at_10_diff1": 0.570999,
        "nauc_recall_at_20_max": -0.02621,
        "nauc_recall_at_20_std": -0.488595,
        "nauc_recall_at_20_diff1": 0.37615,
        "nauc_recall_at_100_max": 0.049603,
        "nauc_recall_at_100_std": -0.235061,
        "nauc_recall_at_100_diff1": 0.737395,
        "nauc_recall_at_1000_max": -0.514472,
        "nauc_recall_at_1000_std": 0.093371,
        "nauc_recall_at_1000_diff1": 0.934641,
        "nauc_precision_at_1_max": 0.642385,
        "nauc_precision_at_1_std": -0.149545,
        "nauc_precision_at_1_diff1": 0.908633,
        "nauc_precision_at_3_max": 0.532622,
        "nauc_precision_at_3_std": -0.07793,
        "nauc_precision_at_3_diff1": 0.524358,
        "nauc_precision_at_5_max": 0.413684,
        "nauc_precision_at_5_std": -0.171269,
        "nauc_precision_at_5_diff1": 0.417426,
        "nauc_precision_at_10_max": 0.308942,
        "nauc_precision_at_10_std": -0.151937,
        "nauc_precision_at_10_diff1": 0.270704,
        "nauc_precision_at_20_max": 0.13631,
        "nauc_precision_at_20_std": 0.091053,
        "nauc_precision_at_20_diff1": 0.005463,
        "nauc_precision_at_100_max": 0.254985,
        "nauc_precision_at_100_std": 0.343538,
        "nauc_precision_at_100_diff1": 0.132066,
        "nauc_precision_at_1000_max": 0.204392,
        "nauc_precision_at_1000_std": 0.471471,
        "nauc_precision_at_1000_diff1": 0.074507,
        "nauc_mrr_at_1_max": 0.642385,
        "nauc_mrr_at_1_std": -0.149545,
        "nauc_mrr_at_1_diff1": 0.908633,
        "nauc_mrr_at_3_max": 0.620186,
        "nauc_mrr_at_3_std": -0.20911,
        "nauc_mrr_at_3_diff1": 0.886225,
        "nauc_mrr_at_5_max": 0.614729,
        "nauc_mrr_at_5_std": -0.221351,
        "nauc_mrr_at_5_diff1": 0.887621,
        "nauc_mrr_at_10_max": 0.610072,
        "nauc_mrr_at_10_std": -0.218504,
        "nauc_mrr_at_10_diff1": 0.886441,
        "nauc_mrr_at_20_max": 0.610868,
        "nauc_mrr_at_20_std": -0.210243,
        "nauc_mrr_at_20_diff1": 0.887385,
        "nauc_mrr_at_100_max": 0.610636,
        "nauc_mrr_at_100_std": -0.210195,
        "nauc_mrr_at_100_diff1": 0.887826,
        "nauc_mrr_at_1000_max": 0.610594,
        "nauc_mrr_at_1000_std": -0.210028,
        "nauc_mrr_at_1000_diff1": 0.887961,
        "hit_rate_at_1": 0.8,
        "hit_rate_at_3": 0.9,
        "hit_rate_at_5": 0.91111,
        "hit_rate_at_10": 0.93889,
        "hit_rate_at_20": 0.96667,
        "hit_rate_at_100": 0.97778,
        "hit_rate_at_1000": 0.98889,
        "main_score": 0.8641,
        "hf_subset": "default",
        "languages": [
          "eng-Latn"
        ]
      }
    ],
    "dev": [
      {
        "ndcg_at_1": 0.875,
        "ndcg_at_3": 0.875,
        "ndcg_at_5": 0.875,
        "ndcg_at_10": 0.875,
        "ndcg_at_20": 0.875,
        "ndcg_at_100": 0.8943,
        "ndcg_at_1000": 0.8943,
        "map_at_1": 0.875,
        "map_at_3": 0.875,
        "map_at_5": 0.875,
        "map_at_10": 0.875,
        "map_at_20": 0.875,
        "map_at_100": 0.87642,
        "map_at_1000": 0.87642,
        "recall_at_1": 0.875,
        "recall_at_3": 0.875,
        "recall_at_5": 0.875,
        "recall_at_10": 0.875,
        "recall_at_20": 0.875,
        "recall_at_100": 1.0,
        "recall_at_1000": 1.0,
        "accuracy": 0.875,
        "precision_at_1": 0.875,
        "precision_at_3": 0.29167,
        "precision_at_5": 0.175,
        "precision_at_10": 0.0875,
        "precision_at_20": 0.04375,
        "precision_at_100": 0.01,
        "precision_at_1000": 0.001,
        "mrr_at_1": 0.875,
        "mrr_at_3": 0.875,
        "mrr_at_5": 0.875,
        "mrr_at_10": 0.875,
        "mrr_at_20": 0.875,
        "mrr_at_100": 0.87642,
        "mrr_at_1000": 0.87642,
        "nauc_ndcg_at_1_max": 1.0,
        "nauc_ndcg_at_1_std": 0.865546,
        "nauc_ndcg_at_1_diff1": 0.363585,
        "nauc_ndcg_at_3_max": 1.0,
        "nauc_ndcg_at_3_std": 0.865546,
        "nauc_ndcg_at_3_diff1": 0.363585,
        "nauc_ndcg_at_5_max": 1.0,
        "nauc_ndcg_at_5_std": 0.865546,
        "nauc_ndcg_at_5_diff1": 0.363585,
        "nauc_ndcg_at_10_max": 1.0,
        "nauc_ndcg_at_10_std": 0.865546,
        "nauc_ndcg_at_10_diff1": 0.363585,
        "nauc_ndcg_at_20_max": 1.0,
        "nauc_ndcg_at_20_std": 0.865546,
        "nauc_ndcg_at_20_diff1": 0.363585,
        "nauc_ndcg_at_100_max": 1.0,
        "nauc_ndcg_at_100_std": 0.865546,