{
  "dataset_revision": "1840e8a5ac6ec752bbdd97d543ead0189bc7c25b",
  "task_name": "ChemHotpotQARetrieval",
  "mteb_version": "2.12.15",
  "scores": {
    "train": [
      {
        "ndcg_at_1": 0.82222,
        "ndcg_at_3": 0.86639,
        "ndcg_at_5": 0.87786,
        "ndcg_at_10": 0.88472,
        "ndcg_at_20": 0.88745,
        "ndcg_at_100": 0.89144,
        "ndcg_at_1000": 0.89205,
        "map_at_1": 0.80556,
        "map_at_3": 0.85139,
        "map_at_5": 0.85778,
        "map_at_10": 0.86043,
        "map_at_20": 0.86114,
        "map_at_100": 0.86194,
        "map_at_1000": 0.86195,
        "recall_at_1": 0.80556,
        "recall_at_3": 0.90278,
        "recall_at_5": 0.93056,
        "recall_at_10": 0.95278,
        "recall_at_20": 0.96389,
        "recall_at_100": 0.98333,
        "recall_at_1000": 0.98889,
        "accuracy": 0.80556,
        "precision_at_1": 0.82222,
        "precision_at_3": 0.31111,
        "precision_at_5": 0.19222,
        "precision_at_10": 0.09833,
        "precision_at_20": 0.04972,
        "precision_at_100": 0.01022,
        "precision_at_1000": 0.00103,
        "mrr_at_1": 0.822222,
        "mrr_at_3": 0.859259,
        "mrr_at_5": 0.865648,
        "mrr_at_10": 0.868302,
        "mrr_at_20": 0.869008,
        "mrr_at_100": 0.86922,
        "mrr_at_1000": 0.86923,
        "nauc_ndcg_at_1_max": 0.678432,
        "nauc_ndcg_at_1_std": -0.13512,
        "nauc_ndcg_at_1_diff1": 0.926962,
        "nauc_ndcg_at_3_max": 0.534693,
        "nauc_ndcg_at_3_std": -0.321395,
        "nauc_ndcg_at_3_diff1": 0.787482,
        "nauc_ndcg_at_5_max": 0.513789,
        "nauc_ndcg_at_5_std": -0.344511,
        "nauc_ndcg_at_5_diff1": 0.786509,
        "nauc_ndcg_at_10_max": 0.507103,
        "nauc_ndcg_at_10_std": -0.356469,
        "nauc_ndcg_at_10_diff1": 0.786375,
        "nauc_ndcg_at_20_max": 0.499651,
        "nauc_ndcg_at_20_std": -0.329379,
        "nauc_ndcg_at_20_diff1": 0.780958,
        "nauc_ndcg_at_100_max": 0.522193,
        "nauc_ndcg_at_100_std": -0.299242,
        "nauc_ndcg_at_100_diff1": 0.814873,
        "nauc_ndcg_at_1000_max": 0.523161,
        "nauc_ndcg_at_1000_std": -0.297684,
        "nauc_ndcg_at_1000_diff1": 0.816411,
        "nauc_map_at_1_max": 0.542585,
        "nauc_map_at_1_std": -0.239831,
        "nauc_map_at_1_diff1": 0.841069,
        "nauc_map_at_3_max": 0.540118,
        "nauc_map_at_3_std": -0.291928,
        "nauc_map_at_3_diff1": 0.783972,
        "nauc_map_at_5_max": 0.529925,
        "nauc_map_at_5_std": -0.303414,
        "nauc_map_at_5_diff1": 0.783615,
        "nauc_map_at_10_max": 0.527432,
        "nauc_map_at_10_std": -0.30773,
        "nauc_map_at_10_diff1": 0.783435,
        "nauc_map_at_20_max": 0.525915,
        "nauc_map_at_20_std": -0.301984,
        "nauc_map_at_20_diff1": 0.782279,
        "nauc_map_at_100_max": 0.531554,
        "nauc_map_at_100_std": -0.296091,
        "nauc_map_at_100_diff1": 0.789432,
        "nauc_map_at_1000_max": 0.531567,
        "nauc_map_at_1000_std": -0.29607,
        "nauc_map_at_1000_diff1": 0.789449,
        "nauc_recall_at_1_max": 0.542585,
        "nauc_recall_at_1_std": -0.239831,
        "nauc_recall_at_1_diff1": 0.841069,
        "nauc_recall_at_3_max": 0.385821,
        "nauc_recall_at_3_std": -0.54429,
        "nauc_recall_at_3_diff1": 0.659432,
        "nauc_recall_at_5_max": 0.242148,
        "nauc_recall_at_5_std": -0.710719,
        "nauc_recall_at_5_diff1": 0.598562,
        "nauc_recall_at_10_max": 0.073845,
        "nauc_recall_at_10_std": -0.954331,
        "nauc_recall_at_10_diff1": 0.510161,
        "nauc_recall_at_20_max": -0.14828,
        "nauc_recall_at_20_std": -0.803096,
        "nauc_recall_at_20_diff1": 0.359441,
        "nauc_recall_at_100_max": -0.34127,
        "nauc_recall_at_100_std": -0.527077,
        "nauc_recall_at_100_diff1": 0.807812,
        "nauc_recall_at_1000_max": -0.690943,
        "nauc_recall_at_1000_std": -0.50887,
        "nauc_recall_at_1000_diff1": 0.934641,
        "nauc_precision_at_1_max": 0.678432,
        "nauc_precision_at_1_std": -0.13512,
        "nauc_precision_at_1_diff1": 0.926962,
        "nauc_precision_at_3_max": 0.417019,
        "nauc_precision_at_3_std": -0.231131,
        "nauc_precision_at_3_diff1": 0.429524,
        "nauc_precision_at_5_max": 0.327112,
        "nauc_precision_at_5_std": -0.261762,
        "nauc_precision_at_5_diff1": 0.325552,
        "nauc_precision_at_10_max": 0.24898,
        "nauc_precision_at_10_std": -0.281453,
        "nauc_precision_at_10_diff1": 0.193499,
        "nauc_precision_at_20_max": 0.157545,
        "nauc_precision_at_20_std": -0.086736,
        "nauc_precision_at_20_diff1": 0.058631,
        "nauc_precision_at_100_max": 0.230755,
        "nauc_precision_at_100_std": 0.323943,
        "nauc_precision_at_100_diff1": 0.16251,
        "nauc_precision_at_1000_max": 0.221776,
        "nauc_precision_at_1000_std": 0.386528,
        "nauc_precision_at_1000_diff1": 0.13489,
        "nauc_mrr_at_1_max": 0.678432,
        "nauc_mrr_at_1_std": -0.13512,
        "nauc_mrr_at_1_diff1": 0.926962,
        "nauc_mrr_at_3_max": 0.640048,
        "nauc_mrr_at_3_std": -0.207949,
        "nauc_mrr_at_3_diff1": 0.896266,
        "nauc_mrr_at_5_max": 0.634278,
        "nauc_mrr_at_5_std": -0.215872,
        "nauc_mrr_at_5_diff1": 0.901471,
        "nauc_mrr_at_10_max": 0.633851,
        "nauc_mrr_at_10_std": -0.218576,
        "nauc_mrr_at_10_diff1": 0.903767,
        "nauc_mrr_at_20_max": 0.632851,
        "nauc_mrr_at_20_std": -0.212015,
        "nauc_mrr_at_20_diff1": 0.903225,
        "nauc_mrr_at_100_max": 0.632448,
        "nauc_mrr_at_100_std": -0.211452,
        "nauc_mrr_at_100_diff1": 0.903378,
        "nauc_mrr_at_1000_max": 0.63247,
        "nauc_mrr_at_1000_std": -0.211425,
        "nauc_mrr_at_1000_diff1": 0.903405,
        "hit_rate_at_1": 0.82222,
        "hit_rate_at_3": 0.91111,
        "hit_rate_at_5": 0.93889,
        "hit_rate_at_10": 0.96111,
        "hit_rate_at_20": 0.97222,
        "hit_rate_at_100": 0.98333,
        "hit_rate_at_1000": 0.98889,
        "main_score": 0.88472,
        "hf_subset": "default",
        "languages": [
          "eng-Latn"
        ]
      }
    ],
    "dev": [
      {
        "ndcg_at_1": 0.875,
        "ndcg_at_3": 0.875,
        "ndcg_at_5": 0.875,
        "ndcg_at_10": 0.875,
        "ndcg_at_20": 0.875,
        "ndcg_at_100": 0.89652,
        "ndcg_at_1000": 0.89652,
        "map_at_1": 0.875,
        "map_at_3": 0.875,
        "map_at_5": 0.875,
        "map_at_10": 0.875,
        "map_at_20": 0.875,
        "map_at_100": 0.87727,
        "map_at_1000": 0.87727,
        "recall_at_1": 0.875,
        "recall_at_3": 0.875,
        "recall_at_5": 0.875,
        "recall_at_10": 0.875,
        "recall_at_20": 0.875,
        "recall_at_100": 1.0,
        "recall_at_1000": 1.0,
        "accuracy": 0.875,
        "precision_at_1": 0.875,
        "precision_at_3": 0.29167,
        "precision_at_5": 0.175,
        "precision_at_10": 0.0875,
        "precision_at_20": 0.04375,
        "precision_at_100": 0.01,
        "precision_at_1000": 0.001,
        "mrr_at_1": 0.875,
        "mrr_at_3": 0.875,
        "mrr_at_5": 0.875,
        "mrr_at_10": 0.875,
        "mrr_at_20": 0.875,
        "mrr_at_100": 0.877273,
        "mrr_at_1000": 0.877273,
        "nauc_ndcg_at_1_max": 1.0,
        "nauc_ndcg_at_1_std": 0.865546,
        "nauc_ndcg_at_1_diff1": 0.551821,
        "nauc_ndcg_at_3_max": 1.0,
        "nauc_ndcg_at_3_std": 0.865546,
        "nauc_ndcg_at_3_diff1": 0.551821,
        "nauc_ndcg_at_5_max": 1.0,
        "nauc_ndcg_at_5_std": 0.865546,
        "nauc_ndcg_at_5_diff1": 0.551821,
        "nauc_ndcg_at_10_max": 1.0,
        "nauc_ndcg_at_10_std": 0.865546,
        "nauc_ndcg_at_10_diff1": 0.551821,
        "nauc_ndcg_at_20_max": 1.0,
        "nauc_ndcg_at_20_std": 0.865546,
        "nauc_ndcg_at_20_diff1": 0.551821,
        "nauc_ndcg_at_100_max": 1.0,
        "nauc_ndcg_at_100_std": 0.865546,