{
  "dataset_revision": "5d958fb6b31055495347724d46431ba41309b03a",
  "task_name": "ChemNQRetrieval",
  "mteb_version": "2.12.15",
  "scores": {
    "test": [
      {
        "ndcg_at_1": 0.44444,
        "ndcg_at_3": 0.52245,
        "ndcg_at_5": 0.54719,
        "ndcg_at_10": 0.58029,
        "ndcg_at_20": 0.61513,
        "ndcg_at_100": 0.63336,
        "ndcg_at_1000": 0.63967,
        "map_at_1": 0.34568,
        "map_at_3": 0.4784,
        "map_at_5": 0.49506,
        "map_at_10": 0.50917,
        "map_at_20": 0.52129,
        "map_at_100": 0.52438,
        "map_at_1000": 0.52472,
        "recall_at_1": 0.34568,
        "recall_at_3": 0.58642,
        "recall_at_5": 0.64198,
        "recall_at_10": 0.73457,
        "recall_at_20": 0.8642,
        "recall_at_100": 0.95062,
        "recall_at_1000": 1.0,
        "accuracy": 0.34568,
        "precision_at_1": 0.44444,
        "precision_at_3": 0.24691,
        "precision_at_5": 0.16296,
        "precision_at_10": 0.09259,
        "precision_at_20": 0.05556,
        "precision_at_100": 0.01222,
        "precision_at_1000": 0.0013,
        "mrr_at_1": 0.444444,
        "mrr_at_3": 0.549383,
        "mrr_at_5": 0.558642,
        "mrr_at_10": 0.575397,
        "mrr_at_20": 0.579404,
        "mrr_at_100": 0.582063,
        "mrr_at_1000": 0.582108,
        "nauc_ndcg_at_1_max": 0.110419,
        "nauc_ndcg_at_1_std": -0.095962,
        "nauc_ndcg_at_1_diff1": 0.392152,
        "nauc_ndcg_at_3_max": 0.162385,
        "nauc_ndcg_at_3_std": -0.121142,
        "nauc_ndcg_at_3_diff1": 0.273074,
        "nauc_ndcg_at_5_max": 0.173994,
        "nauc_ndcg_at_5_std": -0.147818,
        "nauc_ndcg_at_5_diff1": 0.249635,
        "nauc_ndcg_at_10_max": 0.216885,
        "nauc_ndcg_at_10_std": -0.080682,
        "nauc_ndcg_at_10_diff1": 0.218475,
        "nauc_ndcg_at_20_max": 0.233728,
        "nauc_ndcg_at_20_std": -0.0652,
        "nauc_ndcg_at_20_diff1": 0.242336,
        "nauc_ndcg_at_100_max": 0.201143,
        "nauc_ndcg_at_100_std": -0.096391,
        "nauc_ndcg_at_100_diff1": 0.290767,
        "nauc_ndcg_at_1000_max": 0.204644,
        "nauc_ndcg_at_1000_std": -0.087461,
        "nauc_ndcg_at_1000_diff1": 0.28446,
        "nauc_map_at_1_max": -0.00876,
        "nauc_map_at_1_std": -0.12426,
        "nauc_map_at_1_diff1": 0.275891,
        "nauc_map_at_3_max": 0.108462,
        "nauc_map_at_3_std": -0.163595,
        "nauc_map_at_3_diff1": 0.29113,
        "nauc_map_at_5_max": 0.126601,
        "nauc_map_at_5_std": -0.175685,
        "nauc_map_at_5_diff1": 0.272172,
        "nauc_map_at_10_max": 0.140281,
        "nauc_map_at_10_std": -0.151824,
        "nauc_map_at_10_diff1": 0.256931,
        "nauc_map_at_20_max": 0.157135,
        "nauc_map_at_20_std": -0.132393,
        "nauc_map_at_20_diff1": 0.272519,
        "nauc_map_at_100_max": 0.151909,
        "nauc_map_at_100_std": -0.13755,
        "nauc_map_at_100_diff1": 0.279738,
        "nauc_map_at_1000_max": 0.151694,
        "nauc_map_at_1000_std": -0.137388,
        "nauc_map_at_1000_diff1": 0.279501,
        "nauc_recall_at_1_max": -0.00876,
        "nauc_recall_at_1_std": -0.12426,
        "nauc_recall_at_1_diff1": 0.275891,
        "nauc_recall_at_3_max": 0.181632,
        "nauc_recall_at_3_std": -0.096493,
        "nauc_recall_at_3_diff1": 0.19535,
        "nauc_recall_at_5_max": 0.196502,
        "nauc_recall_at_5_std": -0.160115,
        "nauc_recall_at_5_diff1": 0.132908,
        "nauc_recall_at_10_max": 0.320369,
        "nauc_recall_at_10_std": 0.042854,
        "nauc_recall_at_10_diff1": -0.035823,
        "nauc_recall_at_20_max": 0.415414,
        "nauc_recall_at_20_std": 0.062587,
        "nauc_recall_at_20_diff1": -0.098032,
        "nauc_recall_at_100_max": -0.042286,
        "nauc_recall_at_100_std": -0.473358,
        "nauc_recall_at_100_diff1": 0.506447,
        "nauc_recall_at_1000_max": NaN,
        "nauc_recall_at_1000_std": NaN,
        "nauc_recall_at_1000_diff1": NaN,
        "nauc_precision_at_1_max": 0.110419,
        "nauc_precision_at_1_std": -0.095962,
        "nauc_precision_at_1_diff1": 0.392152,
        "nauc_precision_at_3_max": 0.372409,
        "nauc_precision_at_3_std": -0.093762,
        "nauc_precision_at_3_diff1": 0.308711,
        "nauc_precision_at_5_max": 0.407878,
        "nauc_precision_at_5_std": -0.097053,
        "nauc_precision_at_5_diff1": 0.186745,
        "nauc_precision_at_10_max": 0.603135,
        "nauc_precision_at_10_std": 0.121959,
        "nauc_precision_at_10_diff1": 0.161156,
        "nauc_precision_at_20_max": 0.623905,
        "nauc_precision_at_20_std": 0.254575,
        "nauc_precision_at_20_diff1": 0.234487,
        "nauc_precision_at_100_max": 0.532764,
        "nauc_precision_at_100_std": 0.216236,
        "nauc_precision_at_100_diff1": 0.349333,
        "nauc_precision_at_1000_max": 0.478075,
        "nauc_precision_at_1000_std": 0.272252,
        "nauc_precision_at_1000_diff1": 0.2379,
        "nauc_mrr_at_1_max": 0.110419,
        "nauc_mrr_at_1_std": -0.095962,
        "nauc_mrr_at_1_diff1": 0.392152,
        "nauc_mrr_at_3_max": 0.234269,
        "nauc_mrr_at_3_std": -0.041884,
        "nauc_mrr_at_3_diff1": 0.300573,
        "nauc_mrr_at_5_max": 0.212743,
        "nauc_mrr_at_5_std": -0.063678,
        "nauc_mrr_at_5_diff1": 0.302147,
        "nauc_mrr_at_10_max": 0.241186,
        "nauc_mrr_at_10_std": -0.021278,
        "nauc_mrr_at_10_diff1": 0.300199,
        "nauc_mrr_at_20_max": 0.23068,
        "nauc_mrr_at_20_std": -0.033021,
        "nauc_mrr_at_20_diff1": 0.295131,
        "nauc_mrr_at_100_max": 0.226499,
        "nauc_mrr_at_100_std": -0.037441,
        "nauc_mrr_at_100_diff1": 0.30285,
        "nauc_mrr_at_1000_max": 0.22656,
        "nauc_mrr_at_1000_std": -0.03736,
        "nauc_mrr_at_1000_diff1": 0.302811,
        "hit_rate_at_1": 0.44444,
        "hit_rate_at_3": 0.66667,
        "hit_rate_at_5": 0.7037,
        "hit_rate_at_10": 0.81481,
        "hit_rate_at_20": 0.88889,
        "hit_rate_at_100": 0.96296,
        "hit_rate_at_1000": 1.0,
        "main_score": 0.58029,
        "hf_subset": "default",
        "languages": [
          "eng-Latn"
        ]
      }
    ]
  },
  "evaluation_time": 71.13578462600708,
  "kg_co2_emissions": null,
  "date": 1775776835.360614
}