{
  "dataset_revision": "1840e8a5ac6ec752bbdd97d543ead0189bc7c25b",
  "task_name": "ChemHotpotQARetrieval",
  "mteb_version": "2.12.16",
  "scores": {
    "train": [
      {
        "ndcg_at_1": 0.81111,
        "ndcg_at_3": 0.8536,
        "ndcg_at_5": 0.86962,
        "ndcg_at_10": 0.87321,
        "ndcg_at_20": 0.88111,
        "ndcg_at_100": 0.88354,
        "ndcg_at_1000": 0.88501,
        "map_at_1": 0.79167,
        "map_at_3": 0.83981,
        "map_at_5": 0.8487,
        "map_at_10": 0.85019,
        "map_at_20": 0.85248,
        "map_at_100": 0.853,
        "map_at_1000": 0.85306,
        "recall_at_1": 0.79167,
        "recall_at_3": 0.88611,
        "recall_at_5": 0.925,
        "recall_at_10": 0.93611,
        "recall_at_20": 0.96667,
        "recall_at_100": 0.97778,
        "recall_at_1000": 0.98889,
        "accuracy": 0.79167,
        "precision_at_1": 0.81111,
        "precision_at_3": 0.30556,
        "precision_at_5": 0.19111,
        "precision_at_10": 0.09667,
        "precision_at_20": 0.05,
        "precision_at_100": 0.01017,
        "precision_at_1000": 0.00103,
        "mrr_at_1": 0.811111,
        "mrr_at_3": 0.848148,
        "mrr_at_5": 0.857037,
        "mrr_at_10": 0.858519,
        "mrr_at_20": 0.860518,
        "mrr_at_100": 0.860692,
        "mrr_at_1000": 0.860755,
        "nauc_ndcg_at_1_max": 0.589469,
        "nauc_ndcg_at_1_std": -0.217958,
        "nauc_ndcg_at_1_diff1": 0.902484,
        "nauc_ndcg_at_3_max": 0.494614,
        "nauc_ndcg_at_3_std": -0.340755,
        "nauc_ndcg_at_3_diff1": 0.800945,
        "nauc_ndcg_at_5_max": 0.445437,
        "nauc_ndcg_at_5_std": -0.38127,
        "nauc_ndcg_at_5_diff1": 0.783404,
        "nauc_ndcg_at_10_max": 0.445423,
        "nauc_ndcg_at_10_std": -0.361793,
        "nauc_ndcg_at_10_diff1": 0.776973,
        "nauc_ndcg_at_20_max": 0.435272,
        "nauc_ndcg_at_20_std": -0.357534,
        "nauc_ndcg_at_20_diff1": 0.779024,
        "nauc_ndcg_at_100_max": 0.459516,
        "nauc_ndcg_at_100_std": -0.326638,
        "nauc_ndcg_at_100_diff1": 0.807139,
        "nauc_ndcg_at_1000_max": 0.457122,
        "nauc_ndcg_at_1000_std": -0.32346,
        "nauc_ndcg_at_1000_diff1": 0.8093,
        "nauc_map_at_1_max": 0.484668,
        "nauc_map_at_1_std": -0.280882,
        "nauc_map_at_1_diff1": 0.839472,
        "nauc_map_at_3_max": 0.49237,
        "nauc_map_at_3_std": -0.325077,
        "nauc_map_at_3_diff1": 0.791435,
        "nauc_map_at_5_max": 0.468381,
        "nauc_map_at_5_std": -0.345235,
        "nauc_map_at_5_diff1": 0.782462,
        "nauc_map_at_10_max": 0.468766,
        "nauc_map_at_10_std": -0.336804,
        "nauc_map_at_10_diff1": 0.780188,
        "nauc_map_at_20_max": 0.466672,
        "nauc_map_at_20_std": -0.335669,
        "nauc_map_at_20_diff1": 0.780799,
        "nauc_map_at_100_max": 0.471913,
        "nauc_map_at_100_std": -0.330304,
        "nauc_map_at_100_diff1": 0.78672,
        "nauc_map_at_1000_max": 0.471795,
        "nauc_map_at_1000_std": -0.330198,
        "nauc_map_at_1000_diff1": 0.786769,
        "nauc_recall_at_1_max": 0.484668,
        "nauc_recall_at_1_std": -0.280882,
        "nauc_recall_at_1_diff1": 0.839472,
        "nauc_recall_at_3_max": 0.410254,
        "nauc_recall_at_3_std": -0.463644,
        "nauc_recall_at_3_diff1": 0.724457,
        "nauc_recall_at_5_max": 0.16473,
        "nauc_recall_at_5_std": -0.6699,
        "nauc_recall_at_5_diff1": 0.603987,
        "nauc_recall_at_10_max": 0.114054,
        "nauc_recall_at_10_std": -0.620205,
        "nauc_recall_at_10_diff1": 0.535115,
        "nauc_recall_at_20_max": -0.311625,
        "nauc_recall_at_20_std": -0.802054,
        "nauc_recall_at_20_diff1": 0.354653,
        "nauc_recall_at_100_max": -0.170985,
        "nauc_recall_at_100_std": -0.3331,
        "nauc_recall_at_100_diff1": 0.74965,
        "nauc_recall_at_1000_max": -0.955649,
        "nauc_recall_at_1000_std": -0.102708,
        "nauc_recall_at_1000_diff1": 0.861111,
        "nauc_precision_at_1_max": 0.589469,
        "nauc_precision_at_1_std": -0.217958,
        "nauc_precision_at_1_diff1": 0.902484,
        "nauc_precision_at_3_max": 0.422333,
        "nauc_precision_at_3_std": -0.219156,
        "nauc_precision_at_3_diff1": 0.487203,
        "nauc_precision_at_5_max": 0.256131,
        "nauc_precision_at_5_std": -0.282232,
        "nauc_precision_at_5_diff1": 0.322959,
        "nauc_precision_at_10_max": 0.232548,
        "nauc_precision_at_10_std": -0.202819,
        "nauc_precision_at_10_diff1": 0.243118,
        "nauc_precision_at_20_max": 0.03544,
        "nauc_precision_at_20_std": -0.075481,
        "nauc_precision_at_20_diff1": -0.005964,
        "nauc_precision_at_100_max": 0.210838,
        "nauc_precision_at_100_std": 0.258707,
        "nauc_precision_at_100_diff1": 0.156303,
        "nauc_precision_at_1000_max": 0.154018,
        "nauc_precision_at_1000_std": 0.374675,
        "nauc_precision_at_1000_diff1": 0.088335,
        "nauc_mrr_at_1_max": 0.589469,
        "nauc_mrr_at_1_std": -0.217958,
        "nauc_mrr_at_1_diff1": 0.902484,
        "nauc_mrr_at_3_max": 0.571589,
        "nauc_mrr_at_3_std": -0.270482,
        "nauc_mrr_at_3_diff1": 0.888501,
        "nauc_mrr_at_5_max": 0.551457,
        "nauc_mrr_at_5_std": -0.288164,
        "nauc_mrr_at_5_diff1": 0.885276,
        "nauc_mrr_at_10_max": 0.552773,
        "nauc_mrr_at_10_std": -0.278679,
        "nauc_mrr_at_10_diff1": 0.884016,
        "nauc_mrr_at_20_max": 0.552314,
        "nauc_mrr_at_20_std": -0.276455,
        "nauc_mrr_at_20_diff1": 0.885767,
        "nauc_mrr_at_100_max": 0.552312,
        "nauc_mrr_at_100_std": -0.27454,
        "nauc_mrr_at_100_diff1": 0.885789,
        "nauc_mrr_at_1000_max": 0.552226,
        "nauc_mrr_at_1000_std": -0.274403,
        "nauc_mrr_at_1000_diff1": 0.885888,
        "hit_rate_at_1": 0.81111,
        "hit_rate_at_3": 0.89444,
        "hit_rate_at_5": 0.93333,
        "hit_rate_at_10": 0.94444,
        "hit_rate_at_20": 0.97222,
        "hit_rate_at_100": 0.97778,
        "hit_rate_at_1000": 0.98889,
        "main_score": 0.87321,
        "hf_subset": "default",
        "languages": [
          "eng-Latn"
        ]
      }
    ],
    "dev": [
      {
        "ndcg_at_1": 0.875,
        "ndcg_at_3": 0.875,
        "ndcg_at_5": 0.875,
        "ndcg_at_10": 0.875,
        "ndcg_at_20": 0.875,
        "ndcg_at_100": 0.8939,
        "ndcg_at_1000": 0.8939,
        "map_at_1": 0.875,
        "map_at_3": 0.875,
        "map_at_5": 0.875,
        "map_at_10": 0.875,
        "map_at_20": 0.875,
        "map_at_100": 0.87629,
        "map_at_1000": 0.87629,
        "recall_at_1": 0.875,
        "recall_at_3": 0.875,
        "recall_at_5": 0.875,
        "recall_at_10": 0.875,
        "recall_at_20": 0.875,
        "recall_at_100": 1.0,
        "recall_at_1000": 1.0,
        "accuracy": 0.875,
        "precision_at_1": 0.875,
        "precision_at_3": 0.29167,
        "precision_at_5": 0.175,
        "precision_at_10": 0.0875,
        "precision_at_20": 0.04375,
        "precision_at_100": 0.01,
        "precision_at_1000": 0.001,
        "mrr_at_1": 0.875,
        "mrr_at_3": 0.875,
        "mrr_at_5": 0.875,
        "mrr_at_10": 0.875,
        "mrr_at_20": 0.875,
        "mrr_at_100": 0.876289,
        "mrr_at_1000": 0.876289,
        "nauc_ndcg_at_1_max": 1.0,
        "nauc_ndcg_at_1_std": 0.551821,
        "nauc_ndcg_at_1_diff1": 0.865546,
        "nauc_ndcg_at_3_max": 1.0,
        "nauc_ndcg_at_3_std": 0.551821,
        "nauc_ndcg_at_3_diff1": 0.865546,
        "nauc_ndcg_at_5_max": 1.0,
        "nauc_ndcg_at_5_std": 0.551821,
        "nauc_ndcg_at_5_diff1": 0.865546,
        "nauc_ndcg_at_10_max": 1.0,
        "nauc_ndcg_at_10_std": 0.551821,
        "nauc_ndcg_at_10_diff1": 0.865546,
        "nauc_ndcg_at_20_max": 1.0,
        "nauc_ndcg_at_20_std": 0.551821,
        "nauc_ndcg_at_20_diff1": 0.865546,
        "nauc_ndcg_at_100_max": 1.0,
        "nauc_ndcg_at_100_std": 0.551821,