{
  "dataset_revision": "1840e8a5ac6ec752bbdd97d543ead0189bc7c25b",
  "task_name": "ChemHotpotQARetrieval",
  "mteb_version": "2.12.16",
  "scores": {
    "train": [
      {
        "ndcg_at_1": 0.86667,
        "ndcg_at_3": 0.89621,
        "ndcg_at_5": 0.9029,
        "ndcg_at_10": 0.91206,
        "ndcg_at_20": 0.91665,
        "ndcg_at_100": 0.91717,
        "ndcg_at_1000": 0.91924,
        "map_at_1": 0.85,
        "map_at_3": 0.88565,
        "map_at_5": 0.88926,
        "map_at_10": 0.89314,
        "map_at_20": 0.8947,
        "map_at_100": 0.89477,
        "map_at_1000": 0.89484,
        "recall_at_1": 0.85,
        "recall_at_3": 0.91944,
        "recall_at_5": 0.93611,
        "recall_at_10": 0.96389,
        "recall_at_20": 0.98056,
        "recall_at_100": 0.98333,
        "recall_at_1000": 1.0,
        "accuracy": 0.85,
        "precision_at_1": 0.86667,
        "precision_at_3": 0.31667,
        "precision_at_5": 0.19333,
        "precision_at_10": 0.09944,
        "precision_at_20": 0.05083,
        "precision_at_100": 0.01022,
        "precision_at_1000": 0.00104,
        "mrr_at_1": 0.866667,
        "mrr_at_3": 0.893519,
        "mrr_at_5": 0.89713,
        "mrr_at_10": 0.90101,
        "mrr_at_20": 0.901869,
        "mrr_at_100": 0.901869,
        "mrr_at_1000": 0.901941,
        "nauc_ndcg_at_1_max": 0.400881,
        "nauc_ndcg_at_1_std": -0.644969,
        "nauc_ndcg_at_1_diff1": 0.882762,
        "nauc_ndcg_at_3_max": 0.238242,
        "nauc_ndcg_at_3_std": -0.803331,
        "nauc_ndcg_at_3_diff1": 0.747722,
        "nauc_ndcg_at_5_max": 0.226852,
        "nauc_ndcg_at_5_std": -0.790136,
        "nauc_ndcg_at_5_diff1": 0.729898,
        "nauc_ndcg_at_10_max": 0.188984,
        "nauc_ndcg_at_10_std": -0.755447,
        "nauc_ndcg_at_10_diff1": 0.724252,
        "nauc_ndcg_at_20_max": 0.183959,
        "nauc_ndcg_at_20_std": -0.770082,
        "nauc_ndcg_at_20_diff1": 0.742243,
        "nauc_ndcg_at_100_max": 0.19628,
        "nauc_ndcg_at_100_std": -0.763279,
        "nauc_ndcg_at_100_diff1": 0.757794,
        "nauc_ndcg_at_1000_max": 0.223191,
        "nauc_ndcg_at_1000_std": -0.762189,
        "nauc_ndcg_at_1000_diff1": 0.75914,
        "nauc_map_at_1_max": 0.233051,
        "nauc_map_at_1_std": -0.695791,
        "nauc_map_at_1_diff1": 0.774713,
        "nauc_map_at_3_max": 0.240589,
        "nauc_map_at_3_std": -0.784973,
        "nauc_map_at_3_diff1": 0.731507,
        "nauc_map_at_5_max": 0.235312,
        "nauc_map_at_5_std": -0.779242,
        "nauc_map_at_5_diff1": 0.722491,
        "nauc_map_at_10_max": 0.222407,
        "nauc_map_at_10_std": -0.766633,
        "nauc_map_at_10_diff1": 0.720784,
        "nauc_map_at_20_max": 0.223152,
        "nauc_map_at_20_std": -0.77003,
        "nauc_map_at_20_diff1": 0.726499,
        "nauc_map_at_100_max": 0.224309,
        "nauc_map_at_100_std": -0.76939,
        "nauc_map_at_100_diff1": 0.727917,
        "nauc_map_at_1000_max": 0.224789,
        "nauc_map_at_1000_std": -0.769415,
        "nauc_map_at_1000_diff1": 0.727947,
        "nauc_recall_at_1_max": 0.233051,
        "nauc_recall_at_1_std": -0.695791,
        "nauc_recall_at_1_diff1": 0.774713,
        "nauc_recall_at_3_max": 0.095319,
        "nauc_recall_at_3_std": -0.923195,
        "nauc_recall_at_3_diff1": 0.649651,
        "nauc_recall_at_5_max": 0.015569,
        "nauc_recall_at_5_std": -0.897678,
        "nauc_recall_at_5_diff1": 0.558255,
        "nauc_recall_at_10_max": -0.41927,
        "nauc_recall_at_10_std": -0.732421,
        "nauc_recall_at_10_diff1": 0.377541,
        "nauc_recall_at_20_max": -1.039683,
        "nauc_recall_at_20_std": -0.972456,
        "nauc_recall_at_20_diff1": 0.364479,
        "nauc_recall_at_100_max": -0.922969,
        "nauc_recall_at_100_std": -0.844538,
        "nauc_recall_at_100_diff1": 0.715219,
        "nauc_recall_at_1000_max": NaN,
        "nauc_recall_at_1000_std": NaN,
        "nauc_recall_at_1000_diff1": NaN,
        "nauc_precision_at_1_max": 0.400881,
        "nauc_precision_at_1_std": -0.644969,
        "nauc_precision_at_1_diff1": 0.882762,
        "nauc_precision_at_3_max": 0.271109,
        "nauc_precision_at_3_std": -0.515461,
        "nauc_precision_at_3_diff1": 0.399097,
        "nauc_precision_at_5_max": 0.248128,
        "nauc_precision_at_5_std": -0.426035,
        "nauc_precision_at_5_diff1": 0.292804,
        "nauc_precision_at_10_max": 0.109025,
        "nauc_precision_at_10_std": -0.139043,
        "nauc_precision_at_10_diff1": 0.083613,
        "nauc_precision_at_20_max": 0.100146,
        "nauc_precision_at_20_std": 0.062943,
        "nauc_precision_at_20_diff1": 0.038141,
        "nauc_precision_at_100_max": 0.203291,
        "nauc_precision_at_100_std": 0.170352,
        "nauc_precision_at_100_diff1": 0.148393,
        "nauc_precision_at_1000_max": 0.480701,
        "nauc_precision_at_1000_std": 0.42033,
        "nauc_precision_at_1000_diff1": 0.008778,
        "nauc_mrr_at_1_max": 0.400881,
        "nauc_mrr_at_1_std": -0.644969,
        "nauc_mrr_at_1_diff1": 0.882762,
        "nauc_mrr_at_3_max": 0.356815,
        "nauc_mrr_at_3_std": -0.72492,
        "nauc_mrr_at_3_diff1": 0.866488,
        "nauc_mrr_at_5_max": 0.355348,
        "nauc_mrr_at_5_std": -0.716646,
        "nauc_mrr_at_5_diff1": 0.8617,
        "nauc_mrr_at_10_max": 0.346342,
        "nauc_mrr_at_10_std": -0.700637,
        "nauc_mrr_at_10_diff1": 0.865452,
        "nauc_mrr_at_20_max": 0.341025,
        "nauc_mrr_at_20_std": -0.706312,
        "nauc_mrr_at_20_diff1": 0.864787,
        "nauc_mrr_at_100_max": 0.341025,
        "nauc_mrr_at_100_std": -0.706312,
        "nauc_mrr_at_100_diff1": 0.864787,
        "nauc_mrr_at_1000_max": 0.341623,
        "nauc_mrr_at_1000_std": -0.706292,
        "nauc_mrr_at_1000_diff1": 0.864922,
        "hit_rate_at_1": 0.86667,
        "hit_rate_at_3": 0.92778,
        "hit_rate_at_5": 0.94444,
        "hit_rate_at_10": 0.97222,
        "hit_rate_at_20": 0.98333,
        "hit_rate_at_100": 0.98333,
        "hit_rate_at_1000": 1.0,
        "main_score": 0.91206,
        "hf_subset": "default",
        "languages": [
          "eng-Latn"
        ]
      }
    ],
    "dev": [
      {
        "ndcg_at_1": 0.875,
        "ndcg_at_3": 0.875,
        "ndcg_at_5": 0.875,
        "ndcg_at_10": 0.875,
        "ndcg_at_20": 0.90783,
        "ndcg_at_100": 0.90783,
        "ndcg_at_1000": 0.90783,
        "map_at_1": 0.875,
        "map_at_3": 0.875,
        "map_at_5": 0.875,
        "map_at_10": 0.875,
        "map_at_20": 0.88462,
        "map_at_100": 0.88462,
        "map_at_1000": 0.88462,
        "recall_at_1": 0.875,
        "recall_at_3": 0.875,
        "recall_at_5": 0.875,
        "recall_at_10": 0.875,
        "recall_at_20": 1.0,
        "recall_at_100": 1.0,
        "recall_at_1000": 1.0,
        "accuracy": 0.875,
        "precision_at_1": 0.875,
        "precision_at_3": 0.29167,
        "precision_at_5": 0.175,
        "precision_at_10": 0.0875,
        "precision_at_20": 0.05,
        "precision_at_100": 0.01,
        "precision_at_1000": 0.001,
        "mrr_at_1": 0.875,
        "mrr_at_3": 0.875,
        "mrr_at_5": 0.875,
        "mrr_at_10": 0.875,
        "mrr_at_20": 0.884615,
        "mrr_at_100": 0.884615,
        "mrr_at_1000": 0.884615,
        "nauc_ndcg_at_1_max": 1.0,
        "nauc_ndcg_at_1_std": 0.128291,
        "nauc_ndcg_at_1_diff1": 1.0,
        "nauc_ndcg_at_3_max": 1.0,
        "nauc_ndcg_at_3_std": 0.128291,
        "nauc_ndcg_at_3_diff1": 1.0,
        "nauc_ndcg_at_5_max": 1.0,
        "nauc_ndcg_at_5_std": 0.128291,
        "nauc_ndcg_at_5_diff1": 1.0,
        "nauc_ndcg_at_10_max": 1.0,
        "nauc_ndcg_at_10_std": 0.128291,
        "nauc_ndcg_at_10_diff1": 1.0,
        "nauc_ndcg_at_20_max": 1.0,
        "nauc_ndcg_at_20_std": 0.128291,
        "nauc_ndcg_at_20_diff1": 1.0,
        "nauc_ndcg_at_100_max": 1.0,
        "nauc_ndcg_at_100_std": 0.128291,
        "nauc_ndcg_at_100_diff1": 1.0,