{
  "dataset_revision": "5377aa18f309ec440ff6325a4c2cd3362c2cb8d7",
  "task_name": "ChemRxivRetrieval",
  "mteb_version": "2.12.20",
  "scores": {
    "test": [
      {
        "ndcg_at_1": 0.6818,
        "ndcg_at_3": 0.77856,
        "ndcg_at_5": 0.79896,
        "ndcg_at_10": 0.81011,
        "ndcg_at_20": 0.81619,
        "ndcg_at_100": 0.82178,
        "ndcg_at_1000": 0.8236,
        "map_at_1": 0.6818,
        "map_at_3": 0.7552,
        "map_at_5": 0.76659,
        "map_at_10": 0.77128,
        "map_at_20": 0.77298,
        "map_at_100": 0.77382,
        "map_at_1000": 0.7739,
        "recall_at_1": 0.6818,
        "recall_at_3": 0.846,
        "recall_at_5": 0.8952,
        "recall_at_10": 0.9292,
        "recall_at_20": 0.953,
        "recall_at_100": 0.9822,
        "recall_at_1000": 0.9964,
        "accuracy": 0.6818,
        "precision_at_1": 0.6818,
        "precision_at_3": 0.282,
        "precision_at_5": 0.17904,
        "precision_at_10": 0.09292,
        "precision_at_20": 0.04765,
        "precision_at_100": 0.00982,
        "precision_at_1000": 0.001,
        "mrr_at_1": 0.6822,
        "mrr_at_3": 0.755267,
        "mrr_at_5": 0.766807,
        "mrr_at_10": 0.771496,
        "mrr_at_20": 0.7732,
        "mrr_at_100": 0.774041,
        "mrr_at_1000": 0.774113,
        "nauc_ndcg_at_1_max": 0.384188,
        "nauc_ndcg_at_1_std": -0.151537,
        "nauc_ndcg_at_1_diff1": 0.738836,
        "nauc_ndcg_at_3_max": 0.429005,
        "nauc_ndcg_at_3_std": -0.120739,
        "nauc_ndcg_at_3_diff1": 0.702436,
        "nauc_ndcg_at_5_max": 0.438144,
        "nauc_ndcg_at_5_std": -0.107811,
        "nauc_ndcg_at_5_diff1": 0.702647,
        "nauc_ndcg_at_10_max": 0.439973,
        "nauc_ndcg_at_10_std": -0.102001,
        "nauc_ndcg_at_10_diff1": 0.708836,
        "nauc_ndcg_at_20_max": 0.434897,
        "nauc_ndcg_at_20_std": -0.103606,
        "nauc_ndcg_at_20_diff1": 0.711376,
        "nauc_ndcg_at_100_max": 0.429764,
        "nauc_ndcg_at_100_std": -0.108589,
        "nauc_ndcg_at_100_diff1": 0.713474,
        "nauc_ndcg_at_1000_max": 0.427045,
        "nauc_ndcg_at_1000_std": -0.111652,
        "nauc_ndcg_at_1000_diff1": 0.71332,
        "nauc_map_at_1_max": 0.384188,
        "nauc_map_at_1_std": -0.151537,
        "nauc_map_at_1_diff1": 0.738836,
        "nauc_map_at_3_max": 0.416359,
        "nauc_map_at_3_std": -0.129658,
        "nauc_map_at_3_diff1": 0.712148,
        "nauc_map_at_5_max": 0.420392,
        "nauc_map_at_5_std": -0.123722,
        "nauc_map_at_5_diff1": 0.712634,
        "nauc_map_at_10_max": 0.420713,
        "nauc_map_at_10_std": -0.122,
        "nauc_map_at_10_diff1": 0.714959,
        "nauc_map_at_20_max": 0.41945,
        "nauc_map_at_20_std": -0.122521,
        "nauc_map_at_20_diff1": 0.715596,
        "nauc_map_at_100_max": 0.418709,
        "nauc_map_at_100_std": -0.123108,
        "nauc_map_at_100_diff1": 0.715841,
        "nauc_map_at_1000_max": 0.418634,
        "nauc_map_at_1000_std": -0.123174,
        "nauc_map_at_1000_diff1": 0.715844,
        "nauc_recall_at_1_max": 0.384188,
        "nauc_recall_at_1_std": -0.151537,
        "nauc_recall_at_1_diff1": 0.738836,
        "nauc_recall_at_3_max": 0.482007,
        "nauc_recall_at_3_std": -0.083207,
        "nauc_recall_at_3_diff1": 0.66209,
        "nauc_recall_at_5_max": 0.540524,
        "nauc_recall_at_5_std": -0.014164,
        "nauc_recall_at_5_diff1": 0.647107,
        "nauc_recall_at_10_max": 0.601061,
        "nauc_recall_at_10_std": 0.072088,
        "nauc_recall_at_10_diff1": 0.667432,
        "nauc_recall_at_20_max": 0.611737,
        "nauc_recall_at_20_std": 0.138046,
        "nauc_recall_at_20_diff1": 0.680861,
        "nauc_recall_at_100_max": 0.674016,
        "nauc_recall_at_100_std": 0.288772,
        "nauc_recall_at_100_diff1": 0.731229,
        "nauc_recall_at_1000_max": 0.686352,
        "nauc_recall_at_1000_std": 0.726009,
        "nauc_recall_at_1000_diff1": 0.730652,
        "nauc_precision_at_1_max": 0.384188,
        "nauc_precision_at_1_std": -0.151537,
        "nauc_precision_at_1_diff1": 0.738836,
        "nauc_precision_at_3_max": 0.482007,
        "nauc_precision_at_3_std": -0.083207,
        "nauc_precision_at_3_diff1": 0.66209,
        "nauc_precision_at_5_max": 0.540524,
        "nauc_precision_at_5_std": -0.014164,
        "nauc_precision_at_5_diff1": 0.647107,
        "nauc_precision_at_10_max": 0.601061,
        "nauc_precision_at_10_std": 0.072088,
        "nauc_precision_at_10_diff1": 0.667432,
        "nauc_precision_at_20_max": 0.611737,
        "nauc_precision_at_20_std": 0.138046,
        "nauc_precision_at_20_diff1": 0.680861,
        "nauc_precision_at_100_max": 0.674016,
        "nauc_precision_at_100_std": 0.288772,
        "nauc_precision_at_100_diff1": 0.731229,
        "nauc_precision_at_1000_max": 0.686352,
        "nauc_precision_at_1000_std": 0.726009,
        "nauc_precision_at_1000_diff1": 0.730652,
        "nauc_mrr_at_1_max": 0.385387,
        "nauc_mrr_at_1_std": -0.150897,
        "nauc_mrr_at_1_diff1": 0.737958,
        "nauc_mrr_at_3_max": 0.417802,
        "nauc_mrr_at_3_std": -0.130239,
        "nauc_mrr_at_3_diff1": 0.711672,
        "nauc_mrr_at_5_max": 0.42141,
        "nauc_mrr_at_5_std": -0.123426,
        "nauc_mrr_at_5_diff1": 0.711965,
        "nauc_mrr_at_10_max": 0.421754,
        "nauc_mrr_at_10_std": -0.121696,
        "nauc_mrr_at_10_diff1": 0.714277,
        "nauc_mrr_at_20_max": 0.420499,
        "nauc_mrr_at_20_std": -0.122215,
        "nauc_mrr_at_20_diff1": 0.714908,
        "nauc_mrr_at_100_max": 0.419762,
        "nauc_mrr_at_100_std": -0.1228,
        "nauc_mrr_at_100_diff1": 0.71515,
        "nauc_mrr_at_1000_max": 0.419687,
        "nauc_mrr_at_1000_std": -0.122866,
        "nauc_mrr_at_1000_diff1": 0.715153,
        "hit_rate_at_1": 0.6818,
        "hit_rate_at_3": 0.846,
        "hit_rate_at_5": 0.8952,
        "hit_rate_at_10": 0.9292,
        "hit_rate_at_20": 0.953,
        "hit_rate_at_100": 0.9822,
        "hit_rate_at_1000": 0.9964,
        "main_score": 0.81011,
        "hf_subset": "default",
        "languages": [
          "eng-Latn"
        ]
      }
    ]
  },
  "evaluation_time": 463.56677865982056,
  "kg_co2_emissions": null,
  "date": 1776457390.570831
}