{
  "dataset_revision": "1840e8a5ac6ec752bbdd97d543ead0189bc7c25b",
  "task_name": "ChemHotpotQARetrieval",
  "mteb_version": "2.12.20",
  "scores": {
    "train": [
      {
        "ndcg_at_1": 0.87222,
        "ndcg_at_3": 0.90007,
        "ndcg_at_5": 0.90847,
        "ndcg_at_10": 0.91564,
        "ndcg_at_20": 0.92024,
        "ndcg_at_100": 0.92076,
        "ndcg_at_1000": 0.92282,
        "map_at_1": 0.85556,
        "map_at_3": 0.88935,
        "map_at_5": 0.89463,
        "map_at_10": 0.89758,
        "map_at_20": 0.89915,
        "map_at_100": 0.89921,
        "map_at_1000": 0.89928,
        "recall_at_1": 0.85556,
        "recall_at_3": 0.92222,
        "recall_at_5": 0.94167,
        "recall_at_10": 0.96389,
        "recall_at_20": 0.98056,
        "recall_at_100": 0.98333,
        "recall_at_1000": 1.0,
        "accuracy": 0.85556,
        "precision_at_1": 0.87222,
        "precision_at_3": 0.31667,
        "precision_at_5": 0.19444,
        "precision_at_10": 0.09944,
        "precision_at_20": 0.05083,
        "precision_at_100": 0.01022,
        "precision_at_1000": 0.00104,
        "mrr_at_1": 0.872222,
        "mrr_at_3": 0.899074,
        "mrr_at_5": 0.902963,
        "mrr_at_10": 0.905917,
        "mrr_at_20": 0.906777,
        "mrr_at_100": 0.906777,
        "mrr_at_1000": 0.906848,
        "nauc_ndcg_at_1_max": 0.391677,
        "nauc_ndcg_at_1_std": -0.662391,
        "nauc_ndcg_at_1_diff1": 0.902018,
        "nauc_ndcg_at_3_max": 0.228179,
        "nauc_ndcg_at_3_std": -0.808276,
        "nauc_ndcg_at_3_diff1": 0.771473,
        "nauc_ndcg_at_5_max": 0.205835,
        "nauc_ndcg_at_5_std": -0.821015,
        "nauc_ndcg_at_5_diff1": 0.751903,
        "nauc_ndcg_at_10_max": 0.172475,
        "nauc_ndcg_at_10_std": -0.77272,
        "nauc_ndcg_at_10_diff1": 0.738999,
        "nauc_ndcg_at_20_max": 0.166335,
        "nauc_ndcg_at_20_std": -0.789084,
        "nauc_ndcg_at_20_diff1": 0.758715,
        "nauc_ndcg_at_100_max": 0.179114,
        "nauc_ndcg_at_100_std": -0.782083,
        "nauc_ndcg_at_100_diff1": 0.775077,
        "nauc_ndcg_at_1000_max": 0.206731,
        "nauc_ndcg_at_1000_std": -0.78141,
        "nauc_ndcg_at_1000_diff1": 0.776523,
        "nauc_map_at_1_max": 0.218963,
        "nauc_map_at_1_std": -0.713163,
        "nauc_map_at_1_diff1": 0.788193,
        "nauc_map_at_3_max": 0.232023,
        "nauc_map_at_3_std": -0.785977,
        "nauc_map_at_3_diff1": 0.752159,
        "nauc_map_at_5_max": 0.21821,
        "nauc_map_at_5_std": -0.801442,
        "nauc_map_at_5_diff1": 0.741166,
        "nauc_map_at_10_max": 0.207227,
        "nauc_map_at_10_std": -0.783312,
        "nauc_map_at_10_diff1": 0.736551,
        "nauc_map_at_20_max": 0.207776,
        "nauc_map_at_20_std": -0.787102,
        "nauc_map_at_20_diff1": 0.742744,
        "nauc_map_at_100_max": 0.208986,
        "nauc_map_at_100_std": -0.786437,
        "nauc_map_at_100_diff1": 0.744247,
        "nauc_map_at_1000_max": 0.20947,
        "nauc_map_at_1000_std": -0.78647,
        "nauc_map_at_1000_diff1": 0.744263,
        "nauc_recall_at_1_max": 0.218963,
        "nauc_recall_at_1_std": -0.713163,
        "nauc_recall_at_1_diff1": 0.788193,
        "nauc_recall_at_3_max": 0.084934,
        "nauc_recall_at_3_std": -0.912882,
        "nauc_recall_at_3_diff1": 0.679822,
        "nauc_recall_at_5_max": -0.035725,
        "nauc_recall_at_5_std": -0.966853,
        "nauc_recall_at_5_diff1": 0.579321,
        "nauc_recall_at_10_max": -0.41927,
        "nauc_recall_at_10_std": -0.732421,
        "nauc_recall_at_10_diff1": 0.380773,
        "nauc_recall_at_20_max": -1.039683,
        "nauc_recall_at_20_std": -0.972456,
        "nauc_recall_at_20_diff1": 0.370482,
        "nauc_recall_at_100_max": -0.922969,
        "nauc_recall_at_100_std": -0.844538,
        "nauc_recall_at_100_diff1": 0.722222,
        "nauc_recall_at_1000_max": NaN,
        "nauc_recall_at_1000_std": NaN,
        "nauc_recall_at_1000_diff1": NaN,
        "nauc_precision_at_1_max": 0.391677,
        "nauc_precision_at_1_std": -0.662391,
        "nauc_precision_at_1_diff1": 0.902018,
        "nauc_precision_at_3_max": 0.324007,
        "nauc_precision_at_3_std": -0.537048,
        "nauc_precision_at_3_diff1": 0.493507,
        "nauc_precision_at_5_max": 0.228953,
        "nauc_precision_at_5_std": -0.441994,
        "nauc_precision_at_5_diff1": 0.290031,
        "nauc_precision_at_10_max": 0.109025,
        "nauc_precision_at_10_std": -0.139043,
        "nauc_precision_at_10_diff1": 0.08537,
        "nauc_precision_at_20_max": 0.100146,
        "nauc_precision_at_20_std": 0.062943,
        "nauc_precision_at_20_diff1": 0.039704,
        "nauc_precision_at_100_max": 0.203291,
        "nauc_precision_at_100_std": 0.170352,
        "nauc_precision_at_100_diff1": 0.149777,
        "nauc_precision_at_1000_max": 0.480701,
        "nauc_precision_at_1000_std": 0.42033,
        "nauc_precision_at_1000_diff1": 0.008778,
        "nauc_mrr_at_1_max": 0.391677,
        "nauc_mrr_at_1_std": -0.662391,
        "nauc_mrr_at_1_diff1": 0.902018,
        "nauc_mrr_at_3_max": 0.344446,
        "nauc_mrr_at_3_std": -0.753295,
        "nauc_mrr_at_3_diff1": 0.89299,
        "nauc_mrr_at_5_max": 0.341324,
        "nauc_mrr_at_5_std": -0.744459,
        "nauc_mrr_at_5_diff1": 0.88862,
        "nauc_mrr_at_10_max": 0.33342,
        "nauc_mrr_at_10_std": -0.72308,
        "nauc_mrr_at_10_diff1": 0.888364,
        "nauc_mrr_at_20_max": 0.327718,
        "nauc_mrr_at_20_std": -0.729249,
        "nauc_mrr_at_20_diff1": 0.887882,
        "nauc_mrr_at_100_max": 0.327718,
        "nauc_mrr_at_100_std": -0.729249,
        "nauc_mrr_at_100_diff1": 0.887882,
        "nauc_mrr_at_1000_max": 0.328329,
        "nauc_mrr_at_1000_std": -0.729239,
        "nauc_mrr_at_1000_diff1": 0.888011,
        "hit_rate_at_1": 0.87222,
        "hit_rate_at_3": 0.93333,
        "hit_rate_at_5": 0.95,
        "hit_rate_at_10": 0.97222,
        "hit_rate_at_20": 0.98333,
        "hit_rate_at_100": 0.98333,
        "hit_rate_at_1000": 1.0,
        "main_score": 0.91564,
        "hf_subset": "default",
        "languages": [
          "eng-Latn"
        ]
      }
    ],
    "dev": [
      {
        "ndcg_at_1": 0.875,
        "ndcg_at_3": 0.875,
        "ndcg_at_5": 0.875,
        "ndcg_at_10": 0.875,
        "ndcg_at_20": 0.90783,
        "ndcg_at_100": 0.90783,
        "ndcg_at_1000": 0.90783,
        "map_at_1": 0.875,
        "map_at_3": 0.875,
        "map_at_5": 0.875,
        "map_at_10": 0.875,
        "map_at_20": 0.88462,
        "map_at_100": 0.88462,
        "map_at_1000": 0.88462,
        "recall_at_1": 0.875,
        "recall_at_3": 0.875,
        "recall_at_5": 0.875,
        "recall_at_10": 0.875,
        "recall_at_20": 1.0,
        "recall_at_100": 1.0,
        "recall_at_1000": 1.0,
        "accuracy": 0.875,
        "precision_at_1": 0.875,
        "precision_at_3": 0.29167,
        "precision_at_5": 0.175,
        "precision_at_10": 0.0875,
        "precision_at_20": 0.05,
        "precision_at_100": 0.01,
        "precision_at_1000": 0.001,
        "mrr_at_1": 0.875,
        "mrr_at_3": 0.875,
        "mrr_at_5": 0.875,
        "mrr_at_10": 0.875,
        "mrr_at_20": 0.884615,
        "mrr_at_100": 0.884615,
        "mrr_at_1000": 0.884615,
        "nauc_ndcg_at_1_max": 1.0,
        "nauc_ndcg_at_1_std": -0.185434,
        "nauc_ndcg_at_1_diff1": 1.0,
        "nauc_ndcg_at_3_max": 1.0,
        "nauc_ndcg_at_3_std": -0.185434,
        "nauc_ndcg_at_3_diff1": 1.0,
        "nauc_ndcg_at_5_max": 1.0,
        "nauc_ndcg_at_5_std": -0.185434,
        "nauc_ndcg_at_5_diff1": 1.0,
        "nauc_ndcg_at_10_max": 1.0,
        "nauc_ndcg_at_10_std": -0.185434,
        "nauc_ndcg_at_10_diff1": 1.0,
        "nauc_ndcg_at_20_max": 1.0,
        "nauc_ndcg_at_20_std": -0.185434,
        "nauc_ndcg_at_20_diff1": 1.0,
        "nauc_ndcg_at_100_max": 1.0,
        "nauc_ndcg_at_100_std": -0.185434,
        "nauc_ndcg_at_100_diff1": 1.0,