{
  "dataset_revision": "5377aa18f309ec440ff6325a4c2cd3362c2cb8d7",
  "task_name": "ChemRxivRetrieval",
  "mteb_version": "2.12.20",
  "scores": {
    "test": [
      {
        "ndcg_at_1": 0.7786,
        "ndcg_at_3": 0.85967,
        "ndcg_at_5": 0.8709,
        "ndcg_at_10": 0.87838,
        "ndcg_at_20": 0.88231,
        "ndcg_at_100": 0.88512,
        "ndcg_at_1000": 0.88577,
        "map_at_1": 0.7786,
        "map_at_3": 0.84063,
        "map_at_5": 0.84688,
        "map_at_10": 0.85003,
        "map_at_20": 0.85115,
        "map_at_100": 0.85157,
        "map_at_1000": 0.85159,
        "recall_at_1": 0.7786,
        "recall_at_3": 0.9144,
        "recall_at_5": 0.9416,
        "recall_at_10": 0.9644,
        "recall_at_20": 0.9796,
        "recall_at_100": 0.9944,
        "recall_at_1000": 0.9996,
        "accuracy": 0.7786,
        "precision_at_1": 0.7786,
        "precision_at_3": 0.3048,
        "precision_at_5": 0.18832,
        "precision_at_10": 0.09644,
        "precision_at_20": 0.04898,
        "precision_at_100": 0.00994,
        "precision_at_1000": 0.001,
        "mrr_at_1": 0.779,
        "mrr_at_3": 0.840767,
        "mrr_at_5": 0.847107,
        "mrr_at_10": 0.850226,
        "mrr_at_20": 0.851347,
        "mrr_at_100": 0.851763,
        "mrr_at_1000": 0.851785,
        "nauc_ndcg_at_1_max": 0.462183,
        "nauc_ndcg_at_1_std": -0.232669,
        "nauc_ndcg_at_1_diff1": 0.805175,
        "nauc_ndcg_at_3_max": 0.524716,
        "nauc_ndcg_at_3_std": -0.219266,
        "nauc_ndcg_at_3_diff1": 0.77991,
        "nauc_ndcg_at_5_max": 0.522492,
        "nauc_ndcg_at_5_std": -0.223671,
        "nauc_ndcg_at_5_diff1": 0.783635,
        "nauc_ndcg_at_10_max": 0.522412,
        "nauc_ndcg_at_10_std": -0.212949,
        "nauc_ndcg_at_10_diff1": 0.78564,
        "nauc_ndcg_at_20_max": 0.5139,
        "nauc_ndcg_at_20_std": -0.218333,
        "nauc_ndcg_at_20_diff1": 0.786623,
        "nauc_ndcg_at_100_max": 0.509378,
        "nauc_ndcg_at_100_std": -0.219086,
        "nauc_ndcg_at_100_diff1": 0.788455,
        "nauc_ndcg_at_1000_max": 0.50758,
        "nauc_ndcg_at_1000_std": -0.220832,
        "nauc_ndcg_at_1000_diff1": 0.788808,
        "nauc_map_at_1_max": 0.462183,
        "nauc_map_at_1_std": -0.232669,
        "nauc_map_at_1_diff1": 0.805175,
        "nauc_map_at_3_max": 0.505081,
        "nauc_map_at_3_std": -0.22471,
        "nauc_map_at_3_diff1": 0.787365,
        "nauc_map_at_5_max": 0.503096,
        "nauc_map_at_5_std": -0.226999,
        "nauc_map_at_5_diff1": 0.789423,
        "nauc_map_at_10_max": 0.502868,
        "nauc_map_at_10_std": -0.22325,
        "nauc_map_at_10_diff1": 0.790366,
        "nauc_map_at_20_max": 0.500738,
        "nauc_map_at_20_std": -0.224656,
        "nauc_map_at_20_diff1": 0.790644,
        "nauc_map_at_100_max": 0.500212,
        "nauc_map_at_100_std": -0.22461,
        "nauc_map_at_100_diff1": 0.790868,
        "nauc_map_at_1000_max": 0.500165,
        "nauc_map_at_1000_std": -0.224657,
        "nauc_map_at_1000_diff1": 0.79088,
        "nauc_recall_at_1_max": 0.462183,
        "nauc_recall_at_1_std": -0.232669,
        "nauc_recall_at_1_diff1": 0.805175,
        "nauc_recall_at_3_max": 0.623043,
        "nauc_recall_at_3_std": -0.191079,
        "nauc_recall_at_3_diff1": 0.742935,
        "nauc_recall_at_5_max": 0.658383,
        "nauc_recall_at_5_std": -0.20051,
        "nauc_recall_at_5_diff1": 0.744817,
        "nauc_recall_at_10_max": 0.739842,
        "nauc_recall_at_10_std": -0.08347,
        "nauc_recall_at_10_diff1": 0.736991,
        "nauc_recall_at_20_max": 0.725637,
        "nauc_recall_at_20_std": -0.094776,
        "nauc_recall_at_20_diff1": 0.720565,
        "nauc_recall_at_100_max": 0.818778,
        "nauc_recall_at_100_std": 0.109677,
        "nauc_recall_at_100_diff1": 0.730075,
        "nauc_recall_at_1000_max": 0.934641,
        "nauc_recall_at_1000_std": 0.561391,
        "nauc_recall_at_1000_diff1": 0.711718,
        "nauc_precision_at_1_max": 0.462183,
        "nauc_precision_at_1_std": -0.232669,
        "nauc_precision_at_1_diff1": 0.805175,
        "nauc_precision_at_3_max": 0.623043,
        "nauc_precision_at_3_std": -0.191079,
        "nauc_precision_at_3_diff1": 0.742935,
        "nauc_precision_at_5_max": 0.658383,
        "nauc_precision_at_5_std": -0.20051,
        "nauc_precision_at_5_diff1": 0.744817,
        "nauc_precision_at_10_max": 0.739842,
        "nauc_precision_at_10_std": -0.08347,
        "nauc_precision_at_10_diff1": 0.736991,
        "nauc_precision_at_20_max": 0.725637,
        "nauc_precision_at_20_std": -0.094776,
        "nauc_precision_at_20_diff1": 0.720565,
        "nauc_precision_at_100_max": 0.818778,
        "nauc_precision_at_100_std": 0.109677,
        "nauc_precision_at_100_diff1": 0.730075,
        "nauc_precision_at_1000_max": 0.934641,
        "nauc_precision_at_1000_std": 0.561391,
        "nauc_precision_at_1000_diff1": 0.711718,
        "nauc_mrr_at_1_max": 0.464735,
        "nauc_mrr_at_1_std": -0.23111,
        "nauc_mrr_at_1_diff1": 0.804347,
        "nauc_mrr_at_3_max": 0.506784,
        "nauc_mrr_at_3_std": -0.224061,
        "nauc_mrr_at_3_diff1": 0.786882,
        "nauc_mrr_at_5_max": 0.50491,
        "nauc_mrr_at_5_std": -0.225577,
        "nauc_mrr_at_5_diff1": 0.788788,
        "nauc_mrr_at_10_max": 0.504722,
        "nauc_mrr_at_10_std": -0.222178,
        "nauc_mrr_at_10_diff1": 0.78976,
        "nauc_mrr_at_20_max": 0.502604,
        "nauc_mrr_at_20_std": -0.223578,
        "nauc_mrr_at_20_diff1": 0.790034,
        "nauc_mrr_at_100_max": 0.502084,
        "nauc_mrr_at_100_std": -0.223529,
        "nauc_mrr_at_100_diff1": 0.790256,
        "nauc_mrr_at_1000_max": 0.502037,
        "nauc_mrr_at_1000_std": -0.223576,
        "nauc_mrr_at_1000_diff1": 0.790268,
        "hit_rate_at_1": 0.7786,
        "hit_rate_at_3": 0.9144,
        "hit_rate_at_5": 0.9416,
        "hit_rate_at_10": 0.9644,
        "hit_rate_at_20": 0.9796,
        "hit_rate_at_100": 0.9944,
        "hit_rate_at_1000": 0.9996,
        "main_score": 0.87838,
        "hf_subset": "default",
        "languages": [
          "eng-Latn"
        ]
      }
    ]
  },
  "evaluation_time": 459.80671763420105,
  "kg_co2_emissions": null,
  "date": 1776415886.727406
}