{
  "dataset_revision": "5377aa18f309ec440ff6325a4c2cd3362c2cb8d7",
  "task_name": "ChemRxivRetrieval",
  "mteb_version": "2.12.20",
  "scores": {
    "test": [
      {
        "ndcg_at_1": 0.681,
        "ndcg_at_3": 0.77824,
        "ndcg_at_5": 0.79863,
        "ndcg_at_10": 0.80971,
        "ndcg_at_20": 0.81584,
        "ndcg_at_100": 0.82149,
        "ndcg_at_1000": 0.82325,
        "map_at_1": 0.681,
        "map_at_3": 0.75477,
        "map_at_5": 0.76615,
        "map_at_10": 0.77081,
        "map_at_20": 0.77253,
        "map_at_100": 0.77337,
        "map_at_1000": 0.77344,
        "recall_at_1": 0.681,
        "recall_at_3": 0.846,
        "recall_at_5": 0.8952,
        "recall_at_10": 0.929,
        "recall_at_20": 0.953,
        "recall_at_100": 0.9826,
        "recall_at_1000": 0.9964,
        "accuracy": 0.681,
        "precision_at_1": 0.681,
        "precision_at_3": 0.282,
        "precision_at_5": 0.17904,
        "precision_at_10": 0.0929,
        "precision_at_20": 0.04765,
        "precision_at_100": 0.00983,
        "precision_at_1000": 0.001,
        "mrr_at_1": 0.6814,
        "mrr_at_3": 0.754833,
        "mrr_at_5": 0.766363,
        "mrr_at_10": 0.771027,
        "mrr_at_20": 0.772747,
        "mrr_at_100": 0.773591,
        "mrr_at_1000": 0.773659,
        "nauc_ndcg_at_1_max": 0.381884,
        "nauc_ndcg_at_1_std": -0.153236,
        "nauc_ndcg_at_1_diff1": 0.739557,
        "nauc_ndcg_at_3_max": 0.42718,
        "nauc_ndcg_at_3_std": -0.120109,
        "nauc_ndcg_at_3_diff1": 0.702131,
        "nauc_ndcg_at_5_max": 0.436326,
        "nauc_ndcg_at_5_std": -0.108247,
        "nauc_ndcg_at_5_diff1": 0.702733,
        "nauc_ndcg_at_10_max": 0.438242,
        "nauc_ndcg_at_10_std": -0.102287,
        "nauc_ndcg_at_10_diff1": 0.708925,
        "nauc_ndcg_at_20_max": 0.432976,
        "nauc_ndcg_at_20_std": -0.104228,
        "nauc_ndcg_at_20_diff1": 0.711483,
        "nauc_ndcg_at_100_max": 0.427652,
        "nauc_ndcg_at_100_std": -0.109275,
        "nauc_ndcg_at_100_diff1": 0.713722,
        "nauc_ndcg_at_1000_max": 0.425107,
        "nauc_ndcg_at_1000_std": -0.112271,
        "nauc_ndcg_at_1000_diff1": 0.713458,
        "nauc_map_at_1_max": 0.381884,
        "nauc_map_at_1_std": -0.153236,
        "nauc_map_at_1_diff1": 0.739557,
        "nauc_map_at_3_max": 0.414388,
        "nauc_map_at_3_std": -0.129811,
        "nauc_map_at_3_diff1": 0.712111,
        "nauc_map_at_5_max": 0.418435,
        "nauc_map_at_5_std": -0.124368,
        "nauc_map_at_5_diff1": 0.712809,
        "nauc_map_at_10_max": 0.418783,
        "nauc_map_at_10_std": -0.12264,
        "nauc_map_at_10_diff1": 0.715137,
        "nauc_map_at_20_max": 0.417465,
        "nauc_map_at_20_std": -0.123253,
        "nauc_map_at_20_diff1": 0.715782,
        "nauc_map_at_100_max": 0.416712,
        "nauc_map_at_100_std": -0.123838,
        "nauc_map_at_100_diff1": 0.716036,
        "nauc_map_at_1000_max": 0.416647,
        "nauc_map_at_1000_std": -0.123901,
        "nauc_map_at_1000_diff1": 0.716032,
        "nauc_recall_at_1_max": 0.381884,
        "nauc_recall_at_1_std": -0.153236,
        "nauc_recall_at_1_diff1": 0.739557,
        "nauc_recall_at_3_max": 0.480858,
        "nauc_recall_at_3_std": -0.079175,
        "nauc_recall_at_3_diff1": 0.660638,
        "nauc_recall_at_5_max": 0.539583,
        "nauc_recall_at_5_std": -0.013662,
        "nauc_recall_at_5_diff1": 0.64673,
        "nauc_recall_at_10_max": 0.600804,
        "nauc_recall_at_10_std": 0.074334,
        "nauc_recall_at_10_diff1": 0.667034,
        "nauc_recall_at_20_max": 0.610485,
        "nauc_recall_at_20_std": 0.138046,
        "nauc_recall_at_20_diff1": 0.680235,
        "nauc_recall_at_100_max": 0.667836,
        "nauc_recall_at_100_std": 0.293586,
        "nauc_recall_at_100_diff1": 0.738326,
        "nauc_recall_at_1000_max": 0.686352,
        "nauc_recall_at_1000_std": 0.726009,
        "nauc_recall_at_1000_diff1": 0.730652,
        "nauc_precision_at_1_max": 0.381884,
        "nauc_precision_at_1_std": -0.153236,
        "nauc_precision_at_1_diff1": 0.739557,
        "nauc_precision_at_3_max": 0.480858,
        "nauc_precision_at_3_std": -0.079175,
        "nauc_precision_at_3_diff1": 0.660638,
        "nauc_precision_at_5_max": 0.539583,
        "nauc_precision_at_5_std": -0.013662,
        "nauc_precision_at_5_diff1": 0.64673,
        "nauc_precision_at_10_max": 0.600804,
        "nauc_precision_at_10_std": 0.074334,
        "nauc_precision_at_10_diff1": 0.667034,
        "nauc_precision_at_20_max": 0.610485,
        "nauc_precision_at_20_std": 0.138046,
        "nauc_precision_at_20_diff1": 0.680235,
        "nauc_precision_at_100_max": 0.667836,
        "nauc_precision_at_100_std": 0.293586,
        "nauc_precision_at_100_diff1": 0.738326,
        "nauc_precision_at_1000_max": 0.686352,
        "nauc_precision_at_1000_std": 0.726009,
        "nauc_precision_at_1000_diff1": 0.730652,
        "nauc_mrr_at_1_max": 0.383078,
        "nauc_mrr_at_1_std": -0.152598,
        "nauc_mrr_at_1_diff1": 0.738681,
        "nauc_mrr_at_3_max": 0.41583,
        "nauc_mrr_at_3_std": -0.130391,
        "nauc_mrr_at_3_diff1": 0.711635,
        "nauc_mrr_at_5_max": 0.41945,
        "nauc_mrr_at_5_std": -0.124074,
        "nauc_mrr_at_5_diff1": 0.712141,
        "nauc_mrr_at_10_max": 0.419815,
        "nauc_mrr_at_10_std": -0.122344,
        "nauc_mrr_at_10_diff1": 0.71446,
        "nauc_mrr_at_20_max": 0.418505,
        "nauc_mrr_at_20_std": -0.122955,
        "nauc_mrr_at_20_diff1": 0.715099,
        "nauc_mrr_at_100_max": 0.417757,
        "nauc_mrr_at_100_std": -0.123538,
        "nauc_mrr_at_100_diff1": 0.71535,
        "nauc_mrr_at_1000_max": 0.417692,
        "nauc_mrr_at_1000_std": -0.1236,
        "nauc_mrr_at_1000_diff1": 0.715347,
        "hit_rate_at_1": 0.681,
        "hit_rate_at_3": 0.846,
        "hit_rate_at_5": 0.8952,
        "hit_rate_at_10": 0.929,
        "hit_rate_at_20": 0.953,
        "hit_rate_at_100": 0.9826,
        "hit_rate_at_1000": 0.9964,
        "main_score": 0.80971,
        "hf_subset": "default",
        "languages": [
          "eng-Latn"
        ]
      }
    ]
  },
  "evaluation_time": 463.3088185787201,
  "kg_co2_emissions": null,
  "date": 1776456001.305622
}