{
  "dataset_revision": "5377aa18f309ec440ff6325a4c2cd3362c2cb8d7",
  "task_name": "ChemRxivRetrieval",
  "mteb_version": "2.12.16",
  "scores": {
    "test": [
      {
        "ndcg_at_1": 0.7692,
        "ndcg_at_3": 0.85169,
        "ndcg_at_5": 0.86387,
        "ndcg_at_10": 0.8724,
        "ndcg_at_20": 0.87587,
        "ndcg_at_100": 0.87902,
        "ndcg_at_1000": 0.87975,
        "map_at_1": 0.7692,
        "map_at_3": 0.83213,
        "map_at_5": 0.83893,
        "map_at_10": 0.84252,
        "map_at_20": 0.84349,
        "map_at_100": 0.84397,
        "map_at_1000": 0.844,
        "recall_at_1": 0.7692,
        "recall_at_3": 0.908,
        "recall_at_5": 0.9374,
        "recall_at_10": 0.9634,
        "recall_at_20": 0.977,
        "recall_at_100": 0.9934,
        "recall_at_1000": 0.9992,
        "accuracy": 0.7692,
        "precision_at_1": 0.7692,
        "precision_at_3": 0.30267,
        "precision_at_5": 0.18748,
        "precision_at_10": 0.09634,
        "precision_at_20": 0.04885,
        "precision_at_100": 0.00993,
        "precision_at_1000": 0.001,
        "mrr_at_1": 0.7694,
        "mrr_at_3": 0.832167,
        "mrr_at_5": 0.839057,
        "mrr_at_10": 0.842611,
        "mrr_at_20": 0.843583,
        "mrr_at_100": 0.844062,
        "mrr_at_1000": 0.844088,
        "nauc_ndcg_at_1_max": 0.45123,
        "nauc_ndcg_at_1_std": -0.232881,
        "nauc_ndcg_at_1_diff1": 0.80511,
        "nauc_ndcg_at_3_max": 0.512327,
        "nauc_ndcg_at_3_std": -0.22741,
        "nauc_ndcg_at_3_diff1": 0.778617,
        "nauc_ndcg_at_5_max": 0.511431,
        "nauc_ndcg_at_5_std": -0.222118,
        "nauc_ndcg_at_5_diff1": 0.782644,
        "nauc_ndcg_at_10_max": 0.511687,
        "nauc_ndcg_at_10_std": -0.214813,
        "nauc_ndcg_at_10_diff1": 0.786402,
        "nauc_ndcg_at_20_max": 0.504838,
        "nauc_ndcg_at_20_std": -0.218568,
        "nauc_ndcg_at_20_diff1": 0.786551,
        "nauc_ndcg_at_100_max": 0.499491,
        "nauc_ndcg_at_100_std": -0.220454,
        "nauc_ndcg_at_100_diff1": 0.78839,
        "nauc_ndcg_at_1000_max": 0.498075,
        "nauc_ndcg_at_1000_std": -0.221713,
        "nauc_ndcg_at_1000_diff1": 0.788593,
        "nauc_map_at_1_max": 0.45123,
        "nauc_map_at_1_std": -0.232881,
        "nauc_map_at_1_diff1": 0.80511,
        "nauc_map_at_3_max": 0.493822,
        "nauc_map_at_3_std": -0.22986,
        "nauc_map_at_3_diff1": 0.786547,
        "nauc_map_at_5_max": 0.492561,
        "nauc_map_at_5_std": -0.227512,
        "nauc_map_at_5_diff1": 0.788767,
        "nauc_map_at_10_max": 0.49247,
        "nauc_map_at_10_std": -0.224887,
        "nauc_map_at_10_diff1": 0.790324,
        "nauc_map_at_20_max": 0.49091,
        "nauc_map_at_20_std": -0.22575,
        "nauc_map_at_20_diff1": 0.7904,
        "nauc_map_at_100_max": 0.490278,
        "nauc_map_at_100_std": -0.225839,
        "nauc_map_at_100_diff1": 0.790639,
        "nauc_map_at_1000_max": 0.490243,
        "nauc_map_at_1000_std": -0.225856,
        "nauc_map_at_1000_diff1": 0.790643,
        "nauc_recall_at_1_max": 0.45123,
        "nauc_recall_at_1_std": -0.232881,
        "nauc_recall_at_1_diff1": 0.80511,
        "nauc_recall_at_3_max": 0.602252,
        "nauc_recall_at_3_std": -0.214912,
        "nauc_recall_at_3_diff1": 0.740148,
        "nauc_recall_at_5_max": 0.64001,
        "nauc_recall_at_5_std": -0.182391,
        "nauc_recall_at_5_diff1": 0.742477,
        "nauc_recall_at_10_max": 0.727985,
        "nauc_recall_at_10_std": -0.086761,
        "nauc_recall_at_10_diff1": 0.74881,
        "nauc_recall_at_20_max": 0.716632,
        "nauc_recall_at_20_std": -0.087103,
        "nauc_recall_at_20_diff1": 0.728669,
        "nauc_recall_at_100_max": 0.7536,
        "nauc_recall_at_100_std": 0.022862,
        "nauc_recall_at_100_diff1": 0.745282,
        "nauc_recall_at_1000_max": 0.96732,
        "nauc_recall_at_1000_std": 0.195028,
        "nauc_recall_at_1000_diff1": 0.679038,
        "nauc_precision_at_1_max": 0.45123,
        "nauc_precision_at_1_std": -0.232881,
        "nauc_precision_at_1_diff1": 0.80511,
        "nauc_precision_at_3_max": 0.602252,
        "nauc_precision_at_3_std": -0.214912,
        "nauc_precision_at_3_diff1": 0.740148,
        "nauc_precision_at_5_max": 0.64001,
        "nauc_precision_at_5_std": -0.182391,
        "nauc_precision_at_5_diff1": 0.742477,
        "nauc_precision_at_10_max": 0.727985,
        "nauc_precision_at_10_std": -0.086761,
        "nauc_precision_at_10_diff1": 0.74881,
        "nauc_precision_at_20_max": 0.716632,
        "nauc_precision_at_20_std": -0.087103,
        "nauc_precision_at_20_diff1": 0.728669,
        "nauc_precision_at_100_max": 0.7536,
        "nauc_precision_at_100_std": 0.022862,
        "nauc_precision_at_100_diff1": 0.745282,
        "nauc_precision_at_1000_max": 0.96732,
        "nauc_precision_at_1000_std": 0.195028,
        "nauc_precision_at_1000_diff1": 0.679038,
        "nauc_mrr_at_1_max": 0.453206,
        "nauc_mrr_at_1_std": -0.231377,
        "nauc_mrr_at_1_diff1": 0.804709,
        "nauc_mrr_at_3_max": 0.495323,
        "nauc_mrr_at_3_std": -0.228519,
        "nauc_mrr_at_3_diff1": 0.786362,
        "nauc_mrr_at_5_max": 0.493943,
        "nauc_mrr_at_5_std": -0.226123,
        "nauc_mrr_at_5_diff1": 0.788446,
        "nauc_mrr_at_10_max": 0.493939,
        "nauc_mrr_at_10_std": -0.223675,
        "nauc_mrr_at_10_diff1": 0.790044,
        "nauc_mrr_at_20_max": 0.492387,
        "nauc_mrr_at_20_std": -0.22453,
        "nauc_mrr_at_20_diff1": 0.790119,
        "nauc_mrr_at_100_max": 0.491759,
        "nauc_mrr_at_100_std": -0.224617,
        "nauc_mrr_at_100_diff1": 0.790356,
        "nauc_mrr_at_1000_max": 0.491725,
        "nauc_mrr_at_1000_std": -0.224635,
        "nauc_mrr_at_1000_diff1": 0.790361,
        "hit_rate_at_1": 0.7692,
        "hit_rate_at_3": 0.908,
        "hit_rate_at_5": 0.9374,
        "hit_rate_at_10": 0.9634,
        "hit_rate_at_20": 0.977,
        "hit_rate_at_100": 0.9934,
        "hit_rate_at_1000": 0.9992,
        "main_score": 0.8724,
        "hf_subset": "default",
        "languages": [
          "eng-Latn"
        ]
      }
    ]
  },
  "evaluation_time": 435.5872769355774,
  "kg_co2_emissions": null,
  "date": 1778638770.850492
}