{
  "dataset_revision": "1840e8a5ac6ec752bbdd97d543ead0189bc7c25b",
  "task_name": "ChemHotpotQARetrieval",
  "mteb_version": "2.12.16",
  "scores": {
    "train": [
      {
        "ndcg_at_1": 0.83889,
        "ndcg_at_3": 0.8786,
        "ndcg_at_5": 0.88793,
        "ndcg_at_10": 0.89313,
        "ndcg_at_20": 0.89966,
        "ndcg_at_100": 0.9014,
        "ndcg_at_1000": 0.90246,
        "map_at_1": 0.81944,
        "map_at_3": 0.86574,
        "map_at_5": 0.87102,
        "map_at_10": 0.87305,
        "map_at_20": 0.875,
        "map_at_100": 0.87534,
        "map_at_1000": 0.87538,
        "recall_at_1": 0.81944,
        "recall_at_3": 0.90833,
        "recall_at_5": 0.93056,
        "recall_at_10": 0.94722,
        "recall_at_20": 0.97222,
        "recall_at_100": 0.98056,
        "recall_at_1000": 0.98889,
        "accuracy": 0.81944,
        "precision_at_1": 0.83889,
        "precision_at_3": 0.31296,
        "precision_at_5": 0.19222,
        "precision_at_10": 0.09778,
        "precision_at_20": 0.05028,
        "precision_at_100": 0.01017,
        "precision_at_1000": 0.00103,
        "mrr_at_1": 0.838889,
        "mrr_at_3": 0.874074,
        "mrr_at_5": 0.879352,
        "mrr_at_10": 0.88138,
        "mrr_at_20": 0.883002,
        "mrr_at_100": 0.883131,
        "mrr_at_1000": 0.88314,
        "nauc_ndcg_at_1_max": 0.677885,
        "nauc_ndcg_at_1_std": -0.117805,
        "nauc_ndcg_at_1_diff1": 0.910397,
        "nauc_ndcg_at_3_max": 0.520454,
        "nauc_ndcg_at_3_std": -0.274853,
        "nauc_ndcg_at_3_diff1": 0.776968,
        "nauc_ndcg_at_5_max": 0.487783,
        "nauc_ndcg_at_5_std": -0.336247,
        "nauc_ndcg_at_5_diff1": 0.776635,
        "nauc_ndcg_at_10_max": 0.473687,
        "nauc_ndcg_at_10_std": -0.344715,
        "nauc_ndcg_at_10_diff1": 0.769837,
        "nauc_ndcg_at_20_max": 0.469456,
        "nauc_ndcg_at_20_std": -0.322207,
        "nauc_ndcg_at_20_diff1": 0.769664,
        "nauc_ndcg_at_100_max": 0.481382,
        "nauc_ndcg_at_100_std": -0.302295,
        "nauc_ndcg_at_100_diff1": 0.786778,
        "nauc_ndcg_at_1000_max": 0.491663,
        "nauc_ndcg_at_1000_std": -0.292441,
        "nauc_ndcg_at_1000_diff1": 0.800332,
        "nauc_map_at_1_max": 0.524186,
        "nauc_map_at_1_std": -0.202654,
        "nauc_map_at_1_diff1": 0.823026,
        "nauc_map_at_3_max": 0.520657,
        "nauc_map_at_3_std": -0.264954,
        "nauc_map_at_3_diff1": 0.767731,
        "nauc_map_at_5_max": 0.504618,
        "nauc_map_at_5_std": -0.294982,
        "nauc_map_at_5_diff1": 0.767413,
        "nauc_map_at_10_max": 0.500034,
        "nauc_map_at_10_std": -0.297896,
        "nauc_map_at_10_diff1": 0.765054,
        "nauc_map_at_20_max": 0.500158,
        "nauc_map_at_20_std": -0.291,
        "nauc_map_at_20_diff1": 0.765342,
        "nauc_map_at_100_max": 0.503647,
        "nauc_map_at_100_std": -0.287411,
        "nauc_map_at_100_diff1": 0.76953,
        "nauc_map_at_1000_max": 0.504296,
        "nauc_map_at_1000_std": -0.287075,
        "nauc_map_at_1000_diff1": 0.770269,
        "nauc_recall_at_1_max": 0.524186,
        "nauc_recall_at_1_std": -0.202654,
        "nauc_recall_at_1_diff1": 0.823026,
        "nauc_recall_at_3_max": 0.38954,
        "nauc_recall_at_3_std": -0.397264,
        "nauc_recall_at_3_diff1": 0.669058,
        "nauc_recall_at_5_max": 0.225565,
        "nauc_recall_at_5_std": -0.66366,
        "nauc_recall_at_5_diff1": 0.631503,
        "nauc_recall_at_10_max": 0.057177,
        "nauc_recall_at_10_std": -0.809991,
        "nauc_recall_at_10_diff1": 0.542656,
        "nauc_recall_at_20_max": -0.386741,
        "nauc_recall_at_20_std": -0.953408,
        "nauc_recall_at_20_diff1": 0.336695,
        "nauc_recall_at_100_max": -0.552288,
        "nauc_recall_at_100_std": -0.78438,
        "nauc_recall_at_100_diff1": 0.481192,
        "nauc_recall_at_1000_max": -0.80859,
        "nauc_recall_at_1000_std": -0.50887,
        "nauc_recall_at_1000_diff1": 1.0,
        "nauc_precision_at_1_max": 0.677885,
        "nauc_precision_at_1_std": -0.117805,
        "nauc_precision_at_1_diff1": 0.910397,
        "nauc_precision_at_3_max": 0.456822,
        "nauc_precision_at_3_std": -0.121412,
        "nauc_precision_at_3_diff1": 0.422892,
        "nauc_precision_at_5_max": 0.357681,
        "nauc_precision_at_5_std": -0.245386,
        "nauc_precision_at_5_diff1": 0.341929,
        "nauc_precision_at_10_max": 0.277244,
        "nauc_precision_at_10_std": -0.254431,
        "nauc_precision_at_10_diff1": 0.227437,
        "nauc_precision_at_20_max": 0.126714,
        "nauc_precision_at_20_std": -0.023821,
        "nauc_precision_at_20_diff1": -0.019557,
        "nauc_precision_at_100_max": 0.184521,
        "nauc_precision_at_100_std": 0.19265,
        "nauc_precision_at_100_diff1": 0.046304,
        "nauc_precision_at_1000_max": 0.258519,
        "nauc_precision_at_1000_std": 0.345043,
        "nauc_precision_at_1000_diff1": 0.127515,
        "nauc_mrr_at_1_max": 0.677885,
        "nauc_mrr_at_1_std": -0.117805,
        "nauc_mrr_at_1_diff1": 0.910397,
        "nauc_mrr_at_3_max": 0.628176,
        "nauc_mrr_at_3_std": -0.188504,
        "nauc_mrr_at_3_diff1": 0.884578,
        "nauc_mrr_at_5_max": 0.61601,
        "nauc_mrr_at_5_std": -0.216937,
        "nauc_mrr_at_5_diff1": 0.889533,
        "nauc_mrr_at_10_max": 0.613109,
        "nauc_mrr_at_10_std": -0.218653,
        "nauc_mrr_at_10_diff1": 0.889187,
        "nauc_mrr_at_20_max": 0.613962,
        "nauc_mrr_at_20_std": -0.212777,
        "nauc_mrr_at_20_diff1": 0.890388,
        "nauc_mrr_at_100_max": 0.61367,
        "nauc_mrr_at_100_std": -0.211701,
        "nauc_mrr_at_100_diff1": 0.890412,
        "nauc_mrr_at_1000_max": 0.613675,
        "nauc_mrr_at_1000_std": -0.211626,
        "nauc_mrr_at_1000_diff1": 0.890439,
        "hit_rate_at_1": 0.83889,
        "hit_rate_at_3": 0.91667,
        "hit_rate_at_5": 0.93889,
        "hit_rate_at_10": 0.95556,
        "hit_rate_at_20": 0.97778,
        "hit_rate_at_100": 0.98333,
        "hit_rate_at_1000": 0.98889,
        "main_score": 0.89313,
        "hf_subset": "default",
        "languages": [
          "eng-Latn"
        ]
      }
    ],
    "dev": [
      {
        "ndcg_at_1": 0.875,
        "ndcg_at_3": 0.875,
        "ndcg_at_5": 0.875,
        "ndcg_at_10": 0.875,
        "ndcg_at_20": 0.875,
        "ndcg_at_100": 0.90047,
        "ndcg_at_1000": 0.90047,
        "map_at_1": 0.875,
        "map_at_3": 0.875,
        "map_at_5": 0.875,
        "map_at_10": 0.875,
        "map_at_20": 0.875,
        "map_at_100": 0.87931,
        "map_at_1000": 0.87931,
        "recall_at_1": 0.875,
        "recall_at_3": 0.875,
        "recall_at_5": 0.875,
        "recall_at_10": 0.875,
        "recall_at_20": 0.875,
        "recall_at_100": 1.0,
        "recall_at_1000": 1.0,
        "accuracy": 0.875,
        "precision_at_1": 0.875,
        "precision_at_3": 0.29167,
        "precision_at_5": 0.175,
        "precision_at_10": 0.0875,
        "precision_at_20": 0.04375,
        "precision_at_100": 0.01,
        "precision_at_1000": 0.001,
        "mrr_at_1": 0.875,
        "mrr_at_3": 0.875,
        "mrr_at_5": 0.875,
        "mrr_at_10": 0.875,
        "mrr_at_20": 0.875,
        "mrr_at_100": 0.87931,
        "mrr_at_1000": 0.87931,
        "nauc_ndcg_at_1_max": 1.0,
        "nauc_ndcg_at_1_std": 0.865546,
        "nauc_ndcg_at_1_diff1": 0.865546,
        "nauc_ndcg_at_3_max": 1.0,
        "nauc_ndcg_at_3_std": 0.865546,
        "nauc_ndcg_at_3_diff1": 0.865546,
        "nauc_ndcg_at_5_max": 1.0,
        "nauc_ndcg_at_5_std": 0.865546,
        "nauc_ndcg_at_5_diff1": 0.865546,
        "nauc_ndcg_at_10_max": 1.0,
        "nauc_ndcg_at_10_std": 0.865546,
        "nauc_ndcg_at_10_diff1": 0.865546,
        "nauc_ndcg_at_20_max": 1.0,
        "nauc_ndcg_at_20_std": 0.865546,
        "nauc_ndcg_at_20_diff1": 0.865546,
        "nauc_ndcg_at_100_max": 1.0,
        "nauc_ndcg_at_100_std": 0.865546,