{
  "dataset_revision": "5377aa18f309ec440ff6325a4c2cd3362c2cb8d7",
  "task_name": "ChemRxivRetrieval",
  "mteb_version": "2.12.16",
  "scores": {
    "test": [
      {
        "ndcg_at_1": 0.6802,
        "ndcg_at_3": 0.77743,
        "ndcg_at_5": 0.79786,
        "ndcg_at_10": 0.80915,
        "ndcg_at_20": 0.81512,
        "ndcg_at_100": 0.82078,
        "ndcg_at_1000": 0.82269,
        "map_at_1": 0.6802,
        "map_at_3": 0.75407,
        "map_at_5": 0.76546,
        "map_at_10": 0.77021,
        "map_at_20": 0.77188,
        "map_at_100": 0.77273,
        "map_at_1000": 0.7728,
        "recall_at_1": 0.6802,
        "recall_at_3": 0.8448,
        "recall_at_5": 0.8942,
        "recall_at_10": 0.9286,
        "recall_at_20": 0.952,
        "recall_at_100": 0.9816,
        "recall_at_1000": 0.9964,
        "accuracy": 0.6802,
        "precision_at_1": 0.6802,
        "precision_at_3": 0.2816,
        "precision_at_5": 0.17884,
        "precision_at_10": 0.09286,
        "precision_at_20": 0.0476,
        "precision_at_100": 0.00982,
        "precision_at_1000": 0.001,
        "mrr_at_1": 0.6802,
        "mrr_at_3": 0.754133,
        "mrr_at_5": 0.765503,
        "mrr_at_10": 0.770263,
        "mrr_at_20": 0.771926,
        "mrr_at_100": 0.772778,
        "mrr_at_1000": 0.772854,
        "nauc_ndcg_at_1_max": 0.378129,
        "nauc_ndcg_at_1_std": -0.15202,
        "nauc_ndcg_at_1_diff1": 0.735554,
        "nauc_ndcg_at_3_max": 0.420908,
        "nauc_ndcg_at_3_std": -0.119485,
        "nauc_ndcg_at_3_diff1": 0.6987,
        "nauc_ndcg_at_5_max": 0.433333,
        "nauc_ndcg_at_5_std": -0.107527,
        "nauc_ndcg_at_5_diff1": 0.698912,
        "nauc_ndcg_at_10_max": 0.435288,
        "nauc_ndcg_at_10_std": -0.101668,
        "nauc_ndcg_at_10_diff1": 0.705838,
        "nauc_ndcg_at_20_max": 0.430867,
        "nauc_ndcg_at_20_std": -0.102306,
        "nauc_ndcg_at_20_diff1": 0.708077,
        "nauc_ndcg_at_100_max": 0.424404,
        "nauc_ndcg_at_100_std": -0.107889,
        "nauc_ndcg_at_100_diff1": 0.709909,
        "nauc_ndcg_at_1000_max": 0.421722,
        "nauc_ndcg_at_1000_std": -0.111087,
        "nauc_ndcg_at_1000_diff1": 0.709931,
        "nauc_map_at_1_max": 0.378129,
        "nauc_map_at_1_std": -0.15202,
        "nauc_map_at_1_diff1": 0.735554,
        "nauc_map_at_3_max": 0.409031,
        "nauc_map_at_3_std": -0.129103,
        "nauc_map_at_3_diff1": 0.70851,
        "nauc_map_at_5_max": 0.414637,
        "nauc_map_at_5_std": -0.123668,
        "nauc_map_at_5_diff1": 0.709036,
        "nauc_map_at_10_max": 0.414965,
        "nauc_map_at_10_std": -0.122001,
        "nauc_map_at_10_diff1": 0.711643,
        "nauc_map_at_20_max": 0.413804,
        "nauc_map_at_20_std": -0.122267,
        "nauc_map_at_20_diff1": 0.71219,
        "nauc_map_at_100_max": 0.412898,
        "nauc_map_at_100_std": -0.122882,
        "nauc_map_at_100_diff1": 0.712415,
        "nauc_map_at_1000_max": 0.412829,
        "nauc_map_at_1000_std": -0.122958,
        "nauc_map_at_1000_diff1": 0.712427,
        "nauc_recall_at_1_max": 0.378129,
        "nauc_recall_at_1_std": -0.15202,
        "nauc_recall_at_1_diff1": 0.735554,
        "nauc_recall_at_3_max": 0.470386,
        "nauc_recall_at_3_std": -0.07904,
        "nauc_recall_at_3_diff1": 0.658114,
        "nauc_recall_at_5_max": 0.541521,
        "nauc_recall_at_5_std": -0.013118,
        "nauc_recall_at_5_diff1": 0.642795,
        "nauc_recall_at_10_max": 0.605799,
        "nauc_recall_at_10_std": 0.074563,
        "nauc_recall_at_10_diff1": 0.667816,
        "nauc_recall_at_20_max": 0.629219,
        "nauc_recall_at_20_std": 0.150407,
        "nauc_recall_at_20_diff1": 0.67963,
        "nauc_recall_at_100_max": 0.666763,
        "nauc_recall_at_100_std": 0.283761,
        "nauc_recall_at_100_diff1": 0.717863,
        "nauc_recall_at_1000_max": 0.705415,
        "nauc_recall_at_1000_std": 0.727176,
        "nauc_recall_at_1000_diff1": 0.727928,
        "nauc_precision_at_1_max": 0.378129,
        "nauc_precision_at_1_std": -0.15202,
        "nauc_precision_at_1_diff1": 0.735554,
        "nauc_precision_at_3_max": 0.470386,
        "nauc_precision_at_3_std": -0.07904,
        "nauc_precision_at_3_diff1": 0.658114,
        "nauc_precision_at_5_max": 0.541521,
        "nauc_precision_at_5_std": -0.013118,
        "nauc_precision_at_5_diff1": 0.642795,
        "nauc_precision_at_10_max": 0.605799,
        "nauc_precision_at_10_std": 0.074563,
        "nauc_precision_at_10_diff1": 0.667816,
        "nauc_precision_at_20_max": 0.629219,
        "nauc_precision_at_20_std": 0.150407,
        "nauc_precision_at_20_diff1": 0.67963,
        "nauc_precision_at_100_max": 0.666763,
        "nauc_precision_at_100_std": 0.283761,
        "nauc_precision_at_100_diff1": 0.717863,
        "nauc_precision_at_1000_max": 0.705415,
        "nauc_precision_at_1000_std": 0.727176,
        "nauc_precision_at_1000_diff1": 0.727928,
        "nauc_mrr_at_1_max": 0.378129,
        "nauc_mrr_at_1_std": -0.15202,
        "nauc_mrr_at_1_diff1": 0.735554,
        "nauc_mrr_at_3_max": 0.409722,
        "nauc_mrr_at_3_std": -0.128854,
        "nauc_mrr_at_3_diff1": 0.70838,
        "nauc_mrr_at_5_max": 0.414867,
        "nauc_mrr_at_5_std": -0.12354,
        "nauc_mrr_at_5_diff1": 0.708924,
        "nauc_mrr_at_10_max": 0.415196,
        "nauc_mrr_at_10_std": -0.121876,
        "nauc_mrr_at_10_diff1": 0.711531,
        "nauc_mrr_at_20_max": 0.414036,
        "nauc_mrr_at_20_std": -0.12214,
        "nauc_mrr_at_20_diff1": 0.712078,
        "nauc_mrr_at_100_max": 0.41313,
        "nauc_mrr_at_100_std": -0.122753,
        "nauc_mrr_at_100_diff1": 0.712302,
        "nauc_mrr_at_1000_max": 0.413061,
        "nauc_mrr_at_1000_std": -0.122829,
        "nauc_mrr_at_1000_diff1": 0.712314,
        "hit_rate_at_1": 0.6802,
        "hit_rate_at_3": 0.8448,
        "hit_rate_at_5": 0.8942,
        "hit_rate_at_10": 0.9286,
        "hit_rate_at_20": 0.952,
        "hit_rate_at_100": 0.9816,
        "hit_rate_at_1000": 0.9964,
        "main_score": 0.80915,
        "hf_subset": "default",
        "languages": [
          "eng-Latn"
        ]
      }
    ]
  },
  "evaluation_time": 435.3396682739258,
  "kg_co2_emissions": null,
  "date": 1778636344.35445
}