{
  "dataset_revision": "1840e8a5ac6ec752bbdd97d543ead0189bc7c25b",
  "task_name": "ChemHotpotQARetrieval",
  "mteb_version": "2.12.16",
  "scores": {
    "train": [
      {
        "ndcg_at_1": 0.86667,
        "ndcg_at_3": 0.89621,
        "ndcg_at_5": 0.90505,
        "ndcg_at_10": 0.91223,
        "ndcg_at_20": 0.91682,
        "ndcg_at_100": 0.91735,
        "ndcg_at_1000": 0.91941,
        "map_at_1": 0.85,
        "map_at_3": 0.88565,
        "map_at_5": 0.89037,
        "map_at_10": 0.89332,
        "map_at_20": 0.89489,
        "map_at_100": 0.89495,
        "map_at_1000": 0.89502,
        "recall_at_1": 0.85,
        "recall_at_3": 0.91944,
        "recall_at_5": 0.94167,
        "recall_at_10": 0.96389,
        "recall_at_20": 0.98056,
        "recall_at_100": 0.98333,
        "recall_at_1000": 1.0,
        "accuracy": 0.85,
        "precision_at_1": 0.86667,
        "precision_at_3": 0.31667,
        "precision_at_5": 0.19444,
        "precision_at_10": 0.09944,
        "precision_at_20": 0.05083,
        "precision_at_100": 0.01022,
        "precision_at_1000": 0.00104,
        "mrr_at_1": 0.866667,
        "mrr_at_3": 0.893519,
        "mrr_at_5": 0.898241,
        "mrr_at_10": 0.901195,
        "mrr_at_20": 0.902055,
        "mrr_at_100": 0.902055,
        "mrr_at_1000": 0.902126,
        "nauc_ndcg_at_1_max": 0.400881,
        "nauc_ndcg_at_1_std": -0.6323,
        "nauc_ndcg_at_1_diff1": 0.890002,
        "nauc_ndcg_at_3_max": 0.238242,
        "nauc_ndcg_at_3_std": -0.787216,
        "nauc_ndcg_at_3_diff1": 0.756931,
        "nauc_ndcg_at_5_max": 0.219251,
        "nauc_ndcg_at_5_std": -0.79368,
        "nauc_ndcg_at_5_diff1": 0.74862,
        "nauc_ndcg_at_10_max": 0.188256,
        "nauc_ndcg_at_10_std": -0.744877,
        "nauc_ndcg_at_10_diff1": 0.735919,
        "nauc_ndcg_at_20_max": 0.183181,
        "nauc_ndcg_at_20_std": -0.758972,
        "nauc_ndcg_at_20_diff1": 0.754577,
        "nauc_ndcg_at_100_max": 0.195524,
        "nauc_ndcg_at_100_std": -0.75209,
        "nauc_ndcg_at_100_diff1": 0.770232,
        "nauc_ndcg_at_1000_max": 0.22247,
        "nauc_ndcg_at_1000_std": -0.750706,
        "nauc_ndcg_at_1000_diff1": 0.770412,
        "nauc_map_at_1_max": 0.233051,
        "nauc_map_at_1_std": -0.684402,
        "nauc_map_at_1_diff1": 0.781222,
        "nauc_map_at_3_max": 0.240589,
        "nauc_map_at_3_std": -0.770272,
        "nauc_map_at_3_diff1": 0.739908,
        "nauc_map_at_5_max": 0.231983,
        "nauc_map_at_5_std": -0.773306,
        "nauc_map_at_5_diff1": 0.735069,
        "nauc_map_at_10_max": 0.221813,
        "nauc_map_at_10_std": -0.755065,
        "nauc_map_at_10_diff1": 0.730458,
        "nauc_map_at_20_max": 0.222551,
        "nauc_map_at_20_std": -0.758301,
        "nauc_map_at_20_diff1": 0.736322,
        "nauc_map_at_100_max": 0.223709,
        "nauc_map_at_100_std": -0.757653,
        "nauc_map_at_100_diff1": 0.737748,
        "nauc_map_at_1000_max": 0.22419,
        "nauc_map_at_1000_std": -0.757671,
        "nauc_map_at_1000_diff1": 0.737748,
        "nauc_recall_at_1_max": 0.233051,
        "nauc_recall_at_1_std": -0.684402,
        "nauc_recall_at_1_diff1": 0.781222,
        "nauc_recall_at_3_max": 0.095319,
        "nauc_recall_at_3_std": -0.902911,
        "nauc_recall_at_3_diff1": 0.661242,
        "nauc_recall_at_5_max": -0.035725,
        "nauc_recall_at_5_std": -0.966853,
        "nauc_recall_at_5_diff1": 0.593326,
        "nauc_recall_at_10_max": -0.41927,
        "nauc_recall_at_10_std": -0.732421,
        "nauc_recall_at_10_diff1": 0.403397,
        "nauc_recall_at_20_max": -1.039683,
        "nauc_recall_at_20_std": -0.972456,
        "nauc_recall_at_20_diff1": 0.412498,
        "nauc_recall_at_100_max": -0.922969,
        "nauc_recall_at_100_std": -0.844538,
        "nauc_recall_at_100_diff1": 0.771242,
        "nauc_recall_at_1000_max": NaN,
        "nauc_recall_at_1000_std": NaN,
        "nauc_recall_at_1000_diff1": NaN,
        "nauc_precision_at_1_max": 0.400881,
        "nauc_precision_at_1_std": -0.6323,
        "nauc_precision_at_1_diff1": 0.890002,
        "nauc_precision_at_3_max": 0.271109,
        "nauc_precision_at_3_std": -0.500725,
        "nauc_precision_at_3_diff1": 0.407517,
        "nauc_precision_at_5_max": 0.228953,
        "nauc_precision_at_5_std": -0.441994,
        "nauc_precision_at_5_diff1": 0.299245,
        "nauc_precision_at_10_max": 0.109025,
        "nauc_precision_at_10_std": -0.139043,
        "nauc_precision_at_10_diff1": 0.097666,
        "nauc_precision_at_20_max": 0.100146,
        "nauc_precision_at_20_std": 0.062943,
        "nauc_precision_at_20_diff1": 0.050646,
        "nauc_precision_at_100_max": 0.203291,
        "nauc_precision_at_100_std": 0.170352,
        "nauc_precision_at_100_diff1": 0.159465,
        "nauc_precision_at_1000_max": 0.480701,
        "nauc_precision_at_1000_std": 0.42033,
        "nauc_precision_at_1000_diff1": 0.008778,
        "nauc_mrr_at_1_max": 0.400881,
        "nauc_mrr_at_1_std": -0.6323,
        "nauc_mrr_at_1_diff1": 0.890002,
        "nauc_mrr_at_3_max": 0.356815,
        "nauc_mrr_at_3_std": -0.709254,
        "nauc_mrr_at_3_diff1": 0.87544,
        "nauc_mrr_at_5_max": 0.35313,
        "nauc_mrr_at_5_std": -0.709603,
        "nauc_mrr_at_5_diff1": 0.876696,
        "nauc_mrr_at_10_max": 0.345944,
        "nauc_mrr_at_10_std": -0.688123,
        "nauc_mrr_at_10_diff1": 0.876088,
        "nauc_mrr_at_20_max": 0.340613,
        "nauc_mrr_at_20_std": -0.693697,
        "nauc_mrr_at_20_diff1": 0.875517,
        "nauc_mrr_at_100_max": 0.340613,
        "nauc_mrr_at_100_std": -0.693697,
        "nauc_mrr_at_100_diff1": 0.875517,
        "nauc_mrr_at_1000_max": 0.341212,
        "nauc_mrr_at_1000_std": -0.693668,
        "nauc_mrr_at_1000_diff1": 0.87562,
        "hit_rate_at_1": 0.86667,
        "hit_rate_at_3": 0.92778,
        "hit_rate_at_5": 0.95,
        "hit_rate_at_10": 0.97222,
        "hit_rate_at_20": 0.98333,
        "hit_rate_at_100": 0.98333,
        "hit_rate_at_1000": 1.0,
        "main_score": 0.91223,
        "hf_subset": "default",
        "languages": [
          "eng-Latn"
        ]
      }
    ],
    "dev": [
      {
        "ndcg_at_1": 0.875,
        "ndcg_at_3": 0.875,
        "ndcg_at_5": 0.875,
        "ndcg_at_10": 0.875,
        "ndcg_at_20": 0.90783,
        "ndcg_at_100": 0.90783,
        "ndcg_at_1000": 0.90783,
        "map_at_1": 0.875,
        "map_at_3": 0.875,
        "map_at_5": 0.875,
        "map_at_10": 0.875,
        "map_at_20": 0.88462,
        "map_at_100": 0.88462,
        "map_at_1000": 0.88462,
        "recall_at_1": 0.875,
        "recall_at_3": 0.875,
        "recall_at_5": 0.875,
        "recall_at_10": 0.875,
        "recall_at_20": 1.0,
        "recall_at_100": 1.0,
        "recall_at_1000": 1.0,
        "accuracy": 0.875,
        "precision_at_1": 0.875,
        "precision_at_3": 0.29167,
        "precision_at_5": 0.175,
        "precision_at_10": 0.0875,
        "precision_at_20": 0.05,
        "precision_at_100": 0.01,
        "precision_at_1000": 0.001,
        "mrr_at_1": 0.875,
        "mrr_at_3": 0.875,
        "mrr_at_5": 0.875,
        "mrr_at_10": 0.875,
        "mrr_at_20": 0.884615,
        "mrr_at_100": 0.884615,
        "mrr_at_1000": 0.884615,
        "nauc_ndcg_at_1_max": 1.0,
        "nauc_ndcg_at_1_std": 0.128291,
        "nauc_ndcg_at_1_diff1": 1.0,
        "nauc_ndcg_at_3_max": 1.0,
        "nauc_ndcg_at_3_std": 0.128291,
        "nauc_ndcg_at_3_diff1": 1.0,
        "nauc_ndcg_at_5_max": 1.0,
        "nauc_ndcg_at_5_std": 0.128291,
        "nauc_ndcg_at_5_diff1": 1.0,
        "nauc_ndcg_at_10_max": 1.0,
        "nauc_ndcg_at_10_std": 0.128291,
        "nauc_ndcg_at_10_diff1": 1.0,
        "nauc_ndcg_at_20_max": 1.0,
        "nauc_ndcg_at_20_std": 0.128291,
        "nauc_ndcg_at_20_diff1": 1.0,
        "nauc_ndcg_at_100_max": 1.0,
        "nauc_ndcg_at_100_std": 0.128291,
        "nauc_ndcg_at_100_diff1": 1.0,