{
  "dataset_revision": "5377aa18f309ec440ff6325a4c2cd3362c2cb8d7",
  "task_name": "ChemRxivRetrieval",
  "mteb_version": "2.12.15",
  "scores": {
    "test": [
      {
        "ndcg_at_1": 0.8032,
        "ndcg_at_3": 0.87629,
        "ndcg_at_5": 0.88761,
        "ndcg_at_10": 0.89492,
        "ndcg_at_20": 0.89793,
        "ndcg_at_100": 0.89963,
        "ndcg_at_1000": 0.90018,
        "map_at_1": 0.8032,
        "map_at_3": 0.8592,
        "map_at_5": 0.8655,
        "map_at_10": 0.86859,
        "map_at_20": 0.86943,
        "map_at_100": 0.86968,
        "map_at_1000": 0.8697,
        "recall_at_1": 0.8032,
        "recall_at_3": 0.9254,
        "recall_at_5": 0.9528,
        "recall_at_10": 0.975,
        "recall_at_20": 0.9868,
        "recall_at_100": 0.9958,
        "recall_at_1000": 1.0,
        "accuracy": 0.8032,
        "precision_at_1": 0.8032,
        "precision_at_3": 0.30847,
        "precision_at_5": 0.19056,
        "precision_at_10": 0.0975,
        "precision_at_20": 0.04934,
        "precision_at_100": 0.00996,
        "precision_at_1000": 0.001,
        "mrr_at_1": 0.8032,
        "mrr_at_3": 0.8592,
        "mrr_at_5": 0.86555,
        "mrr_at_10": 0.868607,
        "mrr_at_20": 0.869451,
        "mrr_at_100": 0.869699,
        "mrr_at_1000": 0.869721,
        "nauc_ndcg_at_1_max": 0.504778,
        "nauc_ndcg_at_1_std": -0.242589,
        "nauc_ndcg_at_1_diff1": 0.82928,
        "nauc_ndcg_at_3_max": 0.571854,
        "nauc_ndcg_at_3_std": -0.221279,
        "nauc_ndcg_at_3_diff1": 0.809337,
        "nauc_ndcg_at_5_max": 0.565862,
        "nauc_ndcg_at_5_std": -0.225224,
        "nauc_ndcg_at_5_diff1": 0.81004,
        "nauc_ndcg_at_10_max": 0.560698,
        "nauc_ndcg_at_10_std": -0.22804,
        "nauc_ndcg_at_10_diff1": 0.814185,
        "nauc_ndcg_at_20_max": 0.554629,
        "nauc_ndcg_at_20_std": -0.227792,
        "nauc_ndcg_at_20_diff1": 0.813393,
        "nauc_ndcg_at_100_max": 0.551116,
        "nauc_ndcg_at_100_std": -0.227143,
        "nauc_ndcg_at_100_diff1": 0.814732,
        "nauc_ndcg_at_1000_max": 0.549258,
        "nauc_ndcg_at_1000_std": -0.22955,
        "nauc_ndcg_at_1000_diff1": 0.815469,
        "nauc_map_at_1_max": 0.504778,
        "nauc_map_at_1_std": -0.242589,
        "nauc_map_at_1_diff1": 0.82928,
        "nauc_map_at_3_max": 0.550611,
        "nauc_map_at_3_std": -0.229183,
        "nauc_map_at_3_diff1": 0.815166,
        "nauc_map_at_5_max": 0.546612,
        "nauc_map_at_5_std": -0.231567,
        "nauc_map_at_5_diff1": 0.81566,
        "nauc_map_at_10_max": 0.544504,
        "nauc_map_at_10_std": -0.232382,
        "nauc_map_at_10_diff1": 0.817254,
        "nauc_map_at_20_max": 0.543054,
        "nauc_map_at_20_std": -0.232432,
        "nauc_map_at_20_diff1": 0.81715,
        "nauc_map_at_100_max": 0.542699,
        "nauc_map_at_100_std": -0.232319,
        "nauc_map_at_100_diff1": 0.817329,
        "nauc_map_at_1000_max": 0.542639,
        "nauc_map_at_1000_std": -0.232388,
        "nauc_map_at_1000_diff1": 0.817346,
        "nauc_recall_at_1_max": 0.504778,
        "nauc_recall_at_1_std": -0.242589,
        "nauc_recall_at_1_diff1": 0.82928,
        "nauc_recall_at_3_max": 0.681578,
        "nauc_recall_at_3_std": -0.179558,
        "nauc_recall_at_3_diff1": 0.779609,
        "nauc_recall_at_5_max": 0.713884,
        "nauc_recall_at_5_std": -0.175438,
        "nauc_recall_at_5_diff1": 0.767604,
        "nauc_recall_at_10_max": 0.77944,
        "nauc_recall_at_10_std": -0.172993,
        "nauc_recall_at_10_diff1": 0.779156,
        "nauc_recall_at_20_max": 0.800342,
        "nauc_recall_at_20_std": -0.111104,
        "nauc_recall_at_20_diff1": 0.721642,
        "nauc_recall_at_100_max": 0.873505,
        "nauc_recall_at_100_std": 0.198013,
        "nauc_recall_at_100_diff1": 0.677338,
        "nauc_recall_at_1000_max": NaN,
        "nauc_recall_at_1000_std": NaN,
        "nauc_recall_at_1000_diff1": NaN,
        "nauc_precision_at_1_max": 0.504778,
        "nauc_precision_at_1_std": -0.242589,
        "nauc_precision_at_1_diff1": 0.82928,
        "nauc_precision_at_3_max": 0.681578,
        "nauc_precision_at_3_std": -0.179558,
        "nauc_precision_at_3_diff1": 0.779609,
        "nauc_precision_at_5_max": 0.713884,
        "nauc_precision_at_5_std": -0.175438,
        "nauc_precision_at_5_diff1": 0.767604,
        "nauc_precision_at_10_max": 0.77944,
        "nauc_precision_at_10_std": -0.172993,
        "nauc_precision_at_10_diff1": 0.779156,
        "nauc_precision_at_20_max": 0.800342,
        "nauc_precision_at_20_std": -0.111104,
        "nauc_precision_at_20_diff1": 0.721642,
        "nauc_precision_at_100_max": 0.873505,
        "nauc_precision_at_100_std": 0.198013,
        "nauc_precision_at_100_diff1": 0.677338,
        "nauc_precision_at_1000_max": 1.0,
        "nauc_precision_at_1000_std": 1.0,
        "nauc_precision_at_1000_diff1": 1.0,
        "nauc_mrr_at_1_max": 0.504778,
        "nauc_mrr_at_1_std": -0.242589,
        "nauc_mrr_at_1_diff1": 0.82928,
        "nauc_mrr_at_3_max": 0.550611,
        "nauc_mrr_at_3_std": -0.229183,
        "nauc_mrr_at_3_diff1": 0.815166,
        "nauc_mrr_at_5_max": 0.546522,
        "nauc_mrr_at_5_std": -0.231182,
        "nauc_mrr_at_5_diff1": 0.815588,
        "nauc_mrr_at_10_max": 0.544458,
        "nauc_mrr_at_10_std": -0.23239,
        "nauc_mrr_at_10_diff1": 0.81723,
        "nauc_mrr_at_20_max": 0.543007,
        "nauc_mrr_at_20_std": -0.23244,
        "nauc_mrr_at_20_diff1": 0.817126,
        "nauc_mrr_at_100_max": 0.542653,
        "nauc_mrr_at_100_std": -0.232327,
        "nauc_mrr_at_100_diff1": 0.817305,
        "nauc_mrr_at_1000_max": 0.542592,
        "nauc_mrr_at_1000_std": -0.232395,
        "nauc_mrr_at_1000_diff1": 0.817321,
        "hit_rate_at_1": 0.8032,
        "hit_rate_at_3": 0.9254,
        "hit_rate_at_5": 0.9528,
        "hit_rate_at_10": 0.975,
        "hit_rate_at_20": 0.9868,
        "hit_rate_at_100": 0.9958,
        "hit_rate_at_1000": 1.0,
        "main_score": 0.89492,
        "hf_subset": "default",
        "languages": [
          "eng-Latn"
        ]
      }
    ]
  },
  "evaluation_time": 508.9428970813751,
  "kg_co2_emissions": null,
  "date": 1775764230.895215
}