{
  "dataset_revision": "5377aa18f309ec440ff6325a4c2cd3362c2cb8d7",
  "task_name": "ChemRxivRetrieval",
  "mteb_version": "2.12.20",
  "scores": {
    "test": [
      {
        "ndcg_at_1": 0.7782,
        "ndcg_at_3": 0.85975,
        "ndcg_at_5": 0.87097,
        "ndcg_at_10": 0.87852,
        "ndcg_at_20": 0.88217,
        "ndcg_at_100": 0.88498,
        "ndcg_at_1000": 0.88563,
        "map_at_1": 0.7782,
        "map_at_3": 0.84053,
        "map_at_5": 0.84677,
        "map_at_10": 0.84992,
        "map_at_20": 0.85095,
        "map_at_100": 0.85137,
        "map_at_1000": 0.85139,
        "recall_at_1": 0.7782,
        "recall_at_3": 0.915,
        "recall_at_5": 0.9422,
        "recall_at_10": 0.9654,
        "recall_at_20": 0.9796,
        "recall_at_100": 0.9944,
        "recall_at_1000": 0.9996,
        "accuracy": 0.7782,
        "precision_at_1": 0.7782,
        "precision_at_3": 0.305,
        "precision_at_5": 0.18844,
        "precision_at_10": 0.09654,
        "precision_at_20": 0.04898,
        "precision_at_100": 0.00994,
        "precision_at_1000": 0.001,
        "mrr_at_1": 0.7786,
        "mrr_at_3": 0.840667,
        "mrr_at_5": 0.846997,
        "mrr_at_10": 0.850109,
        "mrr_at_20": 0.851143,
        "mrr_at_100": 0.851558,
        "mrr_at_1000": 0.85158,
        "nauc_ndcg_at_1_max": 0.46399,
        "nauc_ndcg_at_1_std": -0.235454,
        "nauc_ndcg_at_1_diff1": 0.807152,
        "nauc_ndcg_at_3_max": 0.525751,
        "nauc_ndcg_at_3_std": -0.218887,
        "nauc_ndcg_at_3_diff1": 0.781293,
        "nauc_ndcg_at_5_max": 0.5245,
        "nauc_ndcg_at_5_std": -0.223422,
        "nauc_ndcg_at_5_diff1": 0.786893,
        "nauc_ndcg_at_10_max": 0.523091,
        "nauc_ndcg_at_10_std": -0.215662,
        "nauc_ndcg_at_10_diff1": 0.78762,
        "nauc_ndcg_at_20_max": 0.51562,
        "nauc_ndcg_at_20_std": -0.219213,
        "nauc_ndcg_at_20_diff1": 0.788306,
        "nauc_ndcg_at_100_max": 0.510958,
        "nauc_ndcg_at_100_std": -0.22005,
        "nauc_ndcg_at_100_diff1": 0.79036,
        "nauc_ndcg_at_1000_max": 0.509165,
        "nauc_ndcg_at_1000_std": -0.221815,
        "nauc_ndcg_at_1000_diff1": 0.790666,
        "nauc_map_at_1_max": 0.46399,
        "nauc_map_at_1_std": -0.235454,
        "nauc_map_at_1_diff1": 0.807152,
        "nauc_map_at_3_max": 0.506358,
        "nauc_map_at_3_std": -0.225315,
        "nauc_map_at_3_diff1": 0.788919,
        "nauc_map_at_5_max": 0.504815,
        "nauc_map_at_5_std": -0.227721,
        "nauc_map_at_5_diff1": 0.791813,
        "nauc_map_at_10_max": 0.504173,
        "nauc_map_at_10_std": -0.224936,
        "nauc_map_at_10_diff1": 0.792214,
        "nauc_map_at_20_max": 0.50234,
        "nauc_map_at_20_std": -0.225805,
        "nauc_map_at_20_diff1": 0.792419,
        "nauc_map_at_100_max": 0.501794,
        "nauc_map_at_100_std": -0.225777,
        "nauc_map_at_100_diff1": 0.79267,
        "nauc_map_at_1000_max": 0.501747,
        "nauc_map_at_1000_std": -0.225826,
        "nauc_map_at_1000_diff1": 0.792682,
        "nauc_recall_at_1_max": 0.46399,
        "nauc_recall_at_1_std": -0.235454,
        "nauc_recall_at_1_diff1": 0.807152,
        "nauc_recall_at_3_max": 0.623557,
        "nauc_recall_at_3_std": -0.185544,
        "nauc_recall_at_3_diff1": 0.743208,
        "nauc_recall_at_5_max": 0.664294,
        "nauc_recall_at_5_std": -0.193129,
        "nauc_recall_at_5_diff1": 0.754684,
        "nauc_recall_at_10_max": 0.737866,
        "nauc_recall_at_10_std": -0.099478,
        "nauc_recall_at_10_diff1": 0.739466,
        "nauc_recall_at_20_max": 0.730667,
        "nauc_recall_at_20_std": -0.093334,
        "nauc_recall_at_20_diff1": 0.719604,
        "nauc_recall_at_100_max": 0.818778,
        "nauc_recall_at_100_std": 0.109677,
        "nauc_recall_at_100_diff1": 0.744081,
        "nauc_recall_at_1000_max": 0.934641,
        "nauc_recall_at_1000_std": 0.561391,
        "nauc_recall_at_1000_diff1": 0.777077,
        "nauc_precision_at_1_max": 0.46399,
        "nauc_precision_at_1_std": -0.235454,
        "nauc_precision_at_1_diff1": 0.807152,
        "nauc_precision_at_3_max": 0.623557,
        "nauc_precision_at_3_std": -0.185544,
        "nauc_precision_at_3_diff1": 0.743208,
        "nauc_precision_at_5_max": 0.664294,
        "nauc_precision_at_5_std": -0.193129,
        "nauc_precision_at_5_diff1": 0.754684,
        "nauc_precision_at_10_max": 0.737866,
        "nauc_precision_at_10_std": -0.099478,
        "nauc_precision_at_10_diff1": 0.739466,
        "nauc_precision_at_20_max": 0.730667,
        "nauc_precision_at_20_std": -0.093334,
        "nauc_precision_at_20_diff1": 0.719604,
        "nauc_precision_at_100_max": 0.818778,
        "nauc_precision_at_100_std": 0.109677,
        "nauc_precision_at_100_diff1": 0.744081,
        "nauc_precision_at_1000_max": 0.934641,
        "nauc_precision_at_1000_std": 0.561391,
        "nauc_precision_at_1000_diff1": 0.777077,
        "nauc_mrr_at_1_max": 0.466541,
        "nauc_mrr_at_1_std": -0.233514,
        "nauc_mrr_at_1_diff1": 0.806328,
        "nauc_mrr_at_3_max": 0.508061,
        "nauc_mrr_at_3_std": -0.224404,
        "nauc_mrr_at_3_diff1": 0.788437,
        "nauc_mrr_at_5_max": 0.506631,
        "nauc_mrr_at_5_std": -0.226026,
        "nauc_mrr_at_5_diff1": 0.79118,
        "nauc_mrr_at_10_max": 0.506039,
        "nauc_mrr_at_10_std": -0.22356,
        "nauc_mrr_at_10_diff1": 0.791618,
        "nauc_mrr_at_20_max": 0.504219,
        "nauc_mrr_at_20_std": -0.22442,
        "nauc_mrr_at_20_diff1": 0.791818,
        "nauc_mrr_at_100_max": 0.503678,
        "nauc_mrr_at_100_std": -0.224387,
        "nauc_mrr_at_100_diff1": 0.792068,
        "nauc_mrr_at_1000_max": 0.503631,
        "nauc_mrr_at_1000_std": -0.224437,
        "nauc_mrr_at_1000_diff1": 0.792079,
        "hit_rate_at_1": 0.7782,
        "hit_rate_at_3": 0.915,
        "hit_rate_at_5": 0.9422,
        "hit_rate_at_10": 0.9654,
        "hit_rate_at_20": 0.9796,
        "hit_rate_at_100": 0.9944,
        "hit_rate_at_1000": 0.9996,
        "main_score": 0.87852,
        "hf_subset": "default",
        "languages": [
          "eng-Latn"
        ]
      }
    ]
  },
  "evaluation_time": 461.50986528396606,
  "kg_co2_emissions": null,
  "date": 1776416612.997381
}