{
  "dataset_revision": "5d958fb6b31055495347724d46431ba41309b03a",
  "task_name": "ChemNQRetrieval",
  "mteb_version": "2.12.15",
  "scores": {
    "test": [
      {
        "ndcg_at_1": 0.44444,
        "ndcg_at_3": 0.5273,
        "ndcg_at_5": 0.56799,
        "ndcg_at_10": 0.57556,
        "ndcg_at_20": 0.62187,
        "ndcg_at_100": 0.64042,
        "ndcg_at_1000": 0.64692,
        "map_at_1": 0.34568,
        "map_at_3": 0.48457,
        "map_at_5": 0.51049,
        "map_at_10": 0.51314,
        "map_at_20": 0.52924,
        "map_at_100": 0.53255,
        "map_at_1000": 0.5329,
        "recall_at_1": 0.34568,
        "recall_at_3": 0.58642,
        "recall_at_5": 0.67901,
        "recall_at_10": 0.69753,
        "recall_at_20": 0.8642,
        "recall_at_100": 0.95062,
        "recall_at_1000": 1.0,
        "accuracy": 0.34568,
        "precision_at_1": 0.44444,
        "precision_at_3": 0.24691,
        "precision_at_5": 0.17037,
        "precision_at_10": 0.08889,
        "precision_at_20": 0.05556,
        "precision_at_100": 0.01222,
        "precision_at_1000": 0.0013,
        "mrr_at_1": 0.444444,
        "mrr_at_3": 0.555556,
        "mrr_at_5": 0.574074,
        "mrr_at_10": 0.579365,
        "mrr_at_20": 0.588007,
        "mrr_at_100": 0.590683,
        "mrr_at_1000": 0.590745,
        "nauc_ndcg_at_1_max": 0.260349,
        "nauc_ndcg_at_1_std": 0.093658,
        "nauc_ndcg_at_1_diff1": 0.18353,
        "nauc_ndcg_at_3_max": 0.239941,
        "nauc_ndcg_at_3_std": -0.008009,
        "nauc_ndcg_at_3_diff1": 0.069962,
        "nauc_ndcg_at_5_max": 0.289429,
        "nauc_ndcg_at_5_std": 0.035583,
        "nauc_ndcg_at_5_diff1": 0.075063,
        "nauc_ndcg_at_10_max": 0.341565,
        "nauc_ndcg_at_10_std": 0.082802,
        "nauc_ndcg_at_10_diff1": 0.123046,
        "nauc_ndcg_at_20_max": 0.325508,
        "nauc_ndcg_at_20_std": 0.069816,
        "nauc_ndcg_at_20_diff1": 0.091664,
        "nauc_ndcg_at_100_max": 0.301341,
        "nauc_ndcg_at_100_std": 0.048122,
        "nauc_ndcg_at_100_diff1": 0.15109,
        "nauc_ndcg_at_1000_max": 0.310138,
        "nauc_ndcg_at_1000_std": 0.060973,
        "nauc_ndcg_at_1000_diff1": 0.133549,
        "nauc_map_at_1_max": 0.23871,
        "nauc_map_at_1_std": 0.103553,
        "nauc_map_at_1_diff1": 0.164565,
        "nauc_map_at_3_max": 0.230032,
        "nauc_map_at_3_std": -0.017352,
        "nauc_map_at_3_diff1": 0.10431,
        "nauc_map_at_5_max": 0.266583,
        "nauc_map_at_5_std": 0.01017,
        "nauc_map_at_5_diff1": 0.102656,
        "nauc_map_at_10_max": 0.283314,
        "nauc_map_at_10_std": 0.025293,
        "nauc_map_at_10_diff1": 0.118359,
        "nauc_map_at_20_max": 0.28636,
        "nauc_map_at_20_std": 0.029956,
        "nauc_map_at_20_diff1": 0.118472,
        "nauc_map_at_100_max": 0.282429,
        "nauc_map_at_100_std": 0.026577,
        "nauc_map_at_100_diff1": 0.127346,
        "nauc_map_at_1000_max": 0.282569,
        "nauc_map_at_1000_std": 0.026891,
        "nauc_map_at_1000_diff1": 0.12688,
        "nauc_recall_at_1_max": 0.23871,
        "nauc_recall_at_1_std": 0.103553,
        "nauc_recall_at_1_diff1": 0.164565,
        "nauc_recall_at_3_max": 0.192093,
        "nauc_recall_at_3_std": -0.065231,
        "nauc_recall_at_3_diff1": -0.004031,
        "nauc_recall_at_5_max": 0.288066,
        "nauc_recall_at_5_std": 0.03028,
        "nauc_recall_at_5_diff1": -0.001183,
        "nauc_recall_at_10_max": 0.429911,
        "nauc_recall_at_10_std": 0.158532,
        "nauc_recall_at_10_diff1": 0.125411,
        "nauc_recall_at_20_max": 0.369892,
        "nauc_recall_at_20_std": 0.062587,
        "nauc_recall_at_20_diff1": -0.151511,
        "nauc_recall_at_100_max": -0.103371,
        "nauc_recall_at_100_std": -0.473358,
        "nauc_recall_at_100_diff1": 0.839387,
        "nauc_recall_at_1000_max": NaN,
        "nauc_recall_at_1000_std": NaN,
        "nauc_recall_at_1000_diff1": NaN,
        "nauc_precision_at_1_max": 0.260349,
        "nauc_precision_at_1_std": 0.093658,
        "nauc_precision_at_1_diff1": 0.18353,
        "nauc_precision_at_3_max": 0.249182,
        "nauc_precision_at_3_std": -0.093762,
        "nauc_precision_at_3_diff1": 0.011072,
        "nauc_precision_at_5_max": 0.33196,
        "nauc_precision_at_5_std": 0.002801,
        "nauc_precision_at_5_diff1": -0.025203,
        "nauc_precision_at_10_max": 0.517276,
        "nauc_precision_at_10_std": 0.165806,
        "nauc_precision_at_10_diff1": 0.135905,
        "nauc_precision_at_20_max": 0.445794,
        "nauc_precision_at_20_std": 0.207308,
        "nauc_precision_at_20_diff1": 0.097506,
        "nauc_precision_at_100_max": 0.353642,
        "nauc_precision_at_100_std": 0.162066,
        "nauc_precision_at_100_diff1": 0.25735,
        "nauc_precision_at_1000_max": 0.334766,
        "nauc_precision_at_1000_std": 0.221882,
        "nauc_precision_at_1000_diff1": 0.110134,
        "nauc_mrr_at_1_max": 0.260349,
        "nauc_mrr_at_1_std": 0.093658,
        "nauc_mrr_at_1_diff1": 0.18353,
        "nauc_mrr_at_3_max": 0.28603,
        "nauc_mrr_at_3_std": 0.076211,
        "nauc_mrr_at_3_diff1": 0.073189,
        "nauc_mrr_at_5_max": 0.292522,
        "nauc_mrr_at_5_std": 0.093767,
        "nauc_mrr_at_5_diff1": 0.089866,
        "nauc_mrr_at_10_max": 0.326529,
        "nauc_mrr_at_10_std": 0.125265,
        "nauc_mrr_at_10_diff1": 0.121316,
        "nauc_mrr_at_20_max": 0.308009,
        "nauc_mrr_at_20_std": 0.106579,
        "nauc_mrr_at_20_diff1": 0.100216,
        "nauc_mrr_at_100_max": 0.304174,
        "nauc_mrr_at_100_std": 0.103482,
        "nauc_mrr_at_100_diff1": 0.109559,
        "nauc_mrr_at_1000_max": 0.304275,
        "nauc_mrr_at_1000_std": 0.103625,
        "nauc_mrr_at_1000_diff1": 0.109371,
        "hit_rate_at_1": 0.44444,
        "hit_rate_at_3": 0.66667,
        "hit_rate_at_5": 0.74074,
        "hit_rate_at_10": 0.77778,
        "hit_rate_at_20": 0.88889,
        "hit_rate_at_100": 0.96296,
        "hit_rate_at_1000": 1.0,
        "main_score": 0.57556,
        "hf_subset": "default",
        "languages": [
          "eng-Latn"
        ]
      }
    ]
  },
  "evaluation_time": 72.03851628303528,
  "kg_co2_emissions": null,
  "date": 1775762233.589739
}