{
  "dataset_revision": "5d958fb6b31055495347724d46431ba41309b03a",
  "task_name": "ChemNQRetrieval",
  "mteb_version": "2.12.20",
  "scores": {
    "test": [
      {
        "ndcg_at_1": 0.40741,
        "ndcg_at_3": 0.49864,
        "ndcg_at_5": 0.53771,
        "ndcg_at_10": 0.56214,
        "ndcg_at_20": 0.59225,
        "ndcg_at_100": 0.61121,
        "ndcg_at_1000": 0.6177,
        "map_at_1": 0.29012,
        "map_at_3": 0.44444,
        "map_at_5": 0.46852,
        "map_at_10": 0.47824,
        "map_at_20": 0.48799,
        "map_at_100": 0.49161,
        "map_at_1000": 0.49199,
        "recall_at_1": 0.29012,
        "recall_at_3": 0.58642,
        "recall_at_5": 0.67901,
        "recall_at_10": 0.75309,
        "recall_at_20": 0.8642,
        "recall_at_100": 0.95062,
        "recall_at_1000": 1.0,
        "accuracy": 0.29012,
        "precision_at_1": 0.40741,
        "precision_at_3": 0.24691,
        "precision_at_5": 0.17037,
        "precision_at_10": 0.0963,
        "precision_at_20": 0.05556,
        "precision_at_100": 0.01222,
        "precision_at_1000": 0.0013,
        "mrr_at_1": 0.407407,
        "mrr_at_3": 0.524691,
        "mrr_at_5": 0.541358,
        "mrr_at_10": 0.549691,
        "mrr_at_20": 0.555527,
        "mrr_at_100": 0.558295,
        "mrr_at_1000": 0.55835,
        "nauc_ndcg_at_1_max": 0.281499,
        "nauc_ndcg_at_1_std": 0.010825,
        "nauc_ndcg_at_1_diff1": 0.272006,
        "nauc_ndcg_at_3_max": 0.29082,
        "nauc_ndcg_at_3_std": -0.033008,
        "nauc_ndcg_at_3_diff1": 0.306383,
        "nauc_ndcg_at_5_max": 0.303146,
        "nauc_ndcg_at_5_std": 0.002824,
        "nauc_ndcg_at_5_diff1": 0.295516,
        "nauc_ndcg_at_10_max": 0.382571,
        "nauc_ndcg_at_10_std": 0.069233,
        "nauc_ndcg_at_10_diff1": 0.341829,
        "nauc_ndcg_at_20_max": 0.358356,
        "nauc_ndcg_at_20_std": 0.030862,
        "nauc_ndcg_at_20_diff1": 0.30276,
        "nauc_ndcg_at_100_max": 0.33675,
        "nauc_ndcg_at_100_std": 0.006324,
        "nauc_ndcg_at_100_diff1": 0.338439,
        "nauc_ndcg_at_1000_max": 0.33786,
        "nauc_ndcg_at_1000_std": 0.018077,
        "nauc_ndcg_at_1000_diff1": 0.328076,
        "nauc_map_at_1_max": 0.147565,
        "nauc_map_at_1_std": -0.007545,
        "nauc_map_at_1_diff1": 0.337863,
        "nauc_map_at_3_max": 0.257675,
        "nauc_map_at_3_std": -0.056426,
        "nauc_map_at_3_diff1": 0.353031,
        "nauc_map_at_5_max": 0.270292,
        "nauc_map_at_5_std": -0.036195,
        "nauc_map_at_5_diff1": 0.339807,
        "nauc_map_at_10_max": 0.302943,
        "nauc_map_at_10_std": -0.008726,
        "nauc_map_at_10_diff1": 0.361553,
        "nauc_map_at_20_max": 0.297123,
        "nauc_map_at_20_std": -0.017858,
        "nauc_map_at_20_diff1": 0.351169,
        "nauc_map_at_100_max": 0.29297,
        "nauc_map_at_100_std": -0.02175,
        "nauc_map_at_100_diff1": 0.356666,
        "nauc_map_at_1000_max": 0.292715,
        "nauc_map_at_1000_std": -0.021453,
        "nauc_map_at_1000_diff1": 0.355946,
        "nauc_recall_at_1_max": 0.147565,
        "nauc_recall_at_1_std": -0.007545,
        "nauc_recall_at_1_diff1": 0.337863,
        "nauc_recall_at_3_max": 0.237761,
        "nauc_recall_at_3_std": -0.065231,
        "nauc_recall_at_3_diff1": 0.23537,
        "nauc_recall_at_5_max": 0.266633,
        "nauc_recall_at_5_std": 0.03028,
        "nauc_recall_at_5_diff1": 0.209074,
        "nauc_recall_at_10_max": 0.49475,
        "nauc_recall_at_10_std": 0.235639,
        "nauc_recall_at_10_diff1": 0.311375,
        "nauc_recall_at_20_max": 0.455762,
        "nauc_recall_at_20_std": 0.062587,
        "nauc_recall_at_20_diff1": 0.08106,
        "nauc_recall_at_100_max": 0.174292,
        "nauc_recall_at_100_std": -0.473358,
        "nauc_recall_at_100_diff1": 0.597875,
        "nauc_recall_at_1000_max": NaN,
        "nauc_recall_at_1000_std": NaN,
        "nauc_recall_at_1000_diff1": NaN,
        "nauc_precision_at_1_max": 0.281499,
        "nauc_precision_at_1_std": 0.010825,
        "nauc_precision_at_1_diff1": 0.272006,
        "nauc_precision_at_3_max": 0.360306,
        "nauc_precision_at_3_std": -0.105865,
        "nauc_precision_at_3_diff1": 0.221453,
        "nauc_precision_at_5_max": 0.391097,
        "nauc_precision_at_5_std": -0.008815,
        "nauc_precision_at_5_diff1": 0.126236,
        "nauc_precision_at_10_max": 0.646109,
        "nauc_precision_at_10_std": 0.25263,
        "nauc_precision_at_10_diff1": 0.267723,
        "nauc_precision_at_20_max": 0.588455,
        "nauc_precision_at_20_std": 0.195491,
        "nauc_precision_at_20_diff1": 0.130169,
        "nauc_precision_at_100_max": 0.50691,
        "nauc_precision_at_100_std": 0.148523,
        "nauc_precision_at_100_diff1": 0.15173,
        "nauc_precision_at_1000_max": 0.426559,
        "nauc_precision_at_1000_std": 0.209289,
        "nauc_precision_at_1000_diff1": 0.019365,
        "nauc_mrr_at_1_max": 0.281499,
        "nauc_mrr_at_1_std": 0.010825,
        "nauc_mrr_at_1_diff1": 0.272006,
        "nauc_mrr_at_3_max": 0.362853,
        "nauc_mrr_at_3_std": 0.054097,
        "nauc_mrr_at_3_diff1": 0.226055,
        "nauc_mrr_at_5_max": 0.353649,
        "nauc_mrr_at_5_std": 0.06298,
        "nauc_mrr_at_5_diff1": 0.237267,
        "nauc_mrr_at_10_max": 0.377727,
        "nauc_mrr_at_10_std": 0.083419,
        "nauc_mrr_at_10_diff1": 0.249501,
        "nauc_mrr_at_20_max": 0.364916,
        "nauc_mrr_at_20_std": 0.068785,
        "nauc_mrr_at_20_diff1": 0.238256,
        "nauc_mrr_at_100_max": 0.362285,
        "nauc_mrr_at_100_std": 0.065394,
        "nauc_mrr_at_100_diff1": 0.244137,
        "nauc_mrr_at_1000_max": 0.362331,
        "nauc_mrr_at_1000_std": 0.06551,
        "nauc_mrr_at_1000_diff1": 0.24408,
        "hit_rate_at_1": 0.40741,
        "hit_rate_at_3": 0.66667,
        "hit_rate_at_5": 0.74074,
        "hit_rate_at_10": 0.81481,
        "hit_rate_at_20": 0.88889,
        "hit_rate_at_100": 0.96296,
        "hit_rate_at_1000": 1.0,
        "main_score": 0.56214,
        "hf_subset": "default",
        "languages": [
          "eng-Latn"
        ]
      }
    ]
  },
  "evaluation_time": 68.73810386657715,
  "kg_co2_emissions": null,
  "date": 1776448482.098927
}