{
  "dataset_revision": "1840e8a5ac6ec752bbdd97d543ead0189bc7c25b",
  "task_name": "ChemHotpotQARetrieval",
  "mteb_version": "2.12.16",
  "scores": {
    "train": [
      {
        "ndcg_at_1": 0.86667,
        "ndcg_at_3": 0.9025,
        "ndcg_at_5": 0.90967,
        "ndcg_at_10": 0.9166,
        "ndcg_at_20": 0.91875,
        "ndcg_at_100": 0.91945,
        "ndcg_at_1000": 0.9218,
        "map_at_1": 0.85,
        "map_at_3": 0.89028,
        "map_at_5": 0.89444,
        "map_at_10": 0.89716,
        "map_at_20": 0.89782,
        "map_at_100": 0.89802,
        "map_at_1000": 0.89809,
        "recall_at_1": 0.85,
        "recall_at_3": 0.93056,
        "recall_at_5": 0.94722,
        "recall_at_10": 0.96944,
        "recall_at_20": 0.97778,
        "recall_at_100": 0.98056,
        "recall_at_1000": 1.0,
        "accuracy": 0.85,
        "precision_at_1": 0.86667,
        "precision_at_3": 0.32037,
        "precision_at_5": 0.19556,
        "precision_at_10": 0.1,
        "precision_at_20": 0.05056,
        "precision_at_100": 0.01017,
        "precision_at_1000": 0.00104,
        "mrr_at_1": 0.866667,
        "mrr_at_3": 0.898148,
        "mrr_at_5": 0.902315,
        "mrr_at_10": 0.905031,
        "mrr_at_20": 0.90534,
        "mrr_at_100": 0.90534,
        "mrr_at_1000": 0.905379,
        "nauc_ndcg_at_1_max": 0.663027,
        "nauc_ndcg_at_1_std": -0.387407,
        "nauc_ndcg_at_1_diff1": 0.907195,
        "nauc_ndcg_at_3_max": 0.462039,
        "nauc_ndcg_at_3_std": -0.497681,
        "nauc_ndcg_at_3_diff1": 0.741535,
        "nauc_ndcg_at_5_max": 0.437818,
        "nauc_ndcg_at_5_std": -0.566269,
        "nauc_ndcg_at_5_diff1": 0.73911,
        "nauc_ndcg_at_10_max": 0.42035,
        "nauc_ndcg_at_10_std": -0.535182,
        "nauc_ndcg_at_10_diff1": 0.725385,
        "nauc_ndcg_at_20_max": 0.415476,
        "nauc_ndcg_at_20_std": -0.52747,
        "nauc_ndcg_at_20_diff1": 0.725877,
        "nauc_ndcg_at_100_max": 0.434546,
        "nauc_ndcg_at_100_std": -0.515969,
        "nauc_ndcg_at_100_diff1": 0.747438,
        "nauc_ndcg_at_1000_max": 0.463785,
        "nauc_ndcg_at_1000_std": -0.50814,
        "nauc_ndcg_at_1000_diff1": 0.763128,
        "nauc_map_at_1_max": 0.470622,
        "nauc_map_at_1_std": -0.485881,
        "nauc_map_at_1_diff1": 0.799933,
        "nauc_map_at_3_max": 0.468765,
        "nauc_map_at_3_std": -0.505854,
        "nauc_map_at_3_diff1": 0.734021,
        "nauc_map_at_5_max": 0.456958,
        "nauc_map_at_5_std": -0.540398,
        "nauc_map_at_5_diff1": 0.732506,
        "nauc_map_at_10_max": 0.452603,
        "nauc_map_at_10_std": -0.527803,
        "nauc_map_at_10_diff1": 0.728049,
        "nauc_map_at_20_max": 0.452253,
        "nauc_map_at_20_std": -0.525262,
        "nauc_map_at_20_diff1": 0.728572,
        "nauc_map_at_100_max": 0.456694,
        "nauc_map_at_100_std": -0.52259,
        "nauc_map_at_100_diff1": 0.733512,
        "nauc_map_at_1000_max": 0.457571,
        "nauc_map_at_1000_std": -0.522312,
        "nauc_map_at_1000_diff1": 0.734265,
        "nauc_recall_at_1_max": 0.470622,
        "nauc_recall_at_1_std": -0.485881,
        "nauc_recall_at_1_diff1": 0.799933,
        "nauc_recall_at_3_max": 0.266611,
        "nauc_recall_at_3_std": -0.570327,
        "nauc_recall_at_3_diff1": 0.587059,
        "nauc_recall_at_5_max": 0.111185,
        "nauc_recall_at_5_std": -0.858642,
        "nauc_recall_at_5_diff1": 0.528896,
        "nauc_recall_at_10_max": -0.286945,
        "nauc_recall_at_10_std": -0.841567,
        "nauc_recall_at_10_diff1": 0.257576,
        "nauc_recall_at_20_max": -0.627218,
        "nauc_recall_at_20_std": -0.872316,
        "nauc_recall_at_20_diff1": 0.092087,
        "nauc_recall_at_100_max": -0.468254,
        "nauc_recall_at_100_std": -0.748366,
        "nauc_recall_at_100_diff1": 0.353808,
        "nauc_recall_at_1000_max": NaN,
        "nauc_recall_at_1000_std": NaN,
        "nauc_recall_at_1000_diff1": NaN,
        "nauc_precision_at_1_max": 0.663027,
        "nauc_precision_at_1_std": -0.387407,
        "nauc_precision_at_1_diff1": 0.907195,
        "nauc_precision_at_3_max": 0.404445,
        "nauc_precision_at_3_std": -0.185885,
        "nauc_precision_at_3_diff1": 0.310996,
        "nauc_precision_at_5_max": 0.333385,
        "nauc_precision_at_5_std": -0.29188,
        "nauc_precision_at_5_diff1": 0.218699,
        "nauc_precision_at_10_max": 0.214687,
        "nauc_precision_at_10_std": -0.076461,
        "nauc_precision_at_10_diff1": -0.03067,
        "nauc_precision_at_20_max": 0.116316,
        "nauc_precision_at_20_std": 0.074977,
        "nauc_precision_at_20_diff1": -0.133634,
        "nauc_precision_at_100_max": 0.230721,
        "nauc_precision_at_100_std": 0.194734,
        "nauc_precision_at_100_diff1": 0.01313,
        "nauc_precision_at_1000_max": 0.460577,
        "nauc_precision_at_1000_std": 0.501361,
        "nauc_precision_at_1000_diff1": -0.015754,
        "nauc_mrr_at_1_max": 0.663027,
        "nauc_mrr_at_1_std": -0.387407,
        "nauc_mrr_at_1_diff1": 0.907195,
        "nauc_mrr_at_3_max": 0.598538,
        "nauc_mrr_at_3_std": -0.406852,
        "nauc_mrr_at_3_diff1": 0.876052,
        "nauc_mrr_at_5_max": 0.591547,
        "nauc_mrr_at_5_std": -0.439552,
        "nauc_mrr_at_5_diff1": 0.880624,
        "nauc_mrr_at_10_max": 0.590811,
        "nauc_mrr_at_10_std": -0.423076,
        "nauc_mrr_at_10_diff1": 0.880174,
        "nauc_mrr_at_20_max": 0.589881,
        "nauc_mrr_at_20_std": -0.422607,
        "nauc_mrr_at_20_diff1": 0.88021,
        "nauc_mrr_at_100_max": 0.589881,
        "nauc_mrr_at_100_std": -0.422607,
        "nauc_mrr_at_100_diff1": 0.88021,
        "nauc_mrr_at_1000_max": 0.590189,
        "nauc_mrr_at_1000_std": -0.42268,
        "nauc_mrr_at_1000_diff1": 0.880313,
        "hit_rate_at_1": 0.86667,
        "hit_rate_at_3": 0.93889,
        "hit_rate_at_5": 0.95556,
        "hit_rate_at_10": 0.97778,
        "hit_rate_at_20": 0.98333,
        "hit_rate_at_100": 0.98333,
        "hit_rate_at_1000": 1.0,
        "main_score": 0.9166,
        "hf_subset": "default",
        "languages": [
          "eng-Latn"
        ]
      }
    ],
    "dev": [
      {
        "ndcg_at_1": 0.875,
        "ndcg_at_3": 0.875,
        "ndcg_at_5": 0.875,
        "ndcg_at_10": 0.875,
        "ndcg_at_20": 0.90783,
        "ndcg_at_100": 0.90783,
        "ndcg_at_1000": 0.90783,
        "map_at_1": 0.875,
        "map_at_3": 0.875,
        "map_at_5": 0.875,
        "map_at_10": 0.875,
        "map_at_20": 0.88462,
        "map_at_100": 0.88462,
        "map_at_1000": 0.88462,
        "recall_at_1": 0.875,
        "recall_at_3": 0.875,
        "recall_at_5": 0.875,
        "recall_at_10": 0.875,
        "recall_at_20": 1.0,
        "recall_at_100": 1.0,
        "recall_at_1000": 1.0,
        "accuracy": 0.875,
        "precision_at_1": 0.875,
        "precision_at_3": 0.29167,
        "precision_at_5": 0.175,
        "precision_at_10": 0.0875,
        "precision_at_20": 0.05,
        "precision_at_100": 0.01,
        "precision_at_1000": 0.001,
        "mrr_at_1": 0.875,
        "mrr_at_3": 0.875,
        "mrr_at_5": 0.875,
        "mrr_at_10": 0.875,
        "mrr_at_20": 0.884615,
        "mrr_at_100": 0.884615,
        "mrr_at_1000": 0.884615,
        "nauc_ndcg_at_1_max": 1.0,
        "nauc_ndcg_at_1_std": 0.551821,
        "nauc_ndcg_at_1_diff1": 1.0,
        "nauc_ndcg_at_3_max": 1.0,
        "nauc_ndcg_at_3_std": 0.551821,
        "nauc_ndcg_at_3_diff1": 1.0,
        "nauc_ndcg_at_5_max": 1.0,
        "nauc_ndcg_at_5_std": 0.551821,
        "nauc_ndcg_at_5_diff1": 1.0,
        "nauc_ndcg_at_10_max": 1.0,
        "nauc_ndcg_at_10_std": 0.551821,
        "nauc_ndcg_at_10_diff1": 1.0,
        "nauc_ndcg_at_20_max": 1.0,
        "nauc_ndcg_at_20_std": 0.551821,
        "nauc_ndcg_at_20_diff1": 1.0,
        "nauc_ndcg_at_100_max": 1.0,
        "nauc_ndcg_at_100_std": 0.551821,
        "nauc_ndcg_at_100_diff1": 1.0,