{
  "dataset_revision": "5377aa18f309ec440ff6325a4c2cd3362c2cb8d7",
  "task_name": "ChemRxivRetrieval",
  "mteb_version": "2.12.20",
  "scores": {
    "test": [
      {
        "ndcg_at_1": 0.7494,
        "ndcg_at_3": 0.83508,
        "ndcg_at_5": 0.84904,
        "ndcg_at_10": 0.85852,
        "ndcg_at_20": 0.86279,
        "ndcg_at_100": 0.86627,
        "ndcg_at_1000": 0.86712,
        "map_at_1": 0.7494,
        "map_at_3": 0.81457,
        "map_at_5": 0.82234,
        "map_at_10": 0.82635,
        "map_at_20": 0.82754,
        "map_at_100": 0.82804,
        "map_at_1000": 0.82807,
        "recall_at_1": 0.7494,
        "recall_at_3": 0.8942,
        "recall_at_5": 0.928,
        "recall_at_10": 0.9568,
        "recall_at_20": 0.9736,
        "recall_at_100": 0.992,
        "recall_at_1000": 0.9988,
        "accuracy": 0.7494,
        "precision_at_1": 0.7494,
        "precision_at_3": 0.29807,
        "precision_at_5": 0.1856,
        "precision_at_10": 0.09568,
        "precision_at_20": 0.04868,
        "precision_at_100": 0.00992,
        "precision_at_1000": 0.001,
        "mrr_at_1": 0.7498,
        "mrr_at_3": 0.8146,
        "mrr_at_5": 0.82252,
        "mrr_at_10": 0.82653,
        "mrr_at_20": 0.82772,
        "mrr_at_100": 0.828224,
        "mrr_at_1000": 0.828253,
        "nauc_ndcg_at_1_max": 0.407717,
        "nauc_ndcg_at_1_std": -0.198262,
        "nauc_ndcg_at_1_diff1": 0.770547,
        "nauc_ndcg_at_3_max": 0.469984,
        "nauc_ndcg_at_3_std": -0.175543,
        "nauc_ndcg_at_3_diff1": 0.741571,
        "nauc_ndcg_at_5_max": 0.469046,
        "nauc_ndcg_at_5_std": -0.170654,
        "nauc_ndcg_at_5_diff1": 0.741737,
        "nauc_ndcg_at_10_max": 0.4715,
        "nauc_ndcg_at_10_std": -0.162949,
        "nauc_ndcg_at_10_diff1": 0.747065,
        "nauc_ndcg_at_20_max": 0.465263,
        "nauc_ndcg_at_20_std": -0.165877,
        "nauc_ndcg_at_20_diff1": 0.746596,
        "nauc_ndcg_at_100_max": 0.458714,
        "nauc_ndcg_at_100_std": -0.172978,
        "nauc_ndcg_at_100_diff1": 0.750084,
        "nauc_ndcg_at_1000_max": 0.456032,
        "nauc_ndcg_at_1000_std": -0.174306,
        "nauc_ndcg_at_1000_diff1": 0.750109,
        "nauc_map_at_1_max": 0.407717,
        "nauc_map_at_1_std": -0.198262,
        "nauc_map_at_1_diff1": 0.770547,
        "nauc_map_at_3_max": 0.45047,
        "nauc_map_at_3_std": -0.183657,
        "nauc_map_at_3_diff1": 0.749687,
        "nauc_map_at_5_max": 0.449053,
        "nauc_map_at_5_std": -0.181801,
        "nauc_map_at_5_diff1": 0.750201,
        "nauc_map_at_10_max": 0.449744,
        "nauc_map_at_10_std": -0.179346,
        "nauc_map_at_10_diff1": 0.752316,
        "nauc_map_at_20_max": 0.448186,
        "nauc_map_at_20_std": -0.180151,
        "nauc_map_at_20_diff1": 0.752237,
        "nauc_map_at_100_max": 0.447345,
        "nauc_map_at_100_std": -0.181068,
        "nauc_map_at_100_diff1": 0.752643,
        "nauc_map_at_1000_max": 0.447275,
        "nauc_map_at_1000_std": -0.181075,
        "nauc_map_at_1000_diff1": 0.752647,
        "nauc_recall_at_1_max": 0.407717,
        "nauc_recall_at_1_std": -0.198262,
        "nauc_recall_at_1_diff1": 0.770547,
        "nauc_recall_at_3_max": 0.561304,
        "nauc_recall_at_3_std": -0.136898,
        "nauc_recall_at_3_diff1": 0.704239,
        "nauc_recall_at_5_max": 0.599365,
        "nauc_recall_at_5_std": -0.095156,
        "nauc_recall_at_5_diff1": 0.687356,
        "nauc_recall_at_10_max": 0.702057,
        "nauc_recall_at_10_std": 0.024758,
        "nauc_recall_at_10_diff1": 0.699074,
        "nauc_recall_at_20_max": 0.731839,
        "nauc_recall_at_20_std": 0.090782,
        "nauc_recall_at_20_diff1": 0.660392,
        "nauc_recall_at_100_max": 0.826541,
        "nauc_recall_at_100_std": 0.121464,
        "nauc_recall_at_100_diff1": 0.746942,
        "nauc_recall_at_1000_max": 0.686897,
        "nauc_recall_at_1000_std": 0.490896,
        "nauc_recall_at_1000_diff1": 0.720355,
        "nauc_precision_at_1_max": 0.407717,
        "nauc_precision_at_1_std": -0.198262,
        "nauc_precision_at_1_diff1": 0.770547,
        "nauc_precision_at_3_max": 0.561304,
        "nauc_precision_at_3_std": -0.136898,
        "nauc_precision_at_3_diff1": 0.704239,
        "nauc_precision_at_5_max": 0.599365,
        "nauc_precision_at_5_std": -0.095156,
        "nauc_precision_at_5_diff1": 0.687356,
        "nauc_precision_at_10_max": 0.702057,
        "nauc_precision_at_10_std": 0.024758,
        "nauc_precision_at_10_diff1": 0.699074,
        "nauc_precision_at_20_max": 0.731839,
        "nauc_precision_at_20_std": 0.090782,
        "nauc_precision_at_20_diff1": 0.660392,
        "nauc_precision_at_100_max": 0.826541,
        "nauc_precision_at_100_std": 0.121464,
        "nauc_precision_at_100_diff1": 0.746942,
        "nauc_precision_at_1000_max": 0.686897,
        "nauc_precision_at_1000_std": 0.490896,
        "nauc_precision_at_1000_diff1": 0.720355,
        "nauc_mrr_at_1_max": 0.409308,
        "nauc_mrr_at_1_std": -0.197281,
        "nauc_mrr_at_1_diff1": 0.769752,
        "nauc_mrr_at_3_max": 0.45216,
        "nauc_mrr_at_3_std": -0.18342,
        "nauc_mrr_at_3_diff1": 0.749515,
        "nauc_mrr_at_5_max": 0.450427,
        "nauc_mrr_at_5_std": -0.180981,
        "nauc_mrr_at_5_diff1": 0.749701,
        "nauc_mrr_at_10_max": 0.451152,
        "nauc_mrr_at_10_std": -0.178502,
        "nauc_mrr_at_10_diff1": 0.751805,
        "nauc_mrr_at_20_max": 0.449601,
        "nauc_mrr_at_20_std": -0.179304,
        "nauc_mrr_at_20_diff1": 0.75172,
        "nauc_mrr_at_100_max": 0.448764,
        "nauc_mrr_at_100_std": -0.180217,
        "nauc_mrr_at_100_diff1": 0.752124,
        "nauc_mrr_at_1000_max": 0.448694,
        "nauc_mrr_at_1000_std": -0.180224,
        "nauc_mrr_at_1000_diff1": 0.752129,
        "hit_rate_at_1": 0.7494,
        "hit_rate_at_3": 0.8942,
        "hit_rate_at_5": 0.928,
        "hit_rate_at_10": 0.9568,
        "hit_rate_at_20": 0.9736,
        "hit_rate_at_100": 0.992,
        "hit_rate_at_1000": 0.9988,
        "main_score": 0.85852,
        "hf_subset": "default",
        "languages": [
          "eng-Latn"
        ]
      }
    ]
  },
  "evaluation_time": 460.4642388820648,
  "kg_co2_emissions": null,
  "date": 1776410909.214069
}