{
  "dataset_revision": "5377aa18f309ec440ff6325a4c2cd3362c2cb8d7",
  "task_name": "ChemRxivRetrieval",
  "mteb_version": "2.12.16",
  "scores": {
    "test": [
      {
        "ndcg_at_1": 0.7508,
        "ndcg_at_3": 0.8361,
        "ndcg_at_5": 0.84998,
        "ndcg_at_10": 0.85931,
        "ndcg_at_20": 0.86365,
        "ndcg_at_100": 0.86715,
        "ndcg_at_1000": 0.86798,
        "map_at_1": 0.7508,
        "map_at_3": 0.81573,
        "map_at_5": 0.82345,
        "map_at_10": 0.82743,
        "map_at_20": 0.82865,
        "map_at_100": 0.82916,
        "map_at_1000": 0.82919,
        "recall_at_1": 0.7508,
        "recall_at_3": 0.8948,
        "recall_at_5": 0.9284,
        "recall_at_10": 0.9566,
        "recall_at_20": 0.9736,
        "recall_at_100": 0.992,
        "recall_at_1000": 0.9986,
        "accuracy": 0.7508,
        "precision_at_1": 0.7508,
        "precision_at_3": 0.29827,
        "precision_at_5": 0.18568,
        "precision_at_10": 0.09566,
        "precision_at_20": 0.04868,
        "precision_at_100": 0.00992,
        "precision_at_1000": 0.001,
        "mrr_at_1": 0.7508,
        "mrr_at_3": 0.815633,
        "mrr_at_5": 0.823453,
        "mrr_at_10": 0.827428,
        "mrr_at_20": 0.828645,
        "mrr_at_100": 0.829159,
        "mrr_at_1000": 0.829188,
        "nauc_ndcg_at_1_max": 0.402481,
        "nauc_ndcg_at_1_std": -0.203811,
        "nauc_ndcg_at_1_diff1": 0.770626,
        "nauc_ndcg_at_3_max": 0.466366,
        "nauc_ndcg_at_3_std": -0.181456,
        "nauc_ndcg_at_3_diff1": 0.742785,
        "nauc_ndcg_at_5_max": 0.465108,
        "nauc_ndcg_at_5_std": -0.176623,
        "nauc_ndcg_at_5_diff1": 0.742292,
        "nauc_ndcg_at_10_max": 0.468016,
        "nauc_ndcg_at_10_std": -0.167754,
        "nauc_ndcg_at_10_diff1": 0.74835,
        "nauc_ndcg_at_20_max": 0.461386,
        "nauc_ndcg_at_20_std": -0.170664,
        "nauc_ndcg_at_20_diff1": 0.747237,
        "nauc_ndcg_at_100_max": 0.454729,
        "nauc_ndcg_at_100_std": -0.177916,
        "nauc_ndcg_at_100_diff1": 0.750769,
        "nauc_ndcg_at_1000_max": 0.452208,
        "nauc_ndcg_at_1000_std": -0.179095,
        "nauc_ndcg_at_1000_diff1": 0.750753,
        "nauc_map_at_1_max": 0.402481,
        "nauc_map_at_1_std": -0.203811,
        "nauc_map_at_1_diff1": 0.770626,
        "nauc_map_at_3_max": 0.446808,
        "nauc_map_at_3_std": -0.188926,
        "nauc_map_at_3_diff1": 0.750563,
        "nauc_map_at_5_max": 0.44524,
        "nauc_map_at_5_std": -0.187052,
        "nauc_map_at_5_diff1": 0.750702,
        "nauc_map_at_10_max": 0.445981,
        "nauc_map_at_10_std": -0.184213,
        "nauc_map_at_10_diff1": 0.753008,
        "nauc_map_at_20_max": 0.444309,
        "nauc_map_at_20_std": -0.185078,
        "nauc_map_at_20_diff1": 0.752757,
        "nauc_map_at_100_max": 0.443451,
        "nauc_map_at_100_std": -0.186014,
        "nauc_map_at_100_diff1": 0.753187,
        "nauc_map_at_1000_max": 0.443383,
        "nauc_map_at_1000_std": -0.186021,
        "nauc_map_at_1000_diff1": 0.753189,
        "nauc_recall_at_1_max": 0.402481,
        "nauc_recall_at_1_std": -0.203811,
        "nauc_recall_at_1_diff1": 0.770626,
        "nauc_recall_at_3_max": 0.557535,
        "nauc_recall_at_3_std": -0.146198,
        "nauc_recall_at_3_diff1": 0.707043,
        "nauc_recall_at_5_max": 0.594038,
        "nauc_recall_at_5_std": -0.106388,
        "nauc_recall_at_5_diff1": 0.688175,
        "nauc_recall_at_10_max": 0.699848,
        "nauc_recall_at_10_std": 0.019576,
        "nauc_recall_at_10_diff1": 0.708328,
        "nauc_recall_at_20_max": 0.72648,
        "nauc_recall_at_20_std": 0.090198,
        "nauc_recall_at_20_diff1": 0.663515,
        "nauc_recall_at_100_max": 0.81306,
        "nauc_recall_at_100_std": 0.121464,
        "nauc_recall_at_100_diff1": 0.753478,
        "nauc_recall_at_1000_max": 0.731626,
        "nauc_recall_at_1000_std": 0.563625,
        "nauc_recall_at_1000_diff1": 0.739296,
        "nauc_precision_at_1_max": 0.402481,
        "nauc_precision_at_1_std": -0.203811,
        "nauc_precision_at_1_diff1": 0.770626,
        "nauc_precision_at_3_max": 0.557535,
        "nauc_precision_at_3_std": -0.146198,
        "nauc_precision_at_3_diff1": 0.707043,
        "nauc_precision_at_5_max": 0.594038,
        "nauc_precision_at_5_std": -0.106388,
        "nauc_precision_at_5_diff1": 0.688175,
        "nauc_precision_at_10_max": 0.699848,
        "nauc_precision_at_10_std": 0.019576,
        "nauc_precision_at_10_diff1": 0.708328,
        "nauc_precision_at_20_max": 0.72648,
        "nauc_precision_at_20_std": 0.090198,
        "nauc_precision_at_20_diff1": 0.663515,
        "nauc_precision_at_100_max": 0.81306,
        "nauc_precision_at_100_std": 0.121464,
        "nauc_precision_at_100_diff1": 0.753478,
        "nauc_precision_at_1000_max": 0.731626,
        "nauc_precision_at_1000_std": 0.563625,
        "nauc_precision_at_1000_diff1": 0.739296,
        "nauc_mrr_at_1_max": 0.402481,
        "nauc_mrr_at_1_std": -0.203811,
        "nauc_mrr_at_1_diff1": 0.770626,
        "nauc_mrr_at_3_max": 0.447439,
        "nauc_mrr_at_3_std": -0.188954,
        "nauc_mrr_at_3_diff1": 0.750793,
        "nauc_mrr_at_5_max": 0.445492,
        "nauc_mrr_at_5_std": -0.186816,
        "nauc_mrr_at_5_diff1": 0.750729,
        "nauc_mrr_at_10_max": 0.446238,
        "nauc_mrr_at_10_std": -0.183971,
        "nauc_mrr_at_10_diff1": 0.753036,
        "nauc_mrr_at_20_max": 0.444568,
        "nauc_mrr_at_20_std": -0.184835,
        "nauc_mrr_at_20_diff1": 0.752785,
        "nauc_mrr_at_100_max": 0.443711,
        "nauc_mrr_at_100_std": -0.18577,
        "nauc_mrr_at_100_diff1": 0.753215,
        "nauc_mrr_at_1000_max": 0.443644,
        "nauc_mrr_at_1000_std": -0.185776,
        "nauc_mrr_at_1000_diff1": 0.753217,
        "hit_rate_at_1": 0.7508,
        "hit_rate_at_3": 0.8948,
        "hit_rate_at_5": 0.9284,
        "hit_rate_at_10": 0.9566,
        "hit_rate_at_20": 0.9736,
        "hit_rate_at_100": 0.992,
        "hit_rate_at_1000": 0.9986,
        "main_score": 0.85931,
        "hf_subset": "default",
        "languages": [
          "eng-Latn"
        ]
      }
    ]
  },
  "evaluation_time": 515.8642730712891,
  "kg_co2_emissions": null,
  "date": 1776144123.341067
}