{
  "dataset_revision": "1840e8a5ac6ec752bbdd97d543ead0189bc7c25b",
  "task_name": "ChemHotpotQARetrieval",
  "mteb_version": "2.12.20",
  "scores": {
    "train": [
      {
        "ndcg_at_1": 0.81111,
        "ndcg_at_3": 0.85784,
        "ndcg_at_5": 0.8741,
        "ndcg_at_10": 0.88117,
        "ndcg_at_20": 0.88423,
        "ndcg_at_100": 0.88729,
        "ndcg_at_1000": 0.88876,
        "map_at_1": 0.79167,
        "map_at_3": 0.84352,
        "map_at_5": 0.85269,
        "map_at_10": 0.85554,
        "map_at_20": 0.85651,
        "map_at_100": 0.85719,
        "map_at_1000": 0.85725,
        "recall_at_1": 0.79167,
        "recall_at_3": 0.89167,
        "recall_at_5": 0.93056,
        "recall_at_10": 0.95278,
        "recall_at_20": 0.96389,
        "recall_at_100": 0.97778,
        "recall_at_1000": 0.98889,
        "accuracy": 0.79167,
        "precision_at_1": 0.81111,
        "precision_at_3": 0.30741,
        "precision_at_5": 0.19222,
        "precision_at_10": 0.09833,
        "precision_at_20": 0.04972,
        "precision_at_100": 0.01017,
        "precision_at_1000": 0.00103,
        "mrr_at_1": 0.811111,
        "mrr_at_3": 0.851852,
        "mrr_at_5": 0.861019,
        "mrr_at_10": 0.863873,
        "mrr_at_20": 0.864841,
        "mrr_at_100": 0.864988,
        "mrr_at_1000": 0.86505,
        "nauc_ndcg_at_1_max": 0.648812,
        "nauc_ndcg_at_1_std": -0.17683,
        "nauc_ndcg_at_1_diff1": 0.911994,
        "nauc_ndcg_at_3_max": 0.535405,
        "nauc_ndcg_at_3_std": -0.295796,
        "nauc_ndcg_at_3_diff1": 0.784152,
        "nauc_ndcg_at_5_max": 0.488771,
        "nauc_ndcg_at_5_std": -0.368405,
        "nauc_ndcg_at_5_diff1": 0.779759,
        "nauc_ndcg_at_10_max": 0.497702,
        "nauc_ndcg_at_10_std": -0.328951,
        "nauc_ndcg_at_10_diff1": 0.776752,
        "nauc_ndcg_at_20_max": 0.489464,
        "nauc_ndcg_at_20_std": -0.319939,
        "nauc_ndcg_at_20_diff1": 0.772342,
        "nauc_ndcg_at_100_max": 0.514607,
        "nauc_ndcg_at_100_std": -0.286415,
        "nauc_ndcg_at_100_diff1": 0.801528,
        "nauc_ndcg_at_1000_max": 0.511735,
        "nauc_ndcg_at_1000_std": -0.282539,
        "nauc_ndcg_at_1000_diff1": 0.801555,
        "nauc_map_at_1_max": 0.536587,
        "nauc_map_at_1_std": -0.248605,
        "nauc_map_at_1_diff1": 0.846357,
        "nauc_map_at_3_max": 0.532876,
        "nauc_map_at_3_std": -0.286796,
        "nauc_map_at_3_diff1": 0.780407,
        "nauc_map_at_5_max": 0.510319,
        "nauc_map_at_5_std": -0.321221,
        "nauc_map_at_5_diff1": 0.777761,
        "nauc_map_at_10_max": 0.513809,
        "nauc_map_at_10_std": -0.305754,
        "nauc_map_at_10_diff1": 0.776565,
        "nauc_map_at_20_max": 0.511821,
        "nauc_map_at_20_std": -0.303368,
        "nauc_map_at_20_diff1": 0.775417,
        "nauc_map_at_100_max": 0.516635,
        "nauc_map_at_100_std": -0.297953,
        "nauc_map_at_100_diff1": 0.78101,
        "nauc_map_at_1000_max": 0.516525,
        "nauc_map_at_1000_std": -0.297829,
        "nauc_map_at_1000_diff1": 0.780994,
        "nauc_recall_at_1_max": 0.536587,
        "nauc_recall_at_1_std": -0.248605,
        "nauc_recall_at_1_diff1": 0.846357,
        "nauc_recall_at_3_max": 0.443191,
        "nauc_recall_at_3_std": -0.406576,
        "nauc_recall_at_3_diff1": 0.682423,
        "nauc_recall_at_5_max": 0.189785,
        "nauc_recall_at_5_std": -0.764276,
        "nauc_recall_at_5_diff1": 0.598824,
        "nauc_recall_at_10_max": 0.115203,
        "nauc_recall_at_10_std": -0.674219,
        "nauc_recall_at_10_diff1": 0.493244,
        "nauc_recall_at_20_max": -0.094197,
        "nauc_recall_at_20_std": -0.678123,
        "nauc_recall_at_20_diff1": 0.35743,
        "nauc_recall_at_100_max": 0.098623,
        "nauc_recall_at_100_std": -0.161531,
        "nauc_recall_at_100_diff1": 0.753735,
        "nauc_recall_at_1000_max": -0.514472,
        "nauc_recall_at_1000_std": 0.24043,
        "nauc_recall_at_1000_diff1": 0.711718,
        "nauc_precision_at_1_max": 0.648812,
        "nauc_precision_at_1_std": -0.17683,
        "nauc_precision_at_1_diff1": 0.911994,
        "nauc_precision_at_3_max": 0.452155,
        "nauc_precision_at_3_std": -0.158649,
        "nauc_precision_at_3_diff1": 0.451668,
        "nauc_precision_at_5_max": 0.284117,
        "nauc_precision_at_5_std": -0.315415,
        "nauc_precision_at_5_diff1": 0.310996,
        "nauc_precision_at_10_max": 0.265735,
        "nauc_precision_at_10_std": -0.131964,
        "nauc_precision_at_10_diff1": 0.164237,
        "nauc_precision_at_20_max": 0.177102,
        "nauc_precision_at_20_std": -0.043407,
        "nauc_precision_at_20_diff1": 0.035405,
        "nauc_precision_at_100_max": 0.28961,
        "nauc_precision_at_100_std": 0.32536,
        "nauc_precision_at_100_diff1": 0.165392,
        "nauc_precision_at_1000_max": 0.230073,
        "nauc_precision_at_1000_std": 0.450729,
        "nauc_precision_at_1000_diff1": 0.076482,
        "nauc_mrr_at_1_max": 0.648812,
        "nauc_mrr_at_1_std": -0.17683,
        "nauc_mrr_at_1_diff1": 0.911994,
        "nauc_mrr_at_3_max": 0.619686,
        "nauc_mrr_at_3_std": -0.221438,
        "nauc_mrr_at_3_diff1": 0.879144,
        "nauc_mrr_at_5_max": 0.601963,
        "nauc_mrr_at_5_std": -0.253121,
        "nauc_mrr_at_5_diff1": 0.883183,
        "nauc_mrr_at_10_max": 0.607653,
        "nauc_mrr_at_10_std": -0.235342,
        "nauc_mrr_at_10_diff1": 0.884242,
        "nauc_mrr_at_20_max": 0.606264,
        "nauc_mrr_at_20_std": -0.232301,
        "nauc_mrr_at_20_diff1": 0.883842,
        "nauc_mrr_at_100_max": 0.606323,
        "nauc_mrr_at_100_std": -0.230588,
        "nauc_mrr_at_100_diff1": 0.883858,
        "nauc_mrr_at_1000_max": 0.606251,
        "nauc_mrr_at_1000_std": -0.230426,
        "nauc_mrr_at_1000_diff1": 0.883892,
        "hit_rate_at_1": 0.81111,
        "hit_rate_at_3": 0.9,
        "hit_rate_at_5": 0.93889,
        "hit_rate_at_10": 0.96111,
        "hit_rate_at_20": 0.97222,
        "hit_rate_at_100": 0.97778,
        "hit_rate_at_1000": 0.98889,
        "main_score": 0.88117,
        "hf_subset": "default",
        "languages": [
          "eng-Latn"
        ]
      }
    ],
    "dev": [
      {
        "ndcg_at_1": 0.875,
        "ndcg_at_3": 0.875,
        "ndcg_at_5": 0.875,
        "ndcg_at_10": 0.875,
        "ndcg_at_20": 0.875,
        "ndcg_at_100": 0.89625,
        "ndcg_at_1000": 0.89625,
        "map_at_1": 0.875,
        "map_at_3": 0.875,
        "map_at_5": 0.875,
        "map_at_10": 0.875,
        "map_at_20": 0.875,
        "map_at_100": 0.87716,
        "map_at_1000": 0.87716,
        "recall_at_1": 0.875,
        "recall_at_3": 0.875,
        "recall_at_5": 0.875,
        "recall_at_10": 0.875,
        "recall_at_20": 0.875,
        "recall_at_100": 1.0,
        "recall_at_1000": 1.0,
        "accuracy": 0.875,
        "precision_at_1": 0.875,
        "precision_at_3": 0.29167,
        "precision_at_5": 0.175,
        "precision_at_10": 0.0875,
        "precision_at_20": 0.04375,
        "precision_at_100": 0.01,
        "precision_at_1000": 0.001,
        "mrr_at_1": 0.875,
        "mrr_at_3": 0.875,
        "mrr_at_5": 0.875,
        "mrr_at_10": 0.875,
        "mrr_at_20": 0.875,
        "mrr_at_100": 0.877155,
        "mrr_at_1000": 0.877155,
        "nauc_ndcg_at_1_max": 0.865546,
        "nauc_ndcg_at_1_std": 0.865546,
        "nauc_ndcg_at_1_diff1": 0.363585,
        "nauc_ndcg_at_3_max": 0.865546,
        "nauc_ndcg_at_3_std": 0.865546,
        "nauc_ndcg_at_3_diff1": 0.363585,
        "nauc_ndcg_at_5_max": 0.865546,
        "nauc_ndcg_at_5_std": 0.865546,
        "nauc_ndcg_at_5_diff1": 0.363585,
        "nauc_ndcg_at_10_max": 0.865546,
        "nauc_ndcg_at_10_std": 0.865546,
        "nauc_ndcg_at_10_diff1": 0.363585,
        "nauc_ndcg_at_20_max": 0.865546,
        "nauc_ndcg_at_20_std": 0.865546,
        "nauc_ndcg_at_20_diff1": 0.363585,
        "nauc_ndcg_at_100_max": 0.865546,