{
  "dataset_revision": "5377aa18f309ec440ff6325a4c2cd3362c2cb8d7",
  "task_name": "ChemRxivRetrieval",
  "mteb_version": "2.12.15",
  "scores": {
    "test": [
      {
        "ndcg_at_1": 0.7864,
        "ndcg_at_3": 0.86494,
        "ndcg_at_5": 0.87536,
        "ndcg_at_10": 0.88317,
        "ndcg_at_20": 0.88639,
        "ndcg_at_100": 0.88929,
        "ndcg_at_1000": 0.88985,
        "map_at_1": 0.7864,
        "map_at_3": 0.84637,
        "map_at_5": 0.85217,
        "map_at_10": 0.85542,
        "map_at_20": 0.85632,
        "map_at_100": 0.85677,
        "map_at_1000": 0.85679,
        "recall_at_1": 0.7864,
        "recall_at_3": 0.9184,
        "recall_at_5": 0.9436,
        "recall_at_10": 0.9676,
        "recall_at_20": 0.9802,
        "recall_at_100": 0.9952,
        "recall_at_1000": 0.9996,
        "accuracy": 0.7864,
        "precision_at_1": 0.7864,
        "precision_at_3": 0.30613,
        "precision_at_5": 0.18872,
        "precision_at_10": 0.09676,
        "precision_at_20": 0.04901,
        "precision_at_100": 0.00995,
        "precision_at_1000": 0.001,
        "mrr_at_1": 0.7866,
        "mrr_at_3": 0.8464,
        "mrr_at_5": 0.85225,
        "mrr_at_10": 0.855507,
        "mrr_at_20": 0.85641,
        "mrr_at_100": 0.856853,
        "mrr_at_1000": 0.856875,
        "nauc_ndcg_at_1_max": 0.449098,
        "nauc_ndcg_at_1_std": -0.245361,
        "nauc_ndcg_at_1_diff1": 0.798385,
        "nauc_ndcg_at_3_max": 0.505718,
        "nauc_ndcg_at_3_std": -0.243253,
        "nauc_ndcg_at_3_diff1": 0.779872,
        "nauc_ndcg_at_5_max": 0.503875,
        "nauc_ndcg_at_5_std": -0.247041,
        "nauc_ndcg_at_5_diff1": 0.78316,
        "nauc_ndcg_at_10_max": 0.50597,
        "nauc_ndcg_at_10_std": -0.235742,
        "nauc_ndcg_at_10_diff1": 0.786865,
        "nauc_ndcg_at_20_max": 0.498285,
        "nauc_ndcg_at_20_std": -0.238568,
        "nauc_ndcg_at_20_diff1": 0.78614,
        "nauc_ndcg_at_100_max": 0.49227,
        "nauc_ndcg_at_100_std": -0.240617,
        "nauc_ndcg_at_100_diff1": 0.786335,
        "nauc_ndcg_at_1000_max": 0.490944,
        "nauc_ndcg_at_1000_std": -0.241656,
        "nauc_ndcg_at_1000_diff1": 0.786539,
        "nauc_map_at_1_max": 0.449098,
        "nauc_map_at_1_std": -0.245361,
        "nauc_map_at_1_diff1": 0.798385,
        "nauc_map_at_3_max": 0.487304,
        "nauc_map_at_3_std": -0.246124,
        "nauc_map_at_3_diff1": 0.784764,
        "nauc_map_at_5_max": 0.48562,
        "nauc_map_at_5_std": -0.247965,
        "nauc_map_at_5_diff1": 0.786477,
        "nauc_map_at_10_max": 0.486271,
        "nauc_map_at_10_std": -0.24381,
        "nauc_map_at_10_diff1": 0.787816,
        "nauc_map_at_20_max": 0.484444,
        "nauc_map_at_20_std": -0.244474,
        "nauc_map_at_20_diff1": 0.78766,
        "nauc_map_at_100_max": 0.483716,
        "nauc_map_at_100_std": -0.244635,
        "nauc_map_at_100_diff1": 0.787668,
        "nauc_map_at_1000_max": 0.483681,
        "nauc_map_at_1000_std": -0.244657,
        "nauc_map_at_1000_diff1": 0.787673,
        "nauc_recall_at_1_max": 0.449098,
        "nauc_recall_at_1_std": -0.245361,
        "nauc_recall_at_1_diff1": 0.798385,
        "nauc_recall_at_3_max": 0.59993,
        "nauc_recall_at_3_std": -0.226947,
        "nauc_recall_at_3_diff1": 0.755675,
        "nauc_recall_at_5_max": 0.633128,
        "nauc_recall_at_5_std": -0.239584,
        "nauc_recall_at_5_diff1": 0.762009,
        "nauc_recall_at_10_max": 0.742424,
        "nauc_recall_at_10_std": -0.123561,
        "nauc_recall_at_10_diff1": 0.784838,
        "nauc_recall_at_20_max": 0.729503,
        "nauc_recall_at_20_std": -0.113134,
        "nauc_recall_at_20_diff1": 0.768295,
        "nauc_recall_at_100_max": 0.758637,
        "nauc_recall_at_100_std": 0.013422,
        "nauc_recall_at_100_diff1": 0.741013,
        "nauc_recall_at_1000_max": 0.934641,
        "nauc_recall_at_1000_std": 0.561391,
        "nauc_recall_at_1000_diff1": 0.679038,
        "nauc_precision_at_1_max": 0.449098,
        "nauc_precision_at_1_std": -0.245361,
        "nauc_precision_at_1_diff1": 0.798385,
        "nauc_precision_at_3_max": 0.59993,
        "nauc_precision_at_3_std": -0.226947,
        "nauc_precision_at_3_diff1": 0.755675,
        "nauc_precision_at_5_max": 0.633128,
        "nauc_precision_at_5_std": -0.239584,
        "nauc_precision_at_5_diff1": 0.762009,
        "nauc_precision_at_10_max": 0.742424,
        "nauc_precision_at_10_std": -0.123561,
        "nauc_precision_at_10_diff1": 0.784838,
        "nauc_precision_at_20_max": 0.729503,
        "nauc_precision_at_20_std": -0.113134,
        "nauc_precision_at_20_diff1": 0.768295,
        "nauc_precision_at_100_max": 0.758637,
        "nauc_precision_at_100_std": 0.013422,
        "nauc_precision_at_100_diff1": 0.741013,
        "nauc_precision_at_1000_max": 0.934641,
        "nauc_precision_at_1000_std": 0.561391,
        "nauc_precision_at_1000_diff1": 0.679038,
        "nauc_mrr_at_1_max": 0.449602,
        "nauc_mrr_at_1_std": -0.245367,
        "nauc_mrr_at_1_diff1": 0.797954,
        "nauc_mrr_at_3_max": 0.487606,
        "nauc_mrr_at_3_std": -0.24558,
        "nauc_mrr_at_3_diff1": 0.784564,
        "nauc_mrr_at_5_max": 0.485981,
        "nauc_mrr_at_5_std": -0.247828,
        "nauc_mrr_at_5_diff1": 0.786192,
        "nauc_mrr_at_10_max": 0.48664,
        "nauc_mrr_at_10_std": -0.243667,
        "nauc_mrr_at_10_diff1": 0.787525,
        "nauc_mrr_at_20_max": 0.484808,
        "nauc_mrr_at_20_std": -0.244332,
        "nauc_mrr_at_20_diff1": 0.787364,
        "nauc_mrr_at_100_max": 0.484082,
        "nauc_mrr_at_100_std": -0.244492,
        "nauc_mrr_at_100_diff1": 0.787371,
        "nauc_mrr_at_1000_max": 0.484046,
        "nauc_mrr_at_1000_std": -0.244514,
        "nauc_mrr_at_1000_diff1": 0.787376,
        "hit_rate_at_1": 0.7864,
        "hit_rate_at_3": 0.9184,
        "hit_rate_at_5": 0.9436,
        "hit_rate_at_10": 0.9676,
        "hit_rate_at_20": 0.9802,
        "hit_rate_at_100": 0.9952,
        "hit_rate_at_1000": 0.9996,
        "main_score": 0.88317,
        "hf_subset": "default",
        "languages": [
          "eng-Latn"
        ]
      }
    ]
  },
  "evaluation_time": 600.077038526535,
  "kg_co2_emissions": null,
  "date": 1775515336.2211
}