{
  "dataset_revision": "5d958fb6b31055495347724d46431ba41309b03a",
  "task_name": "ChemNQRetrieval",
  "mteb_version": "2.12.15",
  "scores": {
    "test": [
      {
        "ndcg_at_1": 0.44444,
        "ndcg_at_3": 0.538,
        "ndcg_at_5": 0.56273,
        "ndcg_at_10": 0.58101,
        "ndcg_at_20": 0.62551,
        "ndcg_at_100": 0.63927,
        "ndcg_at_1000": 0.64316,
        "map_at_1": 0.34568,
        "map_at_3": 0.48765,
        "map_at_5": 0.50432,
        "map_at_10": 0.51067,
        "map_at_20": 0.52515,
        "map_at_100": 0.52779,
        "map_at_1000": 0.52785,
        "recall_at_1": 0.34568,
        "recall_at_3": 0.62346,
        "recall_at_5": 0.67901,
        "recall_at_10": 0.73457,
        "recall_at_20": 0.90123,
        "recall_at_100": 0.96296,
        "recall_at_1000": 1.0,
        "accuracy": 0.34568,
        "precision_at_1": 0.44444,
        "precision_at_3": 0.25926,
        "precision_at_5": 0.17037,
        "precision_at_10": 0.09259,
        "precision_at_20": 0.05741,
        "precision_at_100": 0.01259,
        "precision_at_1000": 0.0013,
        "mrr_at_1": 0.444444,
        "mrr_at_3": 0.555556,
        "mrr_at_5": 0.564815,
        "mrr_at_10": 0.57381,
        "mrr_at_20": 0.581314,
        "mrr_at_100": 0.582404,
        "mrr_at_1000": 0.582454,
        "nauc_ndcg_at_1_max": 0.072945,
        "nauc_ndcg_at_1_std": -0.095962,
        "nauc_ndcg_at_1_diff1": 0.45663,
        "nauc_ndcg_at_3_max": 0.123322,
        "nauc_ndcg_at_3_std": -0.112758,
        "nauc_ndcg_at_3_diff1": 0.308827,
        "nauc_ndcg_at_5_max": 0.176359,
        "nauc_ndcg_at_5_std": -0.035317,
        "nauc_ndcg_at_5_diff1": 0.240749,
        "nauc_ndcg_at_10_max": 0.193596,
        "nauc_ndcg_at_10_std": -0.017485,
        "nauc_ndcg_at_10_diff1": 0.280857,
        "nauc_ndcg_at_20_max": 0.198042,
        "nauc_ndcg_at_20_std": -0.030853,
        "nauc_ndcg_at_20_diff1": 0.296749,
        "nauc_ndcg_at_100_max": 0.185703,
        "nauc_ndcg_at_100_std": -0.044153,
        "nauc_ndcg_at_100_diff1": 0.342156,
        "nauc_ndcg_at_1000_max": 0.186905,
        "nauc_ndcg_at_1000_std": -0.035391,
        "nauc_ndcg_at_1000_diff1": 0.335837,
        "nauc_map_at_1_max": -0.026766,
        "nauc_map_at_1_std": -0.082593,
        "nauc_map_at_1_diff1": 0.324243,
        "nauc_map_at_3_max": 0.092787,
        "nauc_map_at_3_std": -0.124556,
        "nauc_map_at_3_diff1": 0.326338,
        "nauc_map_at_5_max": 0.130111,
        "nauc_map_at_5_std": -0.078977,
        "nauc_map_at_5_diff1": 0.283641,
        "nauc_map_at_10_max": 0.134996,
        "nauc_map_at_10_std": -0.073879,
        "nauc_map_at_10_diff1": 0.297016,
        "nauc_map_at_20_max": 0.145577,
        "nauc_map_at_20_std": -0.069152,
        "nauc_map_at_20_diff1": 0.306507,
        "nauc_map_at_100_max": 0.143306,
        "nauc_map_at_100_std": -0.070725,
        "nauc_map_at_100_diff1": 0.3136,
        "nauc_map_at_1000_max": 0.143312,
        "nauc_map_at_1000_std": -0.070638,
        "nauc_map_at_1000_diff1": 0.313529,
        "nauc_recall_at_1_max": -0.026766,
        "nauc_recall_at_1_std": -0.082593,
        "nauc_recall_at_1_diff1": 0.324243,
        "nauc_recall_at_3_max": 0.115379,
        "nauc_recall_at_3_std": -0.143988,
        "nauc_recall_at_3_diff1": 0.168249,
        "nauc_recall_at_5_max": 0.235978,
        "nauc_recall_at_5_std": 0.047201,
        "nauc_recall_at_5_diff1": -0.021082,
        "nauc_recall_at_10_max": 0.252855,
        "nauc_recall_at_10_std": 0.078182,
        "nauc_recall_at_10_diff1": 0.054438,
        "nauc_recall_at_20_max": 0.265921,
        "nauc_recall_at_20_std": -0.050095,
        "nauc_recall_at_20_diff1": -0.086666,
        "nauc_recall_at_100_max": 0.113206,
        "nauc_recall_at_100_std": -0.572623,
        "nauc_recall_at_100_diff1": 0.723262,
        "nauc_recall_at_1000_max": NaN,
        "nauc_recall_at_1000_std": NaN,
        "nauc_recall_at_1000_diff1": NaN,
        "nauc_precision_at_1_max": 0.072945,
        "nauc_precision_at_1_std": -0.095962,
        "nauc_precision_at_1_diff1": 0.45663,
        "nauc_precision_at_3_max": 0.288606,
        "nauc_precision_at_3_std": -0.168465,
        "nauc_precision_at_3_diff1": 0.287426,
        "nauc_precision_at_5_max": 0.384344,
        "nauc_precision_at_5_std": 0.002801,
        "nauc_precision_at_5_diff1": 0.086311,
        "nauc_precision_at_10_max": 0.514358,
        "nauc_precision_at_10_std": 0.105153,
        "nauc_precision_at_10_diff1": 0.208913,
        "nauc_precision_at_20_max": 0.569931,
        "nauc_precision_at_20_std": 0.168625,
        "nauc_precision_at_20_diff1": 0.243766,
        "nauc_precision_at_100_max": 0.41188,
        "nauc_precision_at_100_std": 0.131629,
        "nauc_precision_at_100_diff1": 0.365269,
        "nauc_precision_at_1000_max": 0.440297,
        "nauc_precision_at_1000_std": 0.198634,
        "nauc_precision_at_1000_diff1": 0.331208,
        "nauc_mrr_at_1_max": 0.072945,
        "nauc_mrr_at_1_std": -0.095962,
        "nauc_mrr_at_1_diff1": 0.45663,
        "nauc_mrr_at_3_max": 0.169183,
        "nauc_mrr_at_3_std": -0.050978,
        "nauc_mrr_at_3_diff1": 0.396028,
        "nauc_mrr_at_5_max": 0.178019,
        "nauc_mrr_at_5_std": -0.016247,
        "nauc_mrr_at_5_diff1": 0.374865,
        "nauc_mrr_at_10_max": 0.199762,
        "nauc_mrr_at_10_std": 0.004714,
        "nauc_mrr_at_10_diff1": 0.402378,
        "nauc_mrr_at_20_max": 0.184626,
        "nauc_mrr_at_20_std": -0.011512,
        "nauc_mrr_at_20_diff1": 0.396336,
        "nauc_mrr_at_100_max": 0.183993,
        "nauc_mrr_at_100_std": -0.013588,
        "nauc_mrr_at_100_diff1": 0.39988,
        "nauc_mrr_at_1000_max": 0.184005,
        "nauc_mrr_at_1000_std": -0.013493,
        "nauc_mrr_at_1000_diff1": 0.399825,
        "hit_rate_at_1": 0.44444,
        "hit_rate_at_3": 0.7037,
        "hit_rate_at_5": 0.74074,
        "hit_rate_at_10": 0.81481,
        "hit_rate_at_20": 0.92593,
        "hit_rate_at_100": 0.96296,
        "hit_rate_at_1000": 1.0,
        "main_score": 0.58101,
        "hf_subset": "default",
        "languages": [
          "eng-Latn"
        ]
      }
    ]
  },
  "evaluation_time": 80.59048891067505,
  "kg_co2_emissions": null,
  "date": 1775567039.783534
}