{
  "dataset_revision": "1840e8a5ac6ec752bbdd97d543ead0189bc7c25b",
  "task_name": "ChemHotpotQARetrieval",
  "mteb_version": "2.12.15",
  "scores": {
    "train": [
      {
        "ndcg_at_1": 0.85,
        "ndcg_at_3": 0.88757,
        "ndcg_at_5": 0.89621,
        "ndcg_at_10": 0.90532,
        "ndcg_at_20": 0.90704,
        "ndcg_at_100": 0.90935,
        "ndcg_at_1000": 0.91175,
        "map_at_1": 0.83056,
        "map_at_3": 0.87407,
        "map_at_5": 0.87963,
        "map_at_10": 0.88345,
        "map_at_20": 0.88422,
        "map_at_100": 0.88463,
        "map_at_1000": 0.88472,
        "recall_at_1": 0.83056,
        "recall_at_3": 0.91667,
        "recall_at_5": 0.93611,
        "recall_at_10": 0.96389,
        "recall_at_20": 0.96944,
        "recall_at_100": 0.98056,
        "recall_at_1000": 1.0,
        "accuracy": 0.83056,
        "precision_at_1": 0.85,
        "precision_at_3": 0.31481,
        "precision_at_5": 0.19333,
        "precision_at_10": 0.09944,
        "precision_at_20": 0.05028,
        "precision_at_100": 0.01017,
        "precision_at_1000": 0.00104,
        "mrr_at_1": 0.85,
        "mrr_at_3": 0.885185,
        "mrr_at_5": 0.889352,
        "mrr_at_10": 0.893177,
        "mrr_at_20": 0.893177,
        "mrr_at_100": 0.893588,
        "mrr_at_1000": 0.893629,
        "nauc_ndcg_at_1_max": 0.686625,
        "nauc_ndcg_at_1_std": -0.205084,
        "nauc_ndcg_at_1_diff1": 0.887913,
        "nauc_ndcg_at_3_max": 0.515101,
        "nauc_ndcg_at_3_std": -0.298441,
        "nauc_ndcg_at_3_diff1": 0.73374,
        "nauc_ndcg_at_5_max": 0.490792,
        "nauc_ndcg_at_5_std": -0.378987,
        "nauc_ndcg_at_5_diff1": 0.732572,
        "nauc_ndcg_at_10_max": 0.471521,
        "nauc_ndcg_at_10_std": -0.358701,
        "nauc_ndcg_at_10_diff1": 0.728922,
        "nauc_ndcg_at_20_max": 0.494683,
        "nauc_ndcg_at_20_std": -0.337015,
        "nauc_ndcg_at_20_diff1": 0.754092,
        "nauc_ndcg_at_100_max": 0.484793,
        "nauc_ndcg_at_100_std": -0.331035,
        "nauc_ndcg_at_100_diff1": 0.751051,
        "nauc_ndcg_at_1000_max": 0.516277,
        "nauc_ndcg_at_1000_std": -0.320988,
        "nauc_ndcg_at_1000_diff1": 0.764755,
        "nauc_map_at_1_max": 0.522747,
        "nauc_map_at_1_std": -0.279051,
        "nauc_map_at_1_diff1": 0.795386,
        "nauc_map_at_3_max": 0.523863,
        "nauc_map_at_3_std": -0.295583,
        "nauc_map_at_3_diff1": 0.731397,
        "nauc_map_at_5_max": 0.50947,
        "nauc_map_at_5_std": -0.341842,
        "nauc_map_at_5_diff1": 0.729628,
        "nauc_map_at_10_max": 0.503948,
        "nauc_map_at_10_std": -0.333561,
        "nauc_map_at_10_diff1": 0.728491,
        "nauc_map_at_20_max": 0.512317,
        "nauc_map_at_20_std": -0.325666,
        "nauc_map_at_20_diff1": 0.737366,
        "nauc_map_at_100_max": 0.510993,
        "nauc_map_at_100_std": -0.324784,
        "nauc_map_at_100_diff1": 0.736877,
        "nauc_map_at_1000_max": 0.512202,
        "nauc_map_at_1000_std": -0.324303,
        "nauc_map_at_1000_diff1": 0.737802,
        "nauc_recall_at_1_max": 0.522747,
        "nauc_recall_at_1_std": -0.279051,
        "nauc_recall_at_1_diff1": 0.795386,
        "nauc_recall_at_3_max": 0.348662,
        "nauc_recall_at_3_std": -0.361329,
        "nauc_recall_at_3_diff1": 0.59099,
        "nauc_recall_at_5_max": 0.217615,
        "nauc_recall_at_5_std": -0.663845,
        "nauc_recall_at_5_diff1": 0.54973,
        "nauc_recall_at_10_max": -0.14828,
        "nauc_recall_at_10_std": -0.727681,
        "nauc_recall_at_10_diff1": 0.377541,
        "nauc_recall_at_20_max": -0.028223,
        "nauc_recall_at_20_std": -0.597106,
        "nauc_recall_at_20_diff1": 0.571811,
        "nauc_recall_at_100_max": -0.541083,
        "nauc_recall_at_100_std": -0.616313,
        "nauc_recall_at_100_diff1": 0.401827,
        "nauc_recall_at_1000_max": NaN,
        "nauc_recall_at_1000_std": NaN,
        "nauc_recall_at_1000_diff1": NaN,
        "nauc_precision_at_1_max": 0.686625,
        "nauc_precision_at_1_std": -0.205084,
        "nauc_precision_at_1_diff1": 0.887913,
        "nauc_precision_at_3_max": 0.512312,
        "nauc_precision_at_3_std": -0.078125,
        "nauc_precision_at_3_diff1": 0.421375,
        "nauc_precision_at_5_max": 0.36008,
        "nauc_precision_at_5_std": -0.243972,
        "nauc_precision_at_5_diff1": 0.277114,
        "nauc_precision_at_10_max": 0.220782,
        "nauc_precision_at_10_std": -0.103131,
        "nauc_precision_at_10_diff1": 0.06956,
        "nauc_precision_at_20_max": 0.275762,
        "nauc_precision_at_20_std": 0.107402,
        "nauc_precision_at_20_diff1": 0.143384,
        "nauc_precision_at_100_max": 0.187439,
        "nauc_precision_at_100_std": 0.207239,
        "nauc_precision_at_100_diff1": 0.035362,
        "nauc_precision_at_1000_max": 0.433746,
        "nauc_precision_at_1000_std": 0.453065,
        "nauc_precision_at_1000_diff1": -0.005021,
        "nauc_mrr_at_1_max": 0.686625,
        "nauc_mrr_at_1_std": -0.205084,
        "nauc_mrr_at_1_diff1": 0.887913,
        "nauc_mrr_at_3_max": 0.627922,
        "nauc_mrr_at_3_std": -0.245388,
        "nauc_mrr_at_3_diff1": 0.850822,
        "nauc_mrr_at_5_max": 0.623478,
        "nauc_mrr_at_5_std": -0.277083,
        "nauc_mrr_at_5_diff1": 0.856567,
        "nauc_mrr_at_10_max": 0.621717,
        "nauc_mrr_at_10_std": -0.265735,
        "nauc_mrr_at_10_diff1": 0.860027,
        "nauc_mrr_at_20_max": 0.621717,
        "nauc_mrr_at_20_std": -0.265735,
        "nauc_mrr_at_20_diff1": 0.860027,
        "nauc_mrr_at_100_max": 0.620729,
        "nauc_mrr_at_100_std": -0.264547,
        "nauc_mrr_at_100_diff1": 0.85999,
        "nauc_mrr_at_1000_max": 0.621167,
        "nauc_mrr_at_1000_std": -0.264366,
        "nauc_mrr_at_1000_diff1": 0.860046,
        "hit_rate_at_1": 0.85,
        "hit_rate_at_3": 0.92778,
        "hit_rate_at_5": 0.94444,
        "hit_rate_at_10": 0.97222,
        "hit_rate_at_20": 0.97222,
        "hit_rate_at_100": 0.98333,
        "hit_rate_at_1000": 1.0,
        "main_score": 0.90532,
        "hf_subset": "default",
        "languages": [
          "eng-Latn"
        ]
      }
    ],
    "dev": [
      {
        "ndcg_at_1": 0.875,
        "ndcg_at_3": 0.875,
        "ndcg_at_5": 0.875,
        "ndcg_at_10": 0.875,
        "ndcg_at_20": 0.875,
        "ndcg_at_100": 0.90192,
        "ndcg_at_1000": 0.90192,
        "map_at_1": 0.875,
        "map_at_3": 0.875,
        "map_at_5": 0.875,
        "map_at_10": 0.875,
        "map_at_20": 0.875,
        "map_at_100": 0.88021,
        "map_at_1000": 0.88021,
        "recall_at_1": 0.875,
        "recall_at_3": 0.875,
        "recall_at_5": 0.875,
        "recall_at_10": 0.875,
        "recall_at_20": 0.875,
        "recall_at_100": 1.0,
        "recall_at_1000": 1.0,
        "accuracy": 0.875,
        "precision_at_1": 0.875,
        "precision_at_3": 0.29167,
        "precision_at_5": 0.175,
        "precision_at_10": 0.0875,
        "precision_at_20": 0.04375,
        "precision_at_100": 0.01,
        "precision_at_1000": 0.001,
        "mrr_at_1": 0.875,
        "mrr_at_3": 0.875,
        "mrr_at_5": 0.875,
        "mrr_at_10": 0.875,
        "mrr_at_20": 0.875,
        "mrr_at_100": 0.880208,
        "mrr_at_1000": 0.880208,
        "nauc_ndcg_at_1_max": 1.0,
        "nauc_ndcg_at_1_std": 0.551821,
        "nauc_ndcg_at_1_diff1": 0.551821,
        "nauc_ndcg_at_3_max": 1.0,
        "nauc_ndcg_at_3_std": 0.551821,
        "nauc_ndcg_at_3_diff1": 0.551821,
        "nauc_ndcg_at_5_max": 1.0,
        "nauc_ndcg_at_5_std": 0.551821,
        "nauc_ndcg_at_5_diff1": 0.551821,
        "nauc_ndcg_at_10_max": 1.0,
        "nauc_ndcg_at_10_std": 0.551821,
        "nauc_ndcg_at_10_diff1": 0.551821,
        "nauc_ndcg_at_20_max": 1.0,
        "nauc_ndcg_at_20_std": 0.551821,
        "nauc_ndcg_at_20_diff1": 0.551821,
        "nauc_ndcg_at_100_max": 1.0,
        "nauc_ndcg_at_100_std": 0.551821,