{
  "dataset_revision": "5d958fb6b31055495347724d46431ba41309b03a",
  "task_name": "ChemNQRetrieval",
  "mteb_version": "2.12.15",
  "scores": {
    "test": [
      {
        "ndcg_at_1": 0.48148,
        "ndcg_at_3": 0.57316,
        "ndcg_at_5": 0.58194,
        "ndcg_at_10": 0.60022,
        "ndcg_at_20": 0.6487,
        "ndcg_at_100": 0.65892,
        "ndcg_at_1000": 0.66291,
        "map_at_1": 0.38272,
        "map_at_3": 0.5216,
        "map_at_5": 0.52901,
        "map_at_10": 0.53536,
        "map_at_20": 0.55116,
        "map_at_100": 0.55288,
        "map_at_1000": 0.55294,
        "recall_at_1": 0.38272,
        "recall_at_3": 0.66049,
        "recall_at_5": 0.67901,
        "recall_at_10": 0.73457,
        "recall_at_20": 0.91358,
        "recall_at_100": 0.96296,
        "recall_at_1000": 1.0,
        "accuracy": 0.38272,
        "precision_at_1": 0.48148,
        "precision_at_3": 0.2716,
        "precision_at_5": 0.17037,
        "precision_at_10": 0.09259,
        "precision_at_20": 0.05926,
        "precision_at_100": 0.01259,
        "precision_at_1000": 0.0013,
        "mrr_at_1": 0.481481,
        "mrr_at_3": 0.592593,
        "mrr_at_5": 0.592593,
        "mrr_at_10": 0.601587,
        "mrr_at_20": 0.608726,
        "mrr_at_100": 0.609921,
        "mrr_at_1000": 0.609981,
        "nauc_ndcg_at_1_max": 0.162229,
        "nauc_ndcg_at_1_std": 0.083021,
        "nauc_ndcg_at_1_diff1": 0.19081,
        "nauc_ndcg_at_3_max": 0.190574,
        "nauc_ndcg_at_3_std": 0.045059,
        "nauc_ndcg_at_3_diff1": 0.075564,
        "nauc_ndcg_at_5_max": 0.230114,
        "nauc_ndcg_at_5_std": 0.063103,
        "nauc_ndcg_at_5_diff1": 0.054821,
        "nauc_ndcg_at_10_max": 0.249939,
        "nauc_ndcg_at_10_std": 0.085656,
        "nauc_ndcg_at_10_diff1": 0.112627,
        "nauc_ndcg_at_20_max": 0.260283,
        "nauc_ndcg_at_20_std": 0.090086,
        "nauc_ndcg_at_20_diff1": 0.13191,
        "nauc_ndcg_at_100_max": 0.251707,
        "nauc_ndcg_at_100_std": 0.077959,
        "nauc_ndcg_at_100_diff1": 0.156629,
        "nauc_ndcg_at_1000_max": 0.254085,
        "nauc_ndcg_at_1000_std": 0.089128,
        "nauc_ndcg_at_1000_diff1": 0.14215,
        "nauc_map_at_1_max": 0.085026,
        "nauc_map_at_1_std": 0.101995,
        "nauc_map_at_1_diff1": 0.077341,
        "nauc_map_at_3_max": 0.168338,
        "nauc_map_at_3_std": 0.028663,
        "nauc_map_at_3_diff1": 0.104924,
        "nauc_map_at_5_max": 0.199305,
        "nauc_map_at_5_std": 0.042719,
        "nauc_map_at_5_diff1": 0.088893,
        "nauc_map_at_10_max": 0.205234,
        "nauc_map_at_10_std": 0.049651,
        "nauc_map_at_10_diff1": 0.107669,
        "nauc_map_at_20_max": 0.216508,
        "nauc_map_at_20_std": 0.059753,
        "nauc_map_at_20_diff1": 0.118572,
        "nauc_map_at_100_max": 0.215162,
        "nauc_map_at_100_std": 0.058108,
        "nauc_map_at_100_diff1": 0.121807,
        "nauc_map_at_1000_max": 0.215183,
        "nauc_map_at_1000_std": 0.058236,
        "nauc_map_at_1000_diff1": 0.121629,
        "nauc_recall_at_1_max": 0.085026,
        "nauc_recall_at_1_std": 0.101995,
        "nauc_recall_at_1_diff1": 0.077341,
        "nauc_recall_at_3_max": 0.145075,
        "nauc_recall_at_3_std": 0.007266,
        "nauc_recall_at_3_diff1": -0.040101,
        "nauc_recall_at_5_max": 0.234312,
        "nauc_recall_at_5_std": 0.047201,
        "nauc_recall_at_5_diff1": -0.091732,
        "nauc_recall_at_10_max": 0.25092,
        "nauc_recall_at_10_std": 0.078182,
        "nauc_recall_at_10_diff1": 0.082696,
        "nauc_recall_at_20_max": 0.281192,
        "nauc_recall_at_20_std": -0.032171,
        "nauc_recall_at_20_diff1": 0.158081,
        "nauc_recall_at_100_max": 0.113206,
        "nauc_recall_at_100_std": -0.572623,
        "nauc_recall_at_100_diff1": 1.0,
        "nauc_recall_at_1000_max": NaN,
        "nauc_recall_at_1000_std": NaN,
        "nauc_recall_at_1000_diff1": NaN,
        "nauc_precision_at_1_max": 0.162229,
        "nauc_precision_at_1_std": 0.083021,
        "nauc_precision_at_1_diff1": 0.19081,
        "nauc_precision_at_3_max": 0.298499,
        "nauc_precision_at_3_std": -0.055994,
        "nauc_precision_at_3_diff1": 0.129904,
        "nauc_precision_at_5_max": 0.358999,
        "nauc_precision_at_5_std": 0.002801,
        "nauc_precision_at_5_diff1": 0.046618,
        "nauc_precision_at_10_max": 0.485328,
        "nauc_precision_at_10_std": 0.105153,
        "nauc_precision_at_10_diff1": 0.232395,
        "nauc_precision_at_20_max": 0.474617,
        "nauc_precision_at_20_std": 0.175959,
        "nauc_precision_at_20_diff1": 0.284306,
        "nauc_precision_at_100_max": 0.36484,
        "nauc_precision_at_100_std": 0.131629,
        "nauc_precision_at_100_diff1": 0.331095,
        "nauc_precision_at_1000_max": 0.388782,
        "nauc_precision_at_1000_std": 0.198634,
        "nauc_precision_at_1000_diff1": 0.267453,
        "nauc_mrr_at_1_max": 0.162229,
        "nauc_mrr_at_1_std": 0.083021,
        "nauc_mrr_at_1_diff1": 0.19081,
        "nauc_mrr_at_3_max": 0.249004,
        "nauc_mrr_at_3_std": 0.112875,
        "nauc_mrr_at_3_diff1": 0.121561,
        "nauc_mrr_at_5_max": 0.249004,
        "nauc_mrr_at_5_std": 0.112875,
        "nauc_mrr_at_5_diff1": 0.121561,
        "nauc_mrr_at_10_max": 0.272863,
        "nauc_mrr_at_10_std": 0.137202,
        "nauc_mrr_at_10_diff1": 0.152786,
        "nauc_mrr_at_20_max": 0.260475,
        "nauc_mrr_at_20_std": 0.125116,
        "nauc_mrr_at_20_diff1": 0.149283,
        "nauc_mrr_at_100_max": 0.260076,
        "nauc_mrr_at_100_std": 0.123342,
        "nauc_mrr_at_100_diff1": 0.152254,
        "nauc_mrr_at_1000_max": 0.260106,
        "nauc_mrr_at_1000_std": 0.123485,
        "nauc_mrr_at_1000_diff1": 0.15208,
        "hit_rate_at_1": 0.48148,
        "hit_rate_at_3": 0.74074,
        "hit_rate_at_5": 0.74074,
        "hit_rate_at_10": 0.81481,
        "hit_rate_at_20": 0.92593,
        "hit_rate_at_100": 0.96296,
        "hit_rate_at_1000": 1.0,
        "main_score": 0.60022,
        "hf_subset": "default",
        "languages": [
          "eng-Latn"
        ]
      }
    ]
  },
  "evaluation_time": 80.5545289516449,
  "kg_co2_emissions": null,
  "date": 1775566502.649611
}