{
  "dataset_revision": "5377aa18f309ec440ff6325a4c2cd3362c2cb8d7",
  "task_name": "ChemRxivRetrieval",
  "mteb_version": "2.12.15",
  "scores": {
    "test": [
      {
        "ndcg_at_1": 0.7798,
        "ndcg_at_3": 0.86055,
        "ndcg_at_5": 0.87104,
        "ndcg_at_10": 0.87992,
        "ndcg_at_20": 0.88323,
        "ndcg_at_100": 0.88602,
        "ndcg_at_1000": 0.88662,
        "map_at_1": 0.7798,
        "map_at_3": 0.84167,
        "map_at_5": 0.84755,
        "map_at_10": 0.85127,
        "map_at_20": 0.85218,
        "map_at_100": 0.8526,
        "map_at_1000": 0.85263,
        "recall_at_1": 0.7798,
        "recall_at_3": 0.9148,
        "recall_at_5": 0.94,
        "recall_at_10": 0.9672,
        "recall_at_20": 0.9802,
        "recall_at_100": 0.9948,
        "recall_at_1000": 0.9994,
        "accuracy": 0.7798,
        "precision_at_1": 0.7798,
        "precision_at_3": 0.30493,
        "precision_at_5": 0.188,
        "precision_at_10": 0.09672,
        "precision_at_20": 0.04901,
        "precision_at_100": 0.00995,
        "precision_at_1000": 0.001,
        "mrr_at_1": 0.78,
        "mrr_at_3": 0.841767,
        "mrr_at_5": 0.847647,
        "mrr_at_10": 0.851371,
        "mrr_at_20": 0.852288,
        "mrr_at_100": 0.852707,
        "mrr_at_1000": 0.852732,
        "nauc_ndcg_at_1_max": 0.41911,
        "nauc_ndcg_at_1_std": -0.241799,
        "nauc_ndcg_at_1_diff1": 0.794962,
        "nauc_ndcg_at_3_max": 0.486737,
        "nauc_ndcg_at_3_std": -0.232519,
        "nauc_ndcg_at_3_diff1": 0.774008,
        "nauc_ndcg_at_5_max": 0.482396,
        "nauc_ndcg_at_5_std": -0.238328,
        "nauc_ndcg_at_5_diff1": 0.776261,
        "nauc_ndcg_at_10_max": 0.481306,
        "nauc_ndcg_at_10_std": -0.231603,
        "nauc_ndcg_at_10_diff1": 0.779938,
        "nauc_ndcg_at_20_max": 0.473896,
        "nauc_ndcg_at_20_std": -0.232065,
        "nauc_ndcg_at_20_diff1": 0.780119,
        "nauc_ndcg_at_100_max": 0.468204,
        "nauc_ndcg_at_100_std": -0.233969,
        "nauc_ndcg_at_100_diff1": 0.781003,
        "nauc_ndcg_at_1000_max": 0.466398,
        "nauc_ndcg_at_1000_std": -0.234908,
        "nauc_ndcg_at_1000_diff1": 0.780885,
        "nauc_map_at_1_max": 0.41911,
        "nauc_map_at_1_std": -0.241799,
        "nauc_map_at_1_diff1": 0.794962,
        "nauc_map_at_3_max": 0.463986,
        "nauc_map_at_3_std": -0.238077,
        "nauc_map_at_3_diff1": 0.77936,
        "nauc_map_at_5_max": 0.460985,
        "nauc_map_at_5_std": -0.241036,
        "nauc_map_at_5_diff1": 0.78065,
        "nauc_map_at_10_max": 0.460648,
        "nauc_map_at_10_std": -0.238141,
        "nauc_map_at_10_diff1": 0.782088,
        "nauc_map_at_20_max": 0.458984,
        "nauc_map_at_20_std": -0.238198,
        "nauc_map_at_20_diff1": 0.782213,
        "nauc_map_at_100_max": 0.458303,
        "nauc_map_at_100_std": -0.238349,
        "nauc_map_at_100_diff1": 0.7823,
        "nauc_map_at_1000_max": 0.458245,
        "nauc_map_at_1000_std": -0.238382,
        "nauc_map_at_1000_diff1": 0.782294,
        "nauc_recall_at_1_max": 0.41911,
        "nauc_recall_at_1_std": -0.241799,
        "nauc_recall_at_1_diff1": 0.794962,
        "nauc_recall_at_3_max": 0.601685,
        "nauc_recall_at_3_std": -0.202735,
        "nauc_recall_at_3_diff1": 0.748157,
        "nauc_recall_at_5_max": 0.628662,
        "nauc_recall_at_5_std": -0.219041,
        "nauc_recall_at_5_diff1": 0.748371,
        "nauc_recall_at_10_max": 0.725143,
        "nauc_recall_at_10_std": -0.146988,
        "nauc_recall_at_10_diff1": 0.762337,
        "nauc_recall_at_20_max": 0.71869,
        "nauc_recall_at_20_std": -0.106235,
        "nauc_recall_at_20_diff1": 0.751073,
        "nauc_recall_at_100_max": 0.784296,
        "nauc_recall_at_100_std": 0.011204,
        "nauc_recall_at_100_diff1": 0.77205,
        "nauc_recall_at_1000_max": 0.742453,
        "nauc_recall_at_1000_std": 0.637411,
        "nauc_recall_at_1000_diff1": 0.572051,
        "nauc_precision_at_1_max": 0.41911,
        "nauc_precision_at_1_std": -0.241799,
        "nauc_precision_at_1_diff1": 0.794962,
        "nauc_precision_at_3_max": 0.601685,
        "nauc_precision_at_3_std": -0.202735,
        "nauc_precision_at_3_diff1": 0.748157,
        "nauc_precision_at_5_max": 0.628662,
        "nauc_precision_at_5_std": -0.219041,
        "nauc_precision_at_5_diff1": 0.748371,
        "nauc_precision_at_10_max": 0.725143,
        "nauc_precision_at_10_std": -0.146988,
        "nauc_precision_at_10_diff1": 0.762337,
        "nauc_precision_at_20_max": 0.71869,
        "nauc_precision_at_20_std": -0.106235,
        "nauc_precision_at_20_diff1": 0.751073,
        "nauc_precision_at_100_max": 0.784296,
        "nauc_precision_at_100_std": 0.011204,
        "nauc_precision_at_100_diff1": 0.77205,
        "nauc_precision_at_1000_max": 0.742453,
        "nauc_precision_at_1000_std": 0.637411,
        "nauc_precision_at_1000_diff1": 0.572051,
        "nauc_mrr_at_1_max": 0.421139,
        "nauc_mrr_at_1_std": -0.240245,
        "nauc_mrr_at_1_diff1": 0.794539,
        "nauc_mrr_at_3_max": 0.465295,
        "nauc_mrr_at_3_std": -0.236079,
        "nauc_mrr_at_3_diff1": 0.779065,
        "nauc_mrr_at_5_max": 0.462415,
        "nauc_mrr_at_5_std": -0.239693,
        "nauc_mrr_at_5_diff1": 0.780344,
        "nauc_mrr_at_10_max": 0.462103,
        "nauc_mrr_at_10_std": -0.236788,
        "nauc_mrr_at_10_diff1": 0.781767,
        "nauc_mrr_at_20_max": 0.460444,
        "nauc_mrr_at_20_std": -0.23683,
        "nauc_mrr_at_20_diff1": 0.781889,
        "nauc_mrr_at_100_max": 0.459767,
        "nauc_mrr_at_100_std": -0.236977,
        "nauc_mrr_at_100_diff1": 0.781975,
        "nauc_mrr_at_1000_max": 0.45971,
        "nauc_mrr_at_1000_std": -0.23701,
        "nauc_mrr_at_1000_diff1": 0.781969,
        "hit_rate_at_1": 0.7798,
        "hit_rate_at_3": 0.9148,
        "hit_rate_at_5": 0.94,
        "hit_rate_at_10": 0.9672,
        "hit_rate_at_20": 0.9802,
        "hit_rate_at_100": 0.9948,
        "hit_rate_at_1000": 0.9994,
        "main_score": 0.87992,
        "hf_subset": "default",
        "languages": [
          "eng-Latn"
        ]
      }
    ]
  },
  "evaluation_time": 600.5136947631836,
  "kg_co2_emissions": null,
  "date": 1775513936.899215
}