{
  "dataset_revision": "5d958fb6b31055495347724d46431ba41309b03a",
  "task_name": "ChemNQRetrieval",
  "mteb_version": "2.12.15",
  "scores": {
    "test": [
      {
        "ndcg_at_1": 0.48148,
        "ndcg_at_3": 0.57757,
        "ndcg_at_5": 0.60068,
        "ndcg_at_10": 0.61533,
        "ndcg_at_20": 0.64657,
        "ndcg_at_100": 0.6592,
        "ndcg_at_1000": 0.66768,
        "map_at_1": 0.3642,
        "map_at_3": 0.52469,
        "map_at_5": 0.53951,
        "map_at_10": 0.5463,
        "map_at_20": 0.55776,
        "map_at_100": 0.55912,
        "map_at_1000": 0.5595,
        "recall_at_1": 0.3642,
        "recall_at_3": 0.66049,
        "recall_at_5": 0.71605,
        "recall_at_10": 0.75309,
        "recall_at_20": 0.8642,
        "recall_at_100": 0.93827,
        "recall_at_1000": 1.0,
        "accuracy": 0.3642,
        "precision_at_1": 0.48148,
        "precision_at_3": 0.2716,
        "precision_at_5": 0.17778,
        "precision_at_10": 0.0963,
        "precision_at_20": 0.05556,
        "precision_at_100": 0.01185,
        "precision_at_1000": 0.0013,
        "mrr_at_1": 0.481481,
        "mrr_at_3": 0.604938,
        "mrr_at_5": 0.612346,
        "mrr_at_10": 0.618519,
        "mrr_at_20": 0.62381,
        "mrr_at_100": 0.625174,
        "mrr_at_1000": 0.625221,
        "nauc_ndcg_at_1_max": 0.278355,
        "nauc_ndcg_at_1_std": -0.057311,
        "nauc_ndcg_at_1_diff1": 0.146778,
        "nauc_ndcg_at_3_max": 0.123915,
        "nauc_ndcg_at_3_std": -0.124234,
        "nauc_ndcg_at_3_diff1": 0.014988,
        "nauc_ndcg_at_5_max": 0.193091,
        "nauc_ndcg_at_5_std": -0.079997,
        "nauc_ndcg_at_5_diff1": 0.001452,
        "nauc_ndcg_at_10_max": 0.2281,
        "nauc_ndcg_at_10_std": -0.037901,
        "nauc_ndcg_at_10_diff1": -0.023166,
        "nauc_ndcg_at_20_max": 0.244677,
        "nauc_ndcg_at_20_std": 0.019531,
        "nauc_ndcg_at_20_diff1": 0.079177,
        "nauc_ndcg_at_100_max": 0.212154,
        "nauc_ndcg_at_100_std": -0.020147,
        "nauc_ndcg_at_100_diff1": 0.048674,
        "nauc_ndcg_at_1000_max": 0.220724,
        "nauc_ndcg_at_1000_std": -0.022397,
        "nauc_ndcg_at_1000_diff1": 0.047625,
        "nauc_map_at_1_max": 0.118113,
        "nauc_map_at_1_std": -0.047142,
        "nauc_map_at_1_diff1": 0.107912,
        "nauc_map_at_3_max": 0.080175,
        "nauc_map_at_3_std": -0.129431,
        "nauc_map_at_3_diff1": 0.053183,
        "nauc_map_at_5_max": 0.12937,
        "nauc_map_at_5_std": -0.102421,
        "nauc_map_at_5_diff1": 0.040146,
        "nauc_map_at_10_max": 0.143336,
        "nauc_map_at_10_std": -0.089195,
        "nauc_map_at_10_diff1": 0.028204,
        "nauc_map_at_20_max": 0.157149,
        "nauc_map_at_20_std": -0.060114,
        "nauc_map_at_20_diff1": 0.056228,
        "nauc_map_at_100_max": 0.154055,
        "nauc_map_at_100_std": -0.063677,
        "nauc_map_at_100_diff1": 0.053902,
        "nauc_map_at_1000_max": 0.153855,
        "nauc_map_at_1000_std": -0.064287,
        "nauc_map_at_1000_diff1": 0.054093,
        "nauc_recall_at_1_max": 0.118113,
        "nauc_recall_at_1_std": -0.047142,
        "nauc_recall_at_1_diff1": 0.107912,
        "nauc_recall_at_3_max": 0.027752,
        "nauc_recall_at_3_std": -0.168401,
        "nauc_recall_at_3_diff1": -0.049478,
        "nauc_recall_at_5_max": 0.19031,
        "nauc_recall_at_5_std": -0.061357,
        "nauc_recall_at_5_diff1": -0.084654,
        "nauc_recall_at_10_max": 0.307191,
        "nauc_recall_at_10_std": 0.048165,
        "nauc_recall_at_10_diff1": -0.176323,
        "nauc_recall_at_20_max": 0.388161,
        "nauc_recall_at_20_std": 0.378427,
        "nauc_recall_at_20_diff1": 0.44658,
        "nauc_recall_at_100_max": -0.200554,
        "nauc_recall_at_100_std": -0.121142,
        "nauc_recall_at_100_diff1": 0.144304,
        "nauc_recall_at_1000_max": NaN,
        "nauc_recall_at_1000_std": NaN,
        "nauc_recall_at_1000_diff1": NaN,
        "nauc_precision_at_1_max": 0.278355,
        "nauc_precision_at_1_std": -0.057311,
        "nauc_precision_at_1_diff1": 0.146778,
        "nauc_precision_at_3_max": 0.167022,
        "nauc_precision_at_3_std": -0.217857,
        "nauc_precision_at_3_diff1": 0.089166,
        "nauc_precision_at_5_max": 0.330418,
        "nauc_precision_at_5_std": -0.089826,
        "nauc_precision_at_5_diff1": 0.029364,
        "nauc_precision_at_10_max": 0.418727,
        "nauc_precision_at_10_std": 0.037766,
        "nauc_precision_at_10_diff1": -0.059839,
        "nauc_precision_at_20_max": 0.481233,
        "nauc_precision_at_20_std": 0.288083,
        "nauc_precision_at_20_diff1": 0.197111,
        "nauc_precision_at_100_max": 0.398542,
        "nauc_precision_at_100_std": 0.181576,
        "nauc_precision_at_100_diff1": 0.092406,
        "nauc_precision_at_1000_max": 0.335315,
        "nauc_precision_at_1000_std": 0.107612,
        "nauc_precision_at_1000_diff1": 0.080278,
        "nauc_mrr_at_1_max": 0.278355,
        "nauc_mrr_at_1_std": -0.057311,
        "nauc_mrr_at_1_diff1": 0.146778,
        "nauc_mrr_at_3_max": 0.30268,
        "nauc_mrr_at_3_std": -0.054559,
        "nauc_mrr_at_3_diff1": 0.004581,
        "nauc_mrr_at_5_max": 0.31268,
        "nauc_mrr_at_5_std": -0.041044,
        "nauc_mrr_at_5_diff1": 0.009115,
        "nauc_mrr_at_10_max": 0.329815,
        "nauc_mrr_at_10_std": -0.004411,
        "nauc_mrr_at_10_diff1": 0.006828,
        "nauc_mrr_at_20_max": 0.320299,
        "nauc_mrr_at_20_std": -0.010735,
        "nauc_mrr_at_20_diff1": 0.02951,
        "nauc_mrr_at_100_max": 0.317965,
        "nauc_mrr_at_100_std": -0.014094,
        "nauc_mrr_at_100_diff1": 0.027032,
        "nauc_mrr_at_1000_max": 0.318112,
        "nauc_mrr_at_1000_std": -0.014002,
        "nauc_mrr_at_1000_diff1": 0.026978,
        "hit_rate_at_1": 0.48148,
        "hit_rate_at_3": 0.74074,
        "hit_rate_at_5": 0.77778,
        "hit_rate_at_10": 0.81481,
        "hit_rate_at_20": 0.88889,
        "hit_rate_at_100": 0.96296,
        "hit_rate_at_1000": 1.0,
        "main_score": 0.61533,
        "hf_subset": "default",
        "languages": [
          "eng-Latn"
        ]
      }
    ]
  },
  "evaluation_time": 71.43068480491638,
  "kg_co2_emissions": null,
  "date": 1775767095.278196
}