{
  "dataset_revision": "5377aa18f309ec440ff6325a4c2cd3362c2cb8d7",
  "task_name": "ChemRxivRetrieval",
  "mteb_version": "2.12.20",
  "scores": {
    "test": [
      {
        "ndcg_at_1": 0.7764,
        "ndcg_at_3": 0.8588,
        "ndcg_at_5": 0.86986,
        "ndcg_at_10": 0.87747,
        "ndcg_at_20": 0.88147,
        "ndcg_at_100": 0.88414,
        "ndcg_at_1000": 0.88479,
        "map_at_1": 0.7764,
        "map_at_3": 0.8394,
        "map_at_5": 0.84555,
        "map_at_10": 0.84875,
        "map_at_20": 0.84988,
        "map_at_100": 0.85026,
        "map_at_1000": 0.85028,
        "recall_at_1": 0.7764,
        "recall_at_3": 0.9146,
        "recall_at_5": 0.9414,
        "recall_at_10": 0.9646,
        "recall_at_20": 0.9802,
        "recall_at_100": 0.9944,
        "recall_at_1000": 0.9996,
        "accuracy": 0.7764,
        "precision_at_1": 0.7764,
        "precision_at_3": 0.30487,
        "precision_at_5": 0.18828,
        "precision_at_10": 0.09646,
        "precision_at_20": 0.04901,
        "precision_at_100": 0.00994,
        "precision_at_1000": 0.001,
        "mrr_at_1": 0.7768,
        "mrr_at_3": 0.839467,
        "mrr_at_5": 0.845757,
        "mrr_at_10": 0.848926,
        "mrr_at_20": 0.850053,
        "mrr_at_100": 0.850436,
        "mrr_at_1000": 0.850457,
        "nauc_ndcg_at_1_max": 0.463119,
        "nauc_ndcg_at_1_std": -0.229366,
        "nauc_ndcg_at_1_diff1": 0.806765,
        "nauc_ndcg_at_3_max": 0.523911,
        "nauc_ndcg_at_3_std": -0.215547,
        "nauc_ndcg_at_3_diff1": 0.780636,
        "nauc_ndcg_at_5_max": 0.521971,
        "nauc_ndcg_at_5_std": -0.219051,
        "nauc_ndcg_at_5_diff1": 0.784681,
        "nauc_ndcg_at_10_max": 0.522037,
        "nauc_ndcg_at_10_std": -0.210237,
        "nauc_ndcg_at_10_diff1": 0.786224,
        "nauc_ndcg_at_20_max": 0.513452,
        "nauc_ndcg_at_20_std": -0.215281,
        "nauc_ndcg_at_20_diff1": 0.787447,
        "nauc_ndcg_at_100_max": 0.509298,
        "nauc_ndcg_at_100_std": -0.216114,
        "nauc_ndcg_at_100_diff1": 0.789438,
        "nauc_ndcg_at_1000_max": 0.507545,
        "nauc_ndcg_at_1000_std": -0.217825,
        "nauc_ndcg_at_1000_diff1": 0.789795,
        "nauc_map_at_1_max": 0.463119,
        "nauc_map_at_1_std": -0.229366,
        "nauc_map_at_1_diff1": 0.806765,
        "nauc_map_at_3_max": 0.504891,
        "nauc_map_at_3_std": -0.221417,
        "nauc_map_at_3_diff1": 0.788468,
        "nauc_map_at_5_max": 0.503064,
        "nauc_map_at_5_std": -0.223286,
        "nauc_map_at_5_diff1": 0.790637,
        "nauc_map_at_10_max": 0.502883,
        "nauc_map_at_10_std": -0.220364,
        "nauc_map_at_10_diff1": 0.791403,
        "nauc_map_at_20_max": 0.500792,
        "nauc_map_at_20_std": -0.221633,
        "nauc_map_at_20_diff1": 0.791739,
        "nauc_map_at_100_max": 0.500321,
        "nauc_map_at_100_std": -0.221612,
        "nauc_map_at_100_diff1": 0.79198,
        "nauc_map_at_1000_max": 0.500275,
        "nauc_map_at_1000_std": -0.221658,
        "nauc_map_at_1000_diff1": 0.791992,
        "nauc_recall_at_1_max": 0.463119,
        "nauc_recall_at_1_std": -0.229366,
        "nauc_recall_at_1_diff1": 0.806765,
        "nauc_recall_at_3_max": 0.619885,
        "nauc_recall_at_3_std": -0.184751,
        "nauc_recall_at_3_diff1": 0.741376,
        "nauc_recall_at_5_max": 0.654952,
        "nauc_recall_at_5_std": -0.188806,
        "nauc_recall_at_5_diff1": 0.7447,
        "nauc_recall_at_10_max": 0.738066,
        "nauc_recall_at_10_std": -0.08147,
        "nauc_recall_at_10_diff1": 0.731575,
        "nauc_recall_at_20_max": 0.721562,
        "nauc_recall_at_20_std": -0.087306,
        "nauc_recall_at_20_diff1": 0.714243,
        "nauc_recall_at_100_max": 0.814109,
        "nauc_recall_at_100_std": 0.109677,
        "nauc_recall_at_100_diff1": 0.730075,
        "nauc_recall_at_1000_max": 0.934641,
        "nauc_recall_at_1000_std": 0.561391,
        "nauc_recall_at_1000_diff1": 0.711718,
        "nauc_precision_at_1_max": 0.463119,
        "nauc_precision_at_1_std": -0.229366,
        "nauc_precision_at_1_diff1": 0.806765,
        "nauc_precision_at_3_max": 0.619885,
        "nauc_precision_at_3_std": -0.184751,
        "nauc_precision_at_3_diff1": 0.741376,
        "nauc_precision_at_5_max": 0.654952,
        "nauc_precision_at_5_std": -0.188806,
        "nauc_precision_at_5_diff1": 0.7447,
        "nauc_precision_at_10_max": 0.738066,
        "nauc_precision_at_10_std": -0.08147,
        "nauc_precision_at_10_diff1": 0.731575,
        "nauc_precision_at_20_max": 0.721562,
        "nauc_precision_at_20_std": -0.087306,
        "nauc_precision_at_20_diff1": 0.714243,
        "nauc_precision_at_100_max": 0.814109,
        "nauc_precision_at_100_std": 0.109677,
        "nauc_precision_at_100_diff1": 0.730075,
        "nauc_precision_at_1000_max": 0.934641,
        "nauc_precision_at_1000_std": 0.561391,
        "nauc_precision_at_1000_diff1": 0.711718,
        "nauc_mrr_at_1_max": 0.465652,
        "nauc_mrr_at_1_std": -0.227429,
        "nauc_mrr_at_1_diff1": 0.805945,
        "nauc_mrr_at_3_max": 0.506744,
        "nauc_mrr_at_3_std": -0.220166,
        "nauc_mrr_at_3_diff1": 0.788083,
        "nauc_mrr_at_5_max": 0.504907,
        "nauc_mrr_at_5_std": -0.221506,
        "nauc_mrr_at_5_diff1": 0.790031,
        "nauc_mrr_at_10_max": 0.50478,
        "nauc_mrr_at_10_std": -0.218901,
        "nauc_mrr_at_10_diff1": 0.790834,
        "nauc_mrr_at_20_max": 0.502702,
        "nauc_mrr_at_20_std": -0.22016,
        "nauc_mrr_at_20_diff1": 0.791165,
        "nauc_mrr_at_100_max": 0.502236,
        "nauc_mrr_at_100_std": -0.220134,
        "nauc_mrr_at_100_diff1": 0.791405,
        "nauc_mrr_at_1000_max": 0.50219,
        "nauc_mrr_at_1000_std": -0.22018,
        "nauc_mrr_at_1000_diff1": 0.791418,
        "hit_rate_at_1": 0.7764,
        "hit_rate_at_3": 0.9146,
        "hit_rate_at_5": 0.9414,
        "hit_rate_at_10": 0.9646,
        "hit_rate_at_20": 0.9802,
        "hit_rate_at_100": 0.9944,
        "hit_rate_at_1000": 0.9996,
        "main_score": 0.87747,
        "hf_subset": "default",
        "languages": [
          "eng-Latn"
        ]
      }
    ]
  },
  "evaluation_time": 463.61872458457947,
  "kg_co2_emissions": null,
  "date": 1776448361.497138
}