{
  "dataset_revision": "5d958fb6b31055495347724d46431ba41309b03a",
  "task_name": "ChemNQRetrieval",
  "mteb_version": "2.12.20",
  "scores": {
    "test": [
      {
        "ndcg_at_1": 0.40741,
        "ndcg_at_3": 0.49379,
        "ndcg_at_5": 0.53286,
        "ndcg_at_10": 0.55756,
        "ndcg_at_20": 0.58745,
        "ndcg_at_100": 0.60646,
        "ndcg_at_1000": 0.61296,
        "map_at_1": 0.29012,
        "map_at_3": 0.43827,
        "map_at_5": 0.46235,
        "map_at_10": 0.47248,
        "map_at_20": 0.48207,
        "map_at_100": 0.48572,
        "map_at_1000": 0.48611,
        "recall_at_1": 0.29012,
        "recall_at_3": 0.58642,
        "recall_at_5": 0.67901,
        "recall_at_10": 0.75309,
        "recall_at_20": 0.8642,
        "recall_at_100": 0.95062,
        "recall_at_1000": 1.0,
        "accuracy": 0.29012,
        "precision_at_1": 0.40741,
        "precision_at_3": 0.24691,
        "precision_at_5": 0.17037,
        "precision_at_10": 0.0963,
        "precision_at_20": 0.05556,
        "precision_at_100": 0.01222,
        "precision_at_1000": 0.0013,
        "mrr_at_1": 0.407407,
        "mrr_at_3": 0.518519,
        "mrr_at_5": 0.535185,
        "mrr_at_10": 0.543519,
        "mrr_at_20": 0.549074,
        "mrr_at_100": 0.55188,
        "mrr_at_1000": 0.551936,
        "nauc_ndcg_at_1_max": 0.281499,
        "nauc_ndcg_at_1_std": 0.010825,
        "nauc_ndcg_at_1_diff1": 0.274315,
        "nauc_ndcg_at_3_max": 0.291544,
        "nauc_ndcg_at_3_std": -0.060537,
        "nauc_ndcg_at_3_diff1": 0.33285,
        "nauc_ndcg_at_5_max": 0.284561,
        "nauc_ndcg_at_5_std": -0.026292,
        "nauc_ndcg_at_5_diff1": 0.315107,
        "nauc_ndcg_at_10_max": 0.364318,
        "nauc_ndcg_at_10_std": 0.039605,
        "nauc_ndcg_at_10_diff1": 0.363896,
        "nauc_ndcg_at_20_max": 0.340225,
        "nauc_ndcg_at_20_std": 0.000985,
        "nauc_ndcg_at_20_diff1": 0.332509,
        "nauc_ndcg_at_100_max": 0.31738,
        "nauc_ndcg_at_100_std": -0.0255,
        "nauc_ndcg_at_100_diff1": 0.36817,
        "nauc_ndcg_at_1000_max": 0.318083,
        "nauc_ndcg_at_1000_std": -0.014467,
        "nauc_ndcg_at_1000_diff1": 0.3569,
        "nauc_map_at_1_max": 0.183989,
        "nauc_map_at_1_std": -0.007545,
        "nauc_map_at_1_diff1": 0.351515,
        "nauc_map_at_3_max": 0.259187,
        "nauc_map_at_3_std": -0.090409,
        "nauc_map_at_3_diff1": 0.38446,
        "nauc_map_at_5_max": 0.256348,
        "nauc_map_at_5_std": -0.071021,
        "nauc_map_at_5_diff1": 0.367923,
        "nauc_map_at_10_max": 0.291113,
        "nauc_map_at_10_std": -0.042223,
        "nauc_map_at_10_diff1": 0.392227,
        "nauc_map_at_20_max": 0.286349,
        "nauc_map_at_20_std": -0.050561,
        "nauc_map_at_20_diff1": 0.384319,
        "nauc_map_at_100_max": 0.282036,
        "nauc_map_at_100_std": -0.054799,
        "nauc_map_at_100_diff1": 0.389876,
        "nauc_map_at_1000_max": 0.281774,
        "nauc_map_at_1000_std": -0.054521,
        "nauc_map_at_1000_diff1": 0.389009,
        "nauc_recall_at_1_max": 0.183989,
        "nauc_recall_at_1_std": -0.007545,
        "nauc_recall_at_1_diff1": 0.351515,
        "nauc_recall_at_3_max": 0.275275,
        "nauc_recall_at_3_std": -0.065231,
        "nauc_recall_at_3_diff1": 0.24943,
        "nauc_recall_at_5_max": 0.266633,
        "nauc_recall_at_5_std": 0.03028,
        "nauc_recall_at_5_diff1": 0.202408,
        "nauc_recall_at_10_max": 0.49475,
        "nauc_recall_at_10_std": 0.235639,
        "nauc_recall_at_10_diff1": 0.303274,
        "nauc_recall_at_20_max": 0.455762,
        "nauc_recall_at_20_std": 0.062587,
        "nauc_recall_at_20_diff1": 0.107959,
        "nauc_recall_at_100_max": 0.174292,
        "nauc_recall_at_100_std": -0.473358,
        "nauc_recall_at_100_diff1": 0.633971,
        "nauc_recall_at_1000_max": NaN,
        "nauc_recall_at_1000_std": NaN,
        "nauc_recall_at_1000_diff1": NaN,
        "nauc_precision_at_1_max": 0.281499,
        "nauc_precision_at_1_std": 0.010825,
        "nauc_precision_at_1_diff1": 0.274315,
        "nauc_precision_at_3_max": 0.360306,
        "nauc_precision_at_3_std": -0.105865,
        "nauc_precision_at_3_diff1": 0.223537,
        "nauc_precision_at_5_max": 0.335339,
        "nauc_precision_at_5_std": -0.008815,
        "nauc_precision_at_5_diff1": 0.113564,
        "nauc_precision_at_10_max": 0.589159,
        "nauc_precision_at_10_std": 0.25263,
        "nauc_precision_at_10_diff1": 0.254779,
        "nauc_precision_at_20_max": 0.531734,
        "nauc_precision_at_20_std": 0.195491,
        "nauc_precision_at_20_diff1": 0.130169,
        "nauc_precision_at_100_max": 0.441905,
        "nauc_precision_at_100_std": 0.148523,
        "nauc_precision_at_100_diff1": 0.136957,
        "nauc_precision_at_1000_max": 0.366115,
        "nauc_precision_at_1000_std": 0.209289,
        "nauc_precision_at_1000_diff1": -0.00811,
        "nauc_mrr_at_1_max": 0.281499,
        "nauc_mrr_at_1_std": 0.010825,
        "nauc_mrr_at_1_diff1": 0.274315,
        "nauc_mrr_at_3_max": 0.327936,
        "nauc_mrr_at_3_std": 0.021244,
        "nauc_mrr_at_3_diff1": 0.245804,
        "nauc_mrr_at_5_max": 0.317647,
        "nauc_mrr_at_5_std": 0.028985,
        "nauc_mrr_at_5_diff1": 0.253712,
        "nauc_mrr_at_10_max": 0.340863,
        "nauc_mrr_at_10_std": 0.048627,
        "nauc_mrr_at_10_diff1": 0.266176,
        "nauc_mrr_at_20_max": 0.328189,
        "nauc_mrr_at_20_std": 0.034157,
        "nauc_mrr_at_20_diff1": 0.257316,
        "nauc_mrr_at_100_max": 0.325179,
        "nauc_mrr_at_100_std": 0.030463,
        "nauc_mrr_at_100_diff1": 0.263472,
        "nauc_mrr_at_1000_max": 0.325217,
        "nauc_mrr_at_1000_std": 0.030572,
        "nauc_mrr_at_1000_diff1": 0.263419,
        "hit_rate_at_1": 0.40741,
        "hit_rate_at_3": 0.66667,
        "hit_rate_at_5": 0.74074,
        "hit_rate_at_10": 0.81481,
        "hit_rate_at_20": 0.88889,
        "hit_rate_at_100": 0.96296,
        "hit_rate_at_1000": 1.0,
        "main_score": 0.55756,
        "hf_subset": "default",
        "languages": [
          "eng-Latn"
        ]
      }
    ]
  },
  "evaluation_time": 69.36772537231445,
  "kg_co2_emissions": null,
  "date": 1776447770.694622
}