{
  "dataset_revision": "5d958fb6b31055495347724d46431ba41309b03a",
  "task_name": "ChemNQRetrieval",
  "mteb_version": "2.12.16",
  "scores": {
    "test": [
      {
        "ndcg_at_1": 0.51852,
        "ndcg_at_3": 0.53965,
        "ndcg_at_5": 0.58034,
        "ndcg_at_10": 0.61475,
        "ndcg_at_20": 0.62965,
        "ndcg_at_100": 0.65316,
        "ndcg_at_1000": 0.65906,
        "map_at_1": 0.40123,
        "map_at_3": 0.5,
        "map_at_5": 0.52593,
        "map_at_10": 0.54259,
        "map_at_20": 0.54791,
        "map_at_100": 0.55123,
        "map_at_1000": 0.5514,
        "recall_at_1": 0.40123,
        "recall_at_3": 0.58642,
        "recall_at_5": 0.67901,
        "recall_at_10": 0.7716,
        "recall_at_20": 0.82716,
        "recall_at_100": 0.95062,
        "recall_at_1000": 1.0,
        "accuracy": 0.40123,
        "precision_at_1": 0.51852,
        "precision_at_3": 0.24691,
        "precision_at_5": 0.17037,
        "precision_at_10": 0.1,
        "precision_at_20": 0.0537,
        "precision_at_100": 0.01222,
        "precision_at_1000": 0.0013,
        "mrr_at_1": 0.518519,
        "mrr_at_3": 0.580247,
        "mrr_at_5": 0.598765,
        "mrr_at_10": 0.611111,
        "mrr_at_20": 0.61306,
        "mrr_at_100": 0.616135,
        "mrr_at_1000": 0.616176,
        "nauc_ndcg_at_1_max": 0.479488,
        "nauc_ndcg_at_1_std": 0.17183,
        "nauc_ndcg_at_1_diff1": -0.077408,
        "nauc_ndcg_at_3_max": 0.187768,
        "nauc_ndcg_at_3_std": -0.029288,
        "nauc_ndcg_at_3_diff1": 0.007817,
        "nauc_ndcg_at_5_max": 0.262585,
        "nauc_ndcg_at_5_std": -0.002987,
        "nauc_ndcg_at_5_diff1": -0.020371,
        "nauc_ndcg_at_10_max": 0.335256,
        "nauc_ndcg_at_10_std": 0.114083,
        "nauc_ndcg_at_10_diff1": 0.027501,
        "nauc_ndcg_at_20_max": 0.359083,
        "nauc_ndcg_at_20_std": 0.147403,
        "nauc_ndcg_at_20_diff1": 0.050919,
        "nauc_ndcg_at_100_max": 0.318206,
        "nauc_ndcg_at_100_std": 0.093438,
        "nauc_ndcg_at_100_diff1": 0.055197,
        "nauc_ndcg_at_1000_max": 0.329989,
        "nauc_ndcg_at_1000_std": 0.100994,
        "nauc_ndcg_at_1000_diff1": 0.040004,
        "nauc_map_at_1_max": 0.294285,
        "nauc_map_at_1_std": 0.163329,
        "nauc_map_at_1_diff1": -0.051861,
        "nauc_map_at_3_max": 0.180604,
        "nauc_map_at_3_std": -0.017156,
        "nauc_map_at_3_diff1": 0.028458,
        "nauc_map_at_5_max": 0.233403,
        "nauc_map_at_5_std": 0.001771,
        "nauc_map_at_5_diff1": 0.009754,
        "nauc_map_at_10_max": 0.264006,
        "nauc_map_at_10_std": 0.050485,
        "nauc_map_at_10_diff1": 0.029965,
        "nauc_map_at_20_max": 0.279464,
        "nauc_map_at_20_std": 0.067755,
        "nauc_map_at_20_diff1": 0.035778,
        "nauc_map_at_100_max": 0.274193,
        "nauc_map_at_100_std": 0.061049,
        "nauc_map_at_100_diff1": 0.039243,
        "nauc_map_at_1000_max": 0.274197,
        "nauc_map_at_1000_std": 0.06099,
        "nauc_map_at_1000_diff1": 0.038914,
        "nauc_recall_at_1_max": 0.294285,
        "nauc_recall_at_1_std": 0.163329,
        "nauc_recall_at_1_diff1": -0.051861,
        "nauc_recall_at_3_max": 2e-05,
        "nauc_recall_at_3_std": -0.155136,
        "nauc_recall_at_3_diff1": 0.014313,
        "nauc_recall_at_5_max": 0.149133,
        "nauc_recall_at_5_std": -0.113486,
        "nauc_recall_at_5_diff1": -0.053083,
        "nauc_recall_at_10_max": 0.378421,
        "nauc_recall_at_10_std": 0.257025,
        "nauc_recall_at_10_diff1": 0.104535,
        "nauc_recall_at_20_max": 0.475086,
        "nauc_recall_at_20_std": 0.437483,
        "nauc_recall_at_20_diff1": 0.27971,
        "nauc_recall_at_100_max": -0.34008,
        "nauc_recall_at_100_std": -0.34008,
        "nauc_recall_at_100_diff1": 0.681466,
        "nauc_recall_at_1000_max": NaN,
        "nauc_recall_at_1000_std": NaN,
        "nauc_recall_at_1000_diff1": NaN,
        "nauc_precision_at_1_max": 0.479488,
        "nauc_precision_at_1_std": 0.17183,
        "nauc_precision_at_1_diff1": -0.077408,
        "nauc_precision_at_3_max": 0.146624,
        "nauc_precision_at_3_std": -0.186955,
        "nauc_precision_at_3_diff1": 0.036166,
        "nauc_precision_at_5_max": 0.311459,
        "nauc_precision_at_5_std": -0.110935,
        "nauc_precision_at_5_diff1": -0.033965,
        "nauc_precision_at_10_max": 0.440191,
        "nauc_precision_at_10_std": 0.215973,
        "nauc_precision_at_10_diff1": 0.078729,
        "nauc_precision_at_20_max": 0.523017,
        "nauc_precision_at_20_std": 0.335586,
        "nauc_precision_at_20_diff1": 0.142651,
        "nauc_precision_at_100_max": 0.35892,
        "nauc_precision_at_100_std": 0.14458,
        "nauc_precision_at_100_diff1": 0.103939,
        "nauc_precision_at_1000_max": 0.354203,
        "nauc_precision_at_1000_std": 0.1549,
        "nauc_precision_at_1000_diff1": -0.025074,
        "nauc_mrr_at_1_max": 0.479488,
        "nauc_mrr_at_1_std": 0.17183,
        "nauc_mrr_at_1_diff1": -0.077408,
        "nauc_mrr_at_3_max": 0.394726,
        "nauc_mrr_at_3_std": 0.082782,
        "nauc_mrr_at_3_diff1": -0.057084,
        "nauc_mrr_at_5_max": 0.416354,
        "nauc_mrr_at_5_std": 0.092303,
        "nauc_mrr_at_5_diff1": -0.066168,
        "nauc_mrr_at_10_max": 0.444491,
        "nauc_mrr_at_10_std": 0.143213,
        "nauc_mrr_at_10_diff1": -0.044301,
        "nauc_mrr_at_20_max": 0.441302,
        "nauc_mrr_at_20_std": 0.141669,
        "nauc_mrr_at_20_diff1": -0.040766,
        "nauc_mrr_at_100_max": 0.437666,
        "nauc_mrr_at_100_std": 0.135748,
        "nauc_mrr_at_100_diff1": -0.037478,
        "nauc_mrr_at_1000_max": 0.437809,
        "nauc_mrr_at_1000_std": 0.135848,
        "nauc_mrr_at_1000_diff1": -0.037586,
        "hit_rate_at_1": 0.51852,
        "hit_rate_at_3": 0.66667,
        "hit_rate_at_5": 0.74074,
        "hit_rate_at_10": 0.81481,
        "hit_rate_at_20": 0.85185,
        "hit_rate_at_100": 0.96296,
        "hit_rate_at_1000": 1.0,
        "main_score": 0.61475,
        "hf_subset": "default",
        "languages": [
          "eng-Latn"
        ]
      }
    ]
  },
  "evaluation_time": 61.653661489486694,
  "kg_co2_emissions": null,
  "date": 1778641311.095062
}