{
  "dataset_revision": "5d958fb6b31055495347724d46431ba41309b03a",
  "task_name": "ChemNQRetrieval",
  "mteb_version": "2.12.20",
  "scores": {
    "test": [
      {
        "ndcg_at_1": 0.44444,
        "ndcg_at_3": 0.53568,
        "ndcg_at_5": 0.57637,
        "ndcg_at_10": 0.59878,
        "ndcg_at_20": 0.62275,
        "ndcg_at_100": 0.63875,
        "ndcg_at_1000": 0.645,
        "map_at_1": 0.32716,
        "map_at_3": 0.48148,
        "map_at_5": 0.50741,
        "map_at_10": 0.51975,
        "map_at_20": 0.52726,
        "map_at_100": 0.52927,
        "map_at_1000": 0.52949,
        "recall_at_1": 0.32716,
        "recall_at_3": 0.62346,
        "recall_at_5": 0.71605,
        "recall_at_10": 0.7716,
        "recall_at_20": 0.8642,
        "recall_at_100": 0.95062,
        "recall_at_1000": 1.0,
        "accuracy": 0.32716,
        "precision_at_1": 0.44444,
        "precision_at_3": 0.25926,
        "precision_at_5": 0.17778,
        "precision_at_10": 0.1,
        "precision_at_20": 0.05556,
        "precision_at_100": 0.01222,
        "precision_at_1000": 0.0013,
        "mrr_at_1": 0.444444,
        "mrr_at_3": 0.561728,
        "mrr_at_5": 0.580247,
        "mrr_at_10": 0.58642,
        "mrr_at_20": 0.590838,
        "mrr_at_100": 0.592597,
        "mrr_at_1000": 0.59266,
        "nauc_ndcg_at_1_max": 0.321757,
        "nauc_ndcg_at_1_std": -0.074636,
        "nauc_ndcg_at_1_diff1": 0.429626,
        "nauc_ndcg_at_3_max": 0.101833,
        "nauc_ndcg_at_3_std": -0.250058,
        "nauc_ndcg_at_3_diff1": 0.271374,
        "nauc_ndcg_at_5_max": 0.244824,
        "nauc_ndcg_at_5_std": -0.148992,
        "nauc_ndcg_at_5_diff1": 0.30173,
        "nauc_ndcg_at_10_max": 0.333594,
        "nauc_ndcg_at_10_std": -0.008529,
        "nauc_ndcg_at_10_diff1": 0.353412,
        "nauc_ndcg_at_20_max": 0.31056,
        "nauc_ndcg_at_20_std": -0.032217,
        "nauc_ndcg_at_20_diff1": 0.381214,
        "nauc_ndcg_at_100_max": 0.276277,
        "nauc_ndcg_at_100_std": -0.0804,
        "nauc_ndcg_at_100_diff1": 0.368015,
        "nauc_ndcg_at_1000_max": 0.280267,
        "nauc_ndcg_at_1000_std": -0.075707,
        "nauc_ndcg_at_1000_diff1": 0.360214,
        "nauc_map_at_1_max": 0.153314,
        "nauc_map_at_1_std": -0.07454,
        "nauc_map_at_1_diff1": 0.351888,
        "nauc_map_at_3_max": 0.088733,
        "nauc_map_at_3_std": -0.232372,
        "nauc_map_at_3_diff1": 0.297375,
        "nauc_map_at_5_max": 0.178162,
        "nauc_map_at_5_std": -0.172474,
        "nauc_map_at_5_diff1": 0.311411,
        "nauc_map_at_10_max": 0.223379,
        "nauc_map_at_10_std": -0.102407,
        "nauc_map_at_10_diff1": 0.340811,
        "nauc_map_at_20_max": 0.219774,
        "nauc_map_at_20_std": -0.110897,
        "nauc_map_at_20_diff1": 0.342141,
        "nauc_map_at_100_max": 0.215921,
        "nauc_map_at_100_std": -0.115984,
        "nauc_map_at_100_diff1": 0.341145,
        "nauc_map_at_1000_max": 0.215759,
        "nauc_map_at_1000_std": -0.116124,
        "nauc_map_at_1000_diff1": 0.341074,
        "nauc_recall_at_1_max": 0.153314,
        "nauc_recall_at_1_std": -0.07454,
        "nauc_recall_at_1_diff1": 0.351888,
        "nauc_recall_at_3_max": -0.058724,
        "nauc_recall_at_3_std": -0.360986,
        "nauc_recall_at_3_diff1": 0.124716,
        "nauc_recall_at_5_max": 0.270763,
        "nauc_recall_at_5_std": -0.125354,
        "nauc_recall_at_5_diff1": 0.178015,
        "nauc_recall_at_10_max": 0.577695,
        "nauc_recall_at_10_std": 0.319247,
        "nauc_recall_at_10_diff1": 0.345373,
        "nauc_recall_at_20_max": 0.536106,
        "nauc_recall_at_20_std": 0.341441,
        "nauc_recall_at_20_diff1": 0.642926,
        "nauc_recall_at_100_max": 0.007347,
        "nauc_recall_at_100_std": -0.34008,
        "nauc_recall_at_100_diff1": 0.679037,
        "nauc_recall_at_1000_max": NaN,
        "nauc_recall_at_1000_std": NaN,
        "nauc_recall_at_1000_diff1": NaN,
        "nauc_precision_at_1_max": 0.321757,
        "nauc_precision_at_1_std": -0.074636,
        "nauc_precision_at_1_diff1": 0.429626,
        "nauc_precision_at_3_max": 0.134645,
        "nauc_precision_at_3_std": -0.36078,
        "nauc_precision_at_3_diff1": 0.261588,
        "nauc_precision_at_5_max": 0.423445,
        "nauc_precision_at_5_std": -0.130419,
        "nauc_precision_at_5_diff1": 0.253857,
        "nauc_precision_at_10_max": 0.598632,
        "nauc_precision_at_10_std": 0.309011,
        "nauc_precision_at_10_diff1": 0.341315,
        "nauc_precision_at_20_max": 0.569859,
        "nauc_precision_at_20_std": 0.275192,
        "nauc_precision_at_20_diff1": 0.385295,
        "nauc_precision_at_100_max": 0.419861,
        "nauc_precision_at_100_std": 0.119578,
        "nauc_precision_at_100_diff1": 0.291077,
        "nauc_precision_at_1000_max": 0.354203,
        "nauc_precision_at_1000_std": 0.131653,
        "nauc_precision_at_1000_diff1": 0.177335,
        "nauc_mrr_at_1_max": 0.321757,
        "nauc_mrr_at_1_std": -0.074636,
        "nauc_mrr_at_1_diff1": 0.429626,
        "nauc_mrr_at_3_max": 0.281606,
        "nauc_mrr_at_3_std": -0.142634,
        "nauc_mrr_at_3_diff1": 0.332885,
        "nauc_mrr_at_5_max": 0.336501,
        "nauc_mrr_at_5_std": -0.09438,
        "nauc_mrr_at_5_diff1": 0.358408,
        "nauc_mrr_at_10_max": 0.353426,
        "nauc_mrr_at_10_std": -0.05976,
        "nauc_mrr_at_10_diff1": 0.361437,
        "nauc_mrr_at_20_max": 0.345946,
        "nauc_mrr_at_20_std": -0.064049,
        "nauc_mrr_at_20_diff1": 0.369495,
        "nauc_mrr_at_100_max": 0.343261,
        "nauc_mrr_at_100_std": -0.068446,
        "nauc_mrr_at_100_diff1": 0.368608,
        "nauc_mrr_at_1000_max": 0.343373,
        "nauc_mrr_at_1000_std": -0.068337,
        "nauc_mrr_at_1000_diff1": 0.368501,
        "hit_rate_at_1": 0.44444,
        "hit_rate_at_3": 0.7037,
        "hit_rate_at_5": 0.77778,
        "hit_rate_at_10": 0.81481,
        "hit_rate_at_20": 0.88889,
        "hit_rate_at_100": 0.96296,
        "hit_rate_at_1000": 1.0,
        "main_score": 0.59878,
        "hf_subset": "default",
        "languages": [
          "eng-Latn"
        ]
      }
    ]
  },
  "evaluation_time": 69.4926929473877,
  "kg_co2_emissions": null,
  "date": 1776408889.265907
}