{
  "dataset_revision": "1840e8a5ac6ec752bbdd97d543ead0189bc7c25b",
  "task_name": "ChemHotpotQARetrieval",
  "mteb_version": "2.12.20",
  "scores": {
    "train": [
      {
        "ndcg_at_1": 0.82222,
        "ndcg_at_3": 0.86472,
        "ndcg_at_5": 0.87643,
        "ndcg_at_10": 0.88382,
        "ndcg_at_20": 0.88833,
        "ndcg_at_100": 0.89142,
        "ndcg_at_1000": 0.89288,
        "map_at_1": 0.80278,
        "map_at_3": 0.85093,
        "map_at_5": 0.85759,
        "map_at_10": 0.86076,
        "map_at_20": 0.86215,
        "map_at_100": 0.86287,
        "map_at_1000": 0.86293,
        "recall_at_1": 0.80278,
        "recall_at_3": 0.89722,
        "recall_at_5": 0.925,
        "recall_at_10": 0.94722,
        "recall_at_20": 0.96389,
        "recall_at_100": 0.97778,
        "recall_at_1000": 0.98889,
        "accuracy": 0.80278,
        "precision_at_1": 0.82222,
        "precision_at_3": 0.30926,
        "precision_at_5": 0.19111,
        "precision_at_10": 0.09778,
        "precision_at_20": 0.04972,
        "precision_at_100": 0.01017,
        "precision_at_1000": 0.00103,
        "mrr_at_1": 0.822222,
        "mrr_at_3": 0.859259,
        "mrr_at_5": 0.865926,
        "mrr_at_10": 0.86909,
        "mrr_at_20": 0.870485,
        "mrr_at_100": 0.870627,
        "mrr_at_1000": 0.870685,
        "nauc_ndcg_at_1_max": 0.622292,
        "nauc_ndcg_at_1_std": -0.135909,
        "nauc_ndcg_at_1_diff1": 0.887813,
        "nauc_ndcg_at_3_max": 0.512671,
        "nauc_ndcg_at_3_std": -0.270205,
        "nauc_ndcg_at_3_diff1": 0.757799,
        "nauc_ndcg_at_5_max": 0.478356,
        "nauc_ndcg_at_5_std": -0.33485,
        "nauc_ndcg_at_5_diff1": 0.753739,
        "nauc_ndcg_at_10_max": 0.478627,
        "nauc_ndcg_at_10_std": -0.297493,
        "nauc_ndcg_at_10_diff1": 0.748708,
        "nauc_ndcg_at_20_max": 0.468701,
        "nauc_ndcg_at_20_std": -0.289031,
        "nauc_ndcg_at_20_diff1": 0.741824,
        "nauc_ndcg_at_100_max": 0.494769,
        "nauc_ndcg_at_100_std": -0.253738,
        "nauc_ndcg_at_100_diff1": 0.772152,
        "nauc_ndcg_at_1000_max": 0.491553,
        "nauc_ndcg_at_1000_std": -0.249332,
        "nauc_ndcg_at_1000_diff1": 0.773988,
        "nauc_map_at_1_max": 0.504029,
        "nauc_map_at_1_std": -0.213858,
        "nauc_map_at_1_diff1": 0.817012,
        "nauc_map_at_3_max": 0.508966,
        "nauc_map_at_3_std": -0.259347,
        "nauc_map_at_3_diff1": 0.753025,
        "nauc_map_at_5_max": 0.491873,
        "nauc_map_at_5_std": -0.290318,
        "nauc_map_at_5_diff1": 0.750329,
        "nauc_map_at_10_max": 0.491815,
        "nauc_map_at_10_std": -0.275356,
        "nauc_map_at_10_diff1": 0.748229,
        "nauc_map_at_20_max": 0.489492,
        "nauc_map_at_20_std": -0.273003,
        "nauc_map_at_20_diff1": 0.746515,
        "nauc_map_at_100_max": 0.494762,
        "nauc_map_at_100_std": -0.26713,
        "nauc_map_at_100_diff1": 0.752711,
        "nauc_map_at_1000_max": 0.494644,
        "nauc_map_at_1000_std": -0.266998,
        "nauc_map_at_1000_diff1": 0.752751,
        "nauc_recall_at_1_max": 0.504029,
        "nauc_recall_at_1_std": -0.213858,
        "nauc_recall_at_1_diff1": 0.817012,
        "nauc_recall_at_3_max": 0.418418,
        "nauc_recall_at_3_std": -0.392673,
        "nauc_recall_at_3_diff1": 0.652667,
        "nauc_recall_at_5_max": 0.249801,
        "nauc_recall_at_5_std": -0.681139,
        "nauc_recall_at_5_diff1": 0.595515,
        "nauc_recall_at_10_max": 0.161408,
        "nauc_recall_at_10_std": -0.596516,
        "nauc_recall_at_10_diff1": 0.499656,
        "nauc_recall_at_20_max": -0.094197,
        "nauc_recall_at_20_std": -0.641923,
        "nauc_recall_at_20_diff1": 0.308949,
        "nauc_recall_at_100_max": 0.098623,
        "nauc_recall_at_100_std": -0.102708,
        "nauc_recall_at_100_diff1": 0.674953,
        "nauc_recall_at_1000_max": -0.514472,
        "nauc_recall_at_1000_std": 0.358077,
        "nauc_recall_at_1000_diff1": 0.711718,
        "nauc_precision_at_1_max": 0.622292,
        "nauc_precision_at_1_std": -0.135909,
        "nauc_precision_at_1_diff1": 0.887813,
        "nauc_precision_at_3_max": 0.434745,
        "nauc_precision_at_3_std": -0.138751,
        "nauc_precision_at_3_diff1": 0.421086,
        "nauc_precision_at_5_max": 0.321875,
        "nauc_precision_at_5_std": -0.279893,
        "nauc_precision_at_5_diff1": 0.323821,
        "nauc_precision_at_10_max": 0.285014,
        "nauc_precision_at_10_std": -0.118868,
        "nauc_precision_at_10_diff1": 0.190301,
        "nauc_precision_at_20_max": 0.177102,
        "nauc_precision_at_20_std": -0.023733,
        "nauc_precision_at_20_diff1": 0.009056,
        "nauc_precision_at_100_max": 0.28961,
        "nauc_precision_at_100_std": 0.339902,
        "nauc_precision_at_100_diff1": 0.145916,
        "nauc_precision_at_1000_max": 0.230073,
        "nauc_precision_at_1000_std": 0.467323,
        "nauc_precision_at_1000_diff1": 0.076482,
        "nauc_mrr_at_1_max": 0.622292,
        "nauc_mrr_at_1_std": -0.135909,
        "nauc_mrr_at_1_diff1": 0.887813,
        "nauc_mrr_at_3_max": 0.600395,
        "nauc_mrr_at_3_std": -0.190154,
        "nauc_mrr_at_3_diff1": 0.857533,
        "nauc_mrr_at_5_max": 0.587082,
        "nauc_mrr_at_5_std": -0.219282,
        "nauc_mrr_at_5_diff1": 0.860107,
        "nauc_mrr_at_10_max": 0.589423,
        "nauc_mrr_at_10_std": -0.201662,
        "nauc_mrr_at_10_diff1": 0.860656,
        "nauc_mrr_at_20_max": 0.588064,
        "nauc_mrr_at_20_std": -0.198341,
        "nauc_mrr_at_20_diff1": 0.860108,
        "nauc_mrr_at_100_max": 0.588103,
        "nauc_mrr_at_100_std": -0.196568,
        "nauc_mrr_at_100_diff1": 0.860098,
        "nauc_mrr_at_1000_max": 0.588023,
        "nauc_mrr_at_1000_std": -0.196395,
        "nauc_mrr_at_1000_diff1": 0.86019,
        "hit_rate_at_1": 0.82222,
        "hit_rate_at_3": 0.90556,
        "hit_rate_at_5": 0.93333,
        "hit_rate_at_10": 0.95556,
        "hit_rate_at_20": 0.97222,
        "hit_rate_at_100": 0.97778,
        "hit_rate_at_1000": 0.98889,
        "main_score": 0.88382,
        "hf_subset": "default",
        "languages": [
          "eng-Latn"
        ]
      }
    ],
    "dev": [
      {
        "ndcg_at_1": 0.875,
        "ndcg_at_3": 0.875,
        "ndcg_at_5": 0.875,
        "ndcg_at_10": 0.875,
        "ndcg_at_20": 0.875,
        "ndcg_at_100": 0.89526,
        "ndcg_at_1000": 0.89526,
        "map_at_1": 0.875,
        "map_at_3": 0.875,
        "map_at_5": 0.875,
        "map_at_10": 0.875,
        "map_at_20": 0.875,
        "map_at_100": 0.87676,
        "map_at_1000": 0.87676,
        "recall_at_1": 0.875,
        "recall_at_3": 0.875,
        "recall_at_5": 0.875,
        "recall_at_10": 0.875,
        "recall_at_20": 0.875,
        "recall_at_100": 1.0,
        "recall_at_1000": 1.0,
        "accuracy": 0.875,
        "precision_at_1": 0.875,
        "precision_at_3": 0.29167,
        "precision_at_5": 0.175,
        "precision_at_10": 0.0875,
        "precision_at_20": 0.04375,
        "precision_at_100": 0.01,
        "precision_at_1000": 0.001,
        "mrr_at_1": 0.875,
        "mrr_at_3": 0.875,
        "mrr_at_5": 0.875,
        "mrr_at_10": 0.875,
        "mrr_at_20": 0.875,
        "mrr_at_100": 0.876761,
        "mrr_at_1000": 0.876761,
        "nauc_ndcg_at_1_max": 0.865546,
        "nauc_ndcg_at_1_std": 0.865546,
        "nauc_ndcg_at_1_diff1": 0.128291,
        "nauc_ndcg_at_3_max": 0.865546,
        "nauc_ndcg_at_3_std": 0.865546,
        "nauc_ndcg_at_3_diff1": 0.128291,
        "nauc_ndcg_at_5_max": 0.865546,
        "nauc_ndcg_at_5_std": 0.865546,
        "nauc_ndcg_at_5_diff1": 0.128291,
        "nauc_ndcg_at_10_max": 0.865546,
        "nauc_ndcg_at_10_std": 0.865546,
        "nauc_ndcg_at_10_diff1": 0.128291,
        "nauc_ndcg_at_20_max": 0.865546,
        "nauc_ndcg_at_20_std": 0.865546,
        "nauc_ndcg_at_20_diff1": 0.128291,
        "nauc_ndcg_at_100_max": 0.865546,