{
  "dataset_revision": "5377aa18f309ec440ff6325a4c2cd3362c2cb8d7",
  "task_name": "ChemRxivRetrieval",
  "mteb_version": "2.12.20",
  "scores": {
    "test": [
      {
        "ndcg_at_1": 0.8138,
        "ndcg_at_3": 0.88394,
        "ndcg_at_5": 0.89423,
        "ndcg_at_10": 0.89953,
        "ndcg_at_20": 0.90299,
        "ndcg_at_100": 0.9047,
        "ndcg_at_1000": 0.90537,
        "map_at_1": 0.8138,
        "map_at_3": 0.86743,
        "map_at_5": 0.87319,
        "map_at_10": 0.87542,
        "map_at_20": 0.8764,
        "map_at_100": 0.87665,
        "map_at_1000": 0.87668,
        "recall_at_1": 0.8138,
        "recall_at_3": 0.9314,
        "recall_at_5": 0.9562,
        "recall_at_10": 0.9724,
        "recall_at_20": 0.9858,
        "recall_at_100": 0.9948,
        "recall_at_1000": 1.0,
        "accuracy": 0.8138,
        "precision_at_1": 0.8138,
        "precision_at_3": 0.31047,
        "precision_at_5": 0.19124,
        "precision_at_10": 0.09724,
        "precision_at_20": 0.04929,
        "precision_at_100": 0.00995,
        "precision_at_1000": 0.001,
        "mrr_at_1": 0.8138,
        "mrr_at_3": 0.867367,
        "mrr_at_5": 0.873217,
        "mrr_at_10": 0.875405,
        "mrr_at_20": 0.876388,
        "mrr_at_100": 0.87664,
        "mrr_at_1000": 0.876667,
        "nauc_ndcg_at_1_max": 0.522661,
        "nauc_ndcg_at_1_std": -0.236187,
        "nauc_ndcg_at_1_diff1": 0.834957,
        "nauc_ndcg_at_3_max": 0.576174,
        "nauc_ndcg_at_3_std": -0.256559,
        "nauc_ndcg_at_3_diff1": 0.81123,
        "nauc_ndcg_at_5_max": 0.580231,
        "nauc_ndcg_at_5_std": -0.244031,
        "nauc_ndcg_at_5_diff1": 0.815392,
        "nauc_ndcg_at_10_max": 0.575718,
        "nauc_ndcg_at_10_std": -0.239686,
        "nauc_ndcg_at_10_diff1": 0.817341,
        "nauc_ndcg_at_20_max": 0.571115,
        "nauc_ndcg_at_20_std": -0.234878,
        "nauc_ndcg_at_20_diff1": 0.818259,
        "nauc_ndcg_at_100_max": 0.56605,
        "nauc_ndcg_at_100_std": -0.236644,
        "nauc_ndcg_at_100_diff1": 0.818226,
        "nauc_ndcg_at_1000_max": 0.5635,
        "nauc_ndcg_at_1000_std": -0.239572,
        "nauc_ndcg_at_1000_diff1": 0.8188,
        "nauc_map_at_1_max": 0.522661,
        "nauc_map_at_1_std": -0.236187,
        "nauc_map_at_1_diff1": 0.834957,
        "nauc_map_at_3_max": 0.559019,
        "nauc_map_at_3_std": -0.250227,
        "nauc_map_at_3_diff1": 0.817197,
        "nauc_map_at_5_max": 0.560063,
        "nauc_map_at_5_std": -0.243969,
        "nauc_map_at_5_diff1": 0.819459,
        "nauc_map_at_10_max": 0.558181,
        "nauc_map_at_10_std": -0.242483,
        "nauc_map_at_10_diff1": 0.820244,
        "nauc_map_at_20_max": 0.557068,
        "nauc_map_at_20_std": -0.241418,
        "nauc_map_at_20_diff1": 0.820445,
        "nauc_map_at_100_max": 0.556487,
        "nauc_map_at_100_std": -0.241568,
        "nauc_map_at_100_diff1": 0.820438,
        "nauc_map_at_1000_max": 0.556406,
        "nauc_map_at_1000_std": -0.241647,
        "nauc_map_at_1000_diff1": 0.82045,
        "nauc_recall_at_1_max": 0.522661,
        "nauc_recall_at_1_std": -0.236187,
        "nauc_recall_at_1_diff1": 0.834957,
        "nauc_recall_at_3_max": 0.667297,
        "nauc_recall_at_3_std": -0.290033,
        "nauc_recall_at_3_diff1": 0.780839,
        "nauc_recall_at_5_max": 0.742062,
        "nauc_recall_at_5_std": -0.239886,
        "nauc_recall_at_5_diff1": 0.78659,
        "nauc_recall_at_10_max": 0.788306,
        "nauc_recall_at_10_std": -0.191325,
        "nauc_recall_at_10_diff1": 0.789395,
        "nauc_recall_at_20_max": 0.8684,
        "nauc_recall_at_20_std": -0.024027,
        "nauc_recall_at_20_diff1": 0.788108,
        "nauc_recall_at_100_max": 0.907258,
        "nauc_recall_at_100_std": 0.163991,
        "nauc_recall_at_100_diff1": 0.734845,
        "nauc_recall_at_1000_max": NaN,
        "nauc_recall_at_1000_std": NaN,
        "nauc_recall_at_1000_diff1": NaN,
        "nauc_precision_at_1_max": 0.522661,
        "nauc_precision_at_1_std": -0.236187,
        "nauc_precision_at_1_diff1": 0.834957,
        "nauc_precision_at_3_max": 0.667297,
        "nauc_precision_at_3_std": -0.290033,
        "nauc_precision_at_3_diff1": 0.780839,
        "nauc_precision_at_5_max": 0.742062,
        "nauc_precision_at_5_std": -0.239886,
        "nauc_precision_at_5_diff1": 0.78659,
        "nauc_precision_at_10_max": 0.788306,
        "nauc_precision_at_10_std": -0.191325,
        "nauc_precision_at_10_diff1": 0.789395,
        "nauc_precision_at_20_max": 0.8684,
        "nauc_precision_at_20_std": -0.024027,
        "nauc_precision_at_20_diff1": 0.788108,
        "nauc_precision_at_100_max": 0.907258,
        "nauc_precision_at_100_std": 0.163991,
        "nauc_precision_at_100_diff1": 0.734845,
        "nauc_precision_at_1000_max": 1.0,
        "nauc_precision_at_1000_std": 1.0,
        "nauc_precision_at_1000_diff1": 1.0,
        "nauc_mrr_at_1_max": 0.522661,
        "nauc_mrr_at_1_std": -0.236187,
        "nauc_mrr_at_1_diff1": 0.834957,
        "nauc_mrr_at_3_max": 0.558913,
        "nauc_mrr_at_3_std": -0.2507,
        "nauc_mrr_at_3_diff1": 0.817293,
        "nauc_mrr_at_5_max": 0.560102,
        "nauc_mrr_at_5_std": -0.244215,
        "nauc_mrr_at_5_diff1": 0.819714,
        "nauc_mrr_at_10_max": 0.558164,
        "nauc_mrr_at_10_std": -0.242631,
        "nauc_mrr_at_10_diff1": 0.820308,
        "nauc_mrr_at_20_max": 0.557048,
        "nauc_mrr_at_20_std": -0.241562,
        "nauc_mrr_at_20_diff1": 0.820508,
        "nauc_mrr_at_100_max": 0.556467,
        "nauc_mrr_at_100_std": -0.241712,
        "nauc_mrr_at_100_diff1": 0.820502,
        "nauc_mrr_at_1000_max": 0.556386,
        "nauc_mrr_at_1000_std": -0.24179,
        "nauc_mrr_at_1000_diff1": 0.820514,
        "hit_rate_at_1": 0.8138,
        "hit_rate_at_3": 0.9314,
        "hit_rate_at_5": 0.9562,
        "hit_rate_at_10": 0.9724,
        "hit_rate_at_20": 0.9858,
        "hit_rate_at_100": 0.9948,
        "hit_rate_at_1000": 1.0,
        "main_score": 0.89953,
        "hf_subset": "default",
        "languages": [
          "eng-Latn"
        ]
      }
    ]
  },
  "evaluation_time": 469.2584192752838,
  "kg_co2_emissions": null,
  "date": 1776409477.229326
}