{
  "dataset_revision": "5d958fb6b31055495347724d46431ba41309b03a",
  "task_name": "ChemNQRetrieval",
  "mteb_version": "2.12.15",
  "scores": {
    "test": [
      {
        "ndcg_at_1": 0.44444,
        "ndcg_at_3": 0.52245,
        "ndcg_at_5": 0.55989,
        "ndcg_at_10": 0.57981,
        "ndcg_at_20": 0.61491,
        "ndcg_at_100": 0.633,
        "ndcg_at_1000": 0.63932,
        "map_at_1": 0.34568,
        "map_at_3": 0.4784,
        "map_at_5": 0.50062,
        "map_at_10": 0.50855,
        "map_at_20": 0.52093,
        "map_at_100": 0.52394,
        "map_at_1000": 0.52428,
        "recall_at_1": 0.34568,
        "recall_at_3": 0.58642,
        "recall_at_5": 0.67901,
        "recall_at_10": 0.73457,
        "recall_at_20": 0.8642,
        "recall_at_100": 0.95062,
        "recall_at_1000": 1.0,
        "accuracy": 0.34568,
        "precision_at_1": 0.44444,
        "precision_at_3": 0.24691,
        "precision_at_5": 0.17037,
        "precision_at_10": 0.09259,
        "precision_at_20": 0.05556,
        "precision_at_100": 0.01222,
        "precision_at_1000": 0.0013,
        "mrr_at_1": 0.444444,
        "mrr_at_3": 0.549383,
        "mrr_at_5": 0.564198,
        "mrr_at_10": 0.57478,
        "mrr_at_20": 0.578908,
        "mrr_at_100": 0.581489,
        "mrr_at_1000": 0.581535,
        "nauc_ndcg_at_1_max": 0.164666,
        "nauc_ndcg_at_1_std": -0.095962,
        "nauc_ndcg_at_1_diff1": 0.409283,
        "nauc_ndcg_at_3_max": 0.176469,
        "nauc_ndcg_at_3_std": -0.121142,
        "nauc_ndcg_at_3_diff1": 0.279595,
        "nauc_ndcg_at_5_max": 0.211721,
        "nauc_ndcg_at_5_std": -0.089468,
        "nauc_ndcg_at_5_diff1": 0.22995,
        "nauc_ndcg_at_10_max": 0.223448,
        "nauc_ndcg_at_10_std": -0.071515,
        "nauc_ndcg_at_10_diff1": 0.230346,
        "nauc_ndcg_at_20_max": 0.252611,
        "nauc_ndcg_at_20_std": -0.0561,
        "nauc_ndcg_at_20_diff1": 0.256895,
        "nauc_ndcg_at_100_max": 0.221702,
        "nauc_ndcg_at_100_std": -0.086426,
        "nauc_ndcg_at_100_diff1": 0.305874,
        "nauc_ndcg_at_1000_max": 0.225647,
        "nauc_ndcg_at_1000_std": -0.077271,
        "nauc_ndcg_at_1000_diff1": 0.2972,
        "nauc_map_at_1_max": 0.010746,
        "nauc_map_at_1_std": -0.12426,
        "nauc_map_at_1_diff1": 0.293897,
        "nauc_map_at_3_max": 0.123532,
        "nauc_map_at_3_std": -0.163595,
        "nauc_map_at_3_diff1": 0.293726,
        "nauc_map_at_5_max": 0.150203,
        "nauc_map_at_5_std": -0.145204,
        "nauc_map_at_5_diff1": 0.262171,
        "nauc_map_at_10_max": 0.150956,
        "nauc_map_at_10_std": -0.14253,
        "nauc_map_at_10_diff1": 0.260246,
        "nauc_map_at_20_max": 0.172871,
        "nauc_map_at_20_std": -0.123444,
        "nauc_map_at_20_diff1": 0.277893,
        "nauc_map_at_100_max": 0.167985,
        "nauc_map_at_100_std": -0.12839,
        "nauc_map_at_100_diff1": 0.284946,
        "nauc_map_at_1000_max": 0.167778,
        "nauc_map_at_1000_std": -0.12822,
        "nauc_map_at_1000_diff1": 0.284683,
        "nauc_recall_at_1_max": 0.010746,
        "nauc_recall_at_1_std": -0.12426,
        "nauc_recall_at_1_diff1": 0.293897,
        "nauc_recall_at_3_max": 0.181632,
        "nauc_recall_at_3_std": -0.096493,
        "nauc_recall_at_3_diff1": 0.198043,
        "nauc_recall_at_5_max": 0.255801,
        "nauc_recall_at_5_std": -0.006383,
        "nauc_recall_at_5_diff1": 0.047154,
        "nauc_recall_at_10_max": 0.277803,
        "nauc_recall_at_10_std": 0.042854,
        "nauc_recall_at_10_diff1": -0.008939,
        "nauc_recall_at_20_max": 0.415414,
        "nauc_recall_at_20_std": 0.062587,
        "nauc_recall_at_20_diff1": -0.051312,
        "nauc_recall_at_100_max": -0.042286,
        "nauc_recall_at_100_std": -0.473358,
        "nauc_recall_at_100_diff1": 0.631834,
        "nauc_recall_at_1000_max": NaN,
        "nauc_recall_at_1000_std": NaN,
        "nauc_recall_at_1000_diff1": NaN,
        "nauc_precision_at_1_max": 0.164666,
        "nauc_precision_at_1_std": -0.095962,
        "nauc_precision_at_1_diff1": 0.409283,
        "nauc_precision_at_3_max": 0.387697,
        "nauc_precision_at_3_std": -0.093762,
        "nauc_precision_at_3_diff1": 0.297592,
        "nauc_precision_at_5_max": 0.452235,
        "nauc_precision_at_5_std": 0.002801,
        "nauc_precision_at_5_diff1": 0.124449,
        "nauc_precision_at_10_max": 0.566721,
        "nauc_precision_at_10_std": 0.121959,
        "nauc_precision_at_10_diff1": 0.163448,
        "nauc_precision_at_20_max": 0.638832,
        "nauc_precision_at_20_std": 0.254575,
        "nauc_precision_at_20_diff1": 0.249413,
        "nauc_precision_at_100_max": 0.549871,
        "nauc_precision_at_100_std": 0.216236,
        "nauc_precision_at_100_diff1": 0.366439,
        "nauc_precision_at_1000_max": 0.493981,
        "nauc_precision_at_1000_std": 0.272252,
        "nauc_precision_at_1000_diff1": 0.2379,
        "nauc_mrr_at_1_max": 0.164666,
        "nauc_mrr_at_1_std": -0.095962,
        "nauc_mrr_at_1_diff1": 0.409283,
        "nauc_mrr_at_3_max": 0.264685,
        "nauc_mrr_at_3_std": -0.041884,
        "nauc_mrr_at_3_diff1": 0.319783,
        "nauc_mrr_at_5_max": 0.265717,
        "nauc_mrr_at_5_std": -0.031678,
        "nauc_mrr_at_5_diff1": 0.309664,
        "nauc_mrr_at_10_max": 0.280782,
        "nauc_mrr_at_10_std": -0.011993,
        "nauc_mrr_at_10_diff1": 0.321034,
        "nauc_mrr_at_20_max": 0.27043,
        "nauc_mrr_at_20_std": -0.024034,
        "nauc_mrr_at_20_diff1": 0.314985,
        "nauc_mrr_at_100_max": 0.266758,
        "nauc_mrr_at_100_std": -0.028274,
        "nauc_mrr_at_100_diff1": 0.322649,
        "nauc_mrr_at_1000_max": 0.266826,
        "nauc_mrr_at_1000_std": -0.028191,
        "nauc_mrr_at_1000_diff1": 0.322588,
        "hit_rate_at_1": 0.44444,
        "hit_rate_at_3": 0.66667,
        "hit_rate_at_5": 0.74074,
        "hit_rate_at_10": 0.81481,
        "hit_rate_at_20": 0.88889,
        "hit_rate_at_100": 0.96296,
        "hit_rate_at_1000": 1.0,
        "main_score": 0.57981,
        "hf_subset": "default",
        "languages": [
          "eng-Latn"
        ]
      }
    ]
  },
  "evaluation_time": 71.50982785224915,
  "kg_co2_emissions": null,
  "date": 1775762937.787494
}