{
  "dataset_revision": "1840e8a5ac6ec752bbdd97d543ead0189bc7c25b",
  "task_name": "ChemHotpotQARetrieval",
  "mteb_version": "2.12.15",
  "scores": {
    "train": [
      {
        "ndcg_at_1": 0.82778,
        "ndcg_at_3": 0.86837,
        "ndcg_at_5": 0.88009,
        "ndcg_at_10": 0.88695,
        "ndcg_at_20": 0.89044,
        "ndcg_at_100": 0.89366,
        "ndcg_at_1000": 0.89427,
        "map_at_1": 0.80833,
        "map_at_3": 0.8537,
        "map_at_5": 0.86037,
        "map_at_10": 0.86302,
        "map_at_20": 0.86399,
        "map_at_100": 0.86453,
        "map_at_1000": 0.86454,
        "recall_at_1": 0.80833,
        "recall_at_3": 0.90278,
        "recall_at_5": 0.93056,
        "recall_at_10": 0.95278,
        "recall_at_20": 0.96667,
        "recall_at_100": 0.98333,
        "recall_at_1000": 0.98889,
        "accuracy": 0.80833,
        "precision_at_1": 0.82778,
        "precision_at_3": 0.31111,
        "precision_at_5": 0.19222,
        "precision_at_10": 0.09833,
        "precision_at_20": 0.05,
        "precision_at_100": 0.01022,
        "precision_at_1000": 0.00103,
        "mrr_at_1": 0.827778,
        "mrr_at_3": 0.862963,
        "mrr_at_5": 0.86963,
        "mrr_at_10": 0.872284,
        "mrr_at_20": 0.872973,
        "mrr_at_100": 0.873182,
        "mrr_at_1000": 0.873192,
        "nauc_ndcg_at_1_max": 0.663873,
        "nauc_ndcg_at_1_std": -0.173258,
        "nauc_ndcg_at_1_diff1": 0.914598,
        "nauc_ndcg_at_3_max": 0.530415,
        "nauc_ndcg_at_3_std": -0.338866,
        "nauc_ndcg_at_3_diff1": 0.778861,
        "nauc_ndcg_at_5_max": 0.508675,
        "nauc_ndcg_at_5_std": -0.364474,
        "nauc_ndcg_at_5_diff1": 0.77682,
        "nauc_ndcg_at_10_max": 0.501543,
        "nauc_ndcg_at_10_std": -0.377916,
        "nauc_ndcg_at_10_diff1": 0.776068,
        "nauc_ndcg_at_20_max": 0.494391,
        "nauc_ndcg_at_20_std": -0.34462,
        "nauc_ndcg_at_20_diff1": 0.774367,
        "nauc_ndcg_at_100_max": 0.514953,
        "nauc_ndcg_at_100_std": -0.320748,
        "nauc_ndcg_at_100_diff1": 0.804644,
        "nauc_ndcg_at_1000_max": 0.515898,
        "nauc_ndcg_at_1000_std": -0.319286,
        "nauc_ndcg_at_1000_diff1": 0.806152,
        "nauc_map_at_1_max": 0.533873,
        "nauc_map_at_1_std": -0.258599,
        "nauc_map_at_1_diff1": 0.829389,
        "nauc_map_at_3_max": 0.534471,
        "nauc_map_at_3_std": -0.30974,
        "nauc_map_at_3_diff1": 0.774243,
        "nauc_map_at_5_max": 0.52379,
        "nauc_map_at_5_std": -0.322568,
        "nauc_map_at_5_diff1": 0.773214,
        "nauc_map_at_10_max": 0.521129,
        "nauc_map_at_10_std": -0.327349,
        "nauc_map_at_10_diff1": 0.77282,
        "nauc_map_at_20_max": 0.519916,
        "nauc_map_at_20_std": -0.319774,
        "nauc_map_at_20_diff1": 0.772788,
        "nauc_map_at_100_max": 0.524981,
        "nauc_map_at_100_std": -0.315628,
        "nauc_map_at_100_diff1": 0.778923,
        "nauc_map_at_1000_max": 0.524994,
        "nauc_map_at_1000_std": -0.315608,
        "nauc_map_at_1000_diff1": 0.778941,
        "nauc_recall_at_1_max": 0.533873,
        "nauc_recall_at_1_std": -0.258599,
        "nauc_recall_at_1_diff1": 0.829389,
        "nauc_recall_at_3_max": 0.393319,
        "nauc_recall_at_3_std": -0.54429,
        "nauc_recall_at_3_diff1": 0.659432,
        "nauc_recall_at_5_max": 0.252605,
        "nauc_recall_at_5_std": -0.710719,
        "nauc_recall_at_5_diff1": 0.598562,
        "nauc_recall_at_10_max": 0.089224,
        "nauc_recall_at_10_std": -0.954331,
        "nauc_recall_at_10_diff1": 0.510161,
        "nauc_recall_at_20_max": -0.170868,
        "nauc_recall_at_20_std": -0.774043,
        "nauc_recall_at_20_diff1": 0.379163,
        "nauc_recall_at_100_max": -0.34127,
        "nauc_recall_at_100_std": -0.527077,
        "nauc_recall_at_100_diff1": 0.807812,
        "nauc_recall_at_1000_max": -0.690943,
        "nauc_recall_at_1000_std": -0.50887,
        "nauc_recall_at_1000_diff1": 0.934641,
        "nauc_precision_at_1_max": 0.663873,
        "nauc_precision_at_1_std": -0.173258,
        "nauc_precision_at_1_diff1": 0.914598,
        "nauc_precision_at_3_max": 0.422712,
        "nauc_precision_at_3_std": -0.231131,
        "nauc_precision_at_3_diff1": 0.435929,
        "nauc_precision_at_5_max": 0.33439,
        "nauc_precision_at_5_std": -0.261762,
        "nauc_precision_at_5_diff1": 0.333741,
        "nauc_precision_at_10_max": 0.258344,
        "nauc_precision_at_10_std": -0.281453,
        "nauc_precision_at_10_diff1": 0.204033,
        "nauc_precision_at_20_max": 0.128574,
        "nauc_precision_at_20_std": 0.008349,
        "nauc_precision_at_20_diff1": 0.052956,
        "nauc_precision_at_100_max": 0.230755,
        "nauc_precision_at_100_std": 0.323943,
        "nauc_precision_at_100_diff1": 0.172197,
        "nauc_precision_at_1000_max": 0.221776,
        "nauc_precision_at_1000_std": 0.386528,
        "nauc_precision_at_1000_diff1": 0.145261,
        "nauc_mrr_at_1_max": 0.663873,
        "nauc_mrr_at_1_std": -0.173258,
        "nauc_mrr_at_1_diff1": 0.914598,
        "nauc_mrr_at_3_max": 0.630904,
        "nauc_mrr_at_3_std": -0.238018,
        "nauc_mrr_at_3_diff1": 0.885328,
        "nauc_mrr_at_5_max": 0.624677,
        "nauc_mrr_at_5_std": -0.247847,
        "nauc_mrr_at_5_diff1": 0.890156,
        "nauc_mrr_at_10_max": 0.624029,
        "nauc_mrr_at_10_std": -0.251322,
        "nauc_mrr_at_10_diff1": 0.892272,
        "nauc_mrr_at_20_max": 0.622567,
        "nauc_mrr_at_20_std": -0.244809,
        "nauc_mrr_at_20_diff1": 0.891662,
        "nauc_mrr_at_100_max": 0.622142,
        "nauc_mrr_at_100_std": -0.244267,
        "nauc_mrr_at_100_diff1": 0.891801,
        "nauc_mrr_at_1000_max": 0.622164,
        "nauc_mrr_at_1000_std": -0.24424,
        "nauc_mrr_at_1000_diff1": 0.891829,
        "hit_rate_at_1": 0.82778,
        "hit_rate_at_3": 0.91111,
        "hit_rate_at_5": 0.93889,
        "hit_rate_at_10": 0.96111,
        "hit_rate_at_20": 0.97222,
        "hit_rate_at_100": 0.98333,
        "hit_rate_at_1000": 0.98889,
        "main_score": 0.88695,
        "hf_subset": "default",
        "languages": [
          "eng-Latn"
        ]
      }
    ],
    "dev": [
      {
        "ndcg_at_1": 0.875,
        "ndcg_at_3": 0.875,
        "ndcg_at_5": 0.875,
        "ndcg_at_10": 0.875,
        "ndcg_at_20": 0.875,
        "ndcg_at_100": 0.89682,
        "ndcg_at_1000": 0.89682,
        "map_at_1": 0.875,
        "map_at_3": 0.875,
        "map_at_5": 0.875,
        "map_at_10": 0.875,
        "map_at_20": 0.875,
        "map_at_100": 0.8774,
        "map_at_1000": 0.8774,
        "recall_at_1": 0.875,
        "recall_at_3": 0.875,
        "recall_at_5": 0.875,
        "recall_at_10": 0.875,
        "recall_at_20": 0.875,
        "recall_at_100": 1.0,
        "recall_at_1000": 1.0,
        "accuracy": 0.875,
        "precision_at_1": 0.875,
        "precision_at_3": 0.29167,
        "precision_at_5": 0.175,
        "precision_at_10": 0.0875,
        "precision_at_20": 0.04375,
        "precision_at_100": 0.01,
        "precision_at_1000": 0.001,
        "mrr_at_1": 0.875,
        "mrr_at_3": 0.875,
        "mrr_at_5": 0.875,
        "mrr_at_10": 0.875,
        "mrr_at_20": 0.875,
        "mrr_at_100": 0.877404,
        "mrr_at_1000": 0.877404,
        "nauc_ndcg_at_1_max": 0.865546,
        "nauc_ndcg_at_1_std": 0.865546,
        "nauc_ndcg_at_1_diff1": 0.551821,
        "nauc_ndcg_at_3_max": 0.865546,
        "nauc_ndcg_at_3_std": 0.865546,
        "nauc_ndcg_at_3_diff1": 0.551821,
        "nauc_ndcg_at_5_max": 0.865546,
        "nauc_ndcg_at_5_std": 0.865546,
        "nauc_ndcg_at_5_diff1": 0.551821,
        "nauc_ndcg_at_10_max": 0.865546,
        "nauc_ndcg_at_10_std": 0.865546,
        "nauc_ndcg_at_10_diff1": 0.551821,
        "nauc_ndcg_at_20_max": 0.865546,
        "nauc_ndcg_at_20_std": 0.865546,
        "nauc_ndcg_at_20_diff1": 0.551821,
        "nauc_ndcg_at_100_max": 0.865546,