{
  "dataset_revision": "1840e8a5ac6ec752bbdd97d543ead0189bc7c25b",
  "task_name": "ChemHotpotQARetrieval",
  "mteb_version": "2.12.15",
  "scores": {
    "train": [
      {
        "ndcg_at_1": 0.82222,
        "ndcg_at_3": 0.8745,
        "ndcg_at_5": 0.88144,
        "ndcg_at_10": 0.88832,
        "ndcg_at_20": 0.89335,
        "ndcg_at_100": 0.8951,
        "ndcg_at_1000": 0.89674,
        "map_at_1": 0.80278,
        "map_at_3": 0.85833,
        "map_at_5": 0.86222,
        "map_at_10": 0.86488,
        "map_at_20": 0.86636,
        "map_at_100": 0.86672,
        "map_at_1000": 0.86677,
        "recall_at_1": 0.80278,
        "recall_at_3": 0.91389,
        "recall_at_5": 0.93056,
        "recall_at_10": 0.95278,
        "recall_at_20": 0.97222,
        "recall_at_100": 0.98056,
        "recall_at_1000": 0.99444,
        "accuracy": 0.80278,
        "precision_at_1": 0.82222,
        "precision_at_3": 0.31481,
        "precision_at_5": 0.19222,
        "precision_at_10": 0.09833,
        "precision_at_20": 0.05028,
        "precision_at_100": 0.01017,
        "precision_at_1000": 0.00103,
        "mrr_at_1": 0.822222,
        "mrr_at_3": 0.866667,
        "mrr_at_5": 0.870556,
        "mrr_at_10": 0.873216,
        "mrr_at_20": 0.874384,
        "mrr_at_100": 0.874514,
        "mrr_at_1000": 0.87453,
        "nauc_ndcg_at_1_max": 0.691647,
        "nauc_ndcg_at_1_std": -0.162184,
        "nauc_ndcg_at_1_diff1": 0.912184,
        "nauc_ndcg_at_3_max": 0.512476,
        "nauc_ndcg_at_3_std": -0.302507,
        "nauc_ndcg_at_3_diff1": 0.766313,
        "nauc_ndcg_at_5_max": 0.48798,
        "nauc_ndcg_at_5_std": -0.346267,
        "nauc_ndcg_at_5_diff1": 0.766694,
        "nauc_ndcg_at_10_max": 0.480247,
        "nauc_ndcg_at_10_std": -0.341821,
        "nauc_ndcg_at_10_diff1": 0.763459,
        "nauc_ndcg_at_20_max": 0.470997,
        "nauc_ndcg_at_20_std": -0.340529,
        "nauc_ndcg_at_20_diff1": 0.763329,
        "nauc_ndcg_at_100_max": 0.482673,
        "nauc_ndcg_at_100_std": -0.321742,
        "nauc_ndcg_at_100_diff1": 0.78132,
        "nauc_ndcg_at_1000_max": 0.49739,
        "nauc_ndcg_at_1000_std": -0.318372,
        "nauc_ndcg_at_1000_diff1": 0.793681,
        "nauc_map_at_1_max": 0.547967,
        "nauc_map_at_1_std": -0.2468,
        "nauc_map_at_1_diff1": 0.835733,
        "nauc_map_at_3_max": 0.52087,
        "nauc_map_at_3_std": -0.29498,
        "nauc_map_at_3_diff1": 0.762914,
        "nauc_map_at_5_max": 0.509174,
        "nauc_map_at_5_std": -0.316622,
        "nauc_map_at_5_diff1": 0.762958,
        "nauc_map_at_10_max": 0.506871,
        "nauc_map_at_10_std": -0.315258,
        "nauc_map_at_10_diff1": 0.761909,
        "nauc_map_at_20_max": 0.505613,
        "nauc_map_at_20_std": -0.313984,
        "nauc_map_at_20_diff1": 0.762232,
        "nauc_map_at_100_max": 0.509217,
        "nauc_map_at_100_std": -0.310456,
        "nauc_map_at_100_diff1": 0.766654,
        "nauc_map_at_1000_max": 0.509874,
        "nauc_map_at_1000_std": -0.310185,
        "nauc_map_at_1000_diff1": 0.767343,
        "nauc_recall_at_1_max": 0.547967,
        "nauc_recall_at_1_std": -0.2468,
        "nauc_recall_at_1_diff1": 0.835733,
        "nauc_recall_at_3_max": 0.328318,
        "nauc_recall_at_3_std": -0.420695,
        "nauc_recall_at_3_diff1": 0.621141,
        "nauc_recall_at_5_max": 0.18803,
        "nauc_recall_at_5_std": -0.616601,
        "nauc_recall_at_5_diff1": 0.588105,
        "nauc_recall_at_10_max": -0.00574,
        "nauc_recall_at_10_std": -0.700582,
        "nauc_recall_at_10_diff1": 0.479404,
        "nauc_recall_at_20_max": -0.484781,
        "nauc_recall_at_20_std": -0.953408,
        "nauc_recall_at_20_diff1": 0.281139,
        "nauc_recall_at_100_max": -0.692344,
        "nauc_recall_at_100_std": -0.78438,
        "nauc_recall_at_100_diff1": 0.443844,
        "nauc_recall_at_1000_max": -1.739963,
        "nauc_recall_at_1000_std": -1.739963,
        "nauc_recall_at_1000_diff1": 1.0,
        "nauc_precision_at_1_max": 0.691647,
        "nauc_precision_at_1_std": -0.162184,
        "nauc_precision_at_1_diff1": 0.912184,
        "nauc_precision_at_3_max": 0.421775,
        "nauc_precision_at_3_std": -0.097514,
        "nauc_precision_at_3_diff1": 0.37431,
        "nauc_precision_at_5_max": 0.339745,
        "nauc_precision_at_5_std": -0.17988,
        "nauc_precision_at_5_diff1": 0.310086,
        "nauc_precision_at_10_max": 0.265233,
        "nauc_precision_at_10_std": -0.105879,
        "nauc_precision_at_10_diff1": 0.164237,
        "nauc_precision_at_20_max": 0.111274,
        "nauc_precision_at_20_std": 0.022498,
        "nauc_precision_at_20_diff1": -0.034481,
        "nauc_precision_at_100_max": 0.169932,
        "nauc_precision_at_100_std": 0.236418,
        "nauc_precision_at_100_diff1": 0.043143,
        "nauc_precision_at_1000_max": 0.291134,
        "nauc_precision_at_1000_std": 0.361057,
        "nauc_precision_at_1000_diff1": 0.06801,
        "nauc_mrr_at_1_max": 0.691647,
        "nauc_mrr_at_1_std": -0.162184,
        "nauc_mrr_at_1_diff1": 0.912184,
        "nauc_mrr_at_3_max": 0.629579,
        "nauc_mrr_at_3_std": -0.22393,
        "nauc_mrr_at_3_diff1": 0.878937,
        "nauc_mrr_at_5_max": 0.620606,
        "nauc_mrr_at_5_std": -0.244609,
        "nauc_mrr_at_5_diff1": 0.88262,
        "nauc_mrr_at_10_max": 0.620607,
        "nauc_mrr_at_10_std": -0.241586,
        "nauc_mrr_at_10_diff1": 0.884129,
        "nauc_mrr_at_20_max": 0.61881,
        "nauc_mrr_at_20_std": -0.241776,
        "nauc_mrr_at_20_diff1": 0.884274,
        "nauc_mrr_at_100_max": 0.618541,
        "nauc_mrr_at_100_std": -0.240797,
        "nauc_mrr_at_100_diff1": 0.884448,
        "nauc_mrr_at_1000_max": 0.618603,
        "nauc_mrr_at_1000_std": -0.240762,
        "nauc_mrr_at_1000_diff1": 0.884478,
        "hit_rate_at_1": 0.82222,
        "hit_rate_at_3": 0.92222,
        "hit_rate_at_5": 0.93889,
        "hit_rate_at_10": 0.96111,
        "hit_rate_at_20": 0.97778,
        "hit_rate_at_100": 0.98333,
        "hit_rate_at_1000": 0.99444,
        "main_score": 0.88832,
        "hf_subset": "default",
        "languages": [
          "eng-Latn"
        ]
      }
    ],
    "dev": [
      {
        "ndcg_at_1": 0.875,
        "ndcg_at_3": 0.875,
        "ndcg_at_5": 0.875,
        "ndcg_at_10": 0.875,
        "ndcg_at_20": 0.875,
        "ndcg_at_100": 0.89833,
        "ndcg_at_1000": 0.89833,
        "map_at_1": 0.875,
        "map_at_3": 0.875,
        "map_at_5": 0.875,
        "map_at_10": 0.875,
        "map_at_20": 0.875,
        "map_at_100": 0.87813,
        "map_at_1000": 0.87813,
        "recall_at_1": 0.875,
        "recall_at_3": 0.875,
        "recall_at_5": 0.875,
        "recall_at_10": 0.875,
        "recall_at_20": 0.875,
        "recall_at_100": 1.0,
        "recall_at_1000": 1.0,
        "accuracy": 0.875,
        "precision_at_1": 0.875,
        "precision_at_3": 0.29167,
        "precision_at_5": 0.175,
        "precision_at_10": 0.0875,
        "precision_at_20": 0.04375,
        "precision_at_100": 0.01,
        "precision_at_1000": 0.001,
        "mrr_at_1": 0.875,
        "mrr_at_3": 0.875,
        "mrr_at_5": 0.875,
        "mrr_at_10": 0.875,
        "mrr_at_20": 0.875,
        "mrr_at_100": 0.878125,
        "mrr_at_1000": 0.878125,
        "nauc_ndcg_at_1_max": 1.0,
        "nauc_ndcg_at_1_std": 0.865546,
        "nauc_ndcg_at_1_diff1": 0.865546,
        "nauc_ndcg_at_3_max": 1.0,
        "nauc_ndcg_at_3_std": 0.865546,
        "nauc_ndcg_at_3_diff1": 0.865546,
        "nauc_ndcg_at_5_max": 1.0,
        "nauc_ndcg_at_5_std": 0.865546,
        "nauc_ndcg_at_5_diff1": 0.865546,
        "nauc_ndcg_at_10_max": 1.0,
        "nauc_ndcg_at_10_std": 0.865546,
        "nauc_ndcg_at_10_diff1": 0.865546,
        "nauc_ndcg_at_20_max": 1.0,
        "nauc_ndcg_at_20_std": 0.865546,
        "nauc_ndcg_at_20_diff1": 0.865546,
        "nauc_ndcg_at_100_max": 1.0,
        "nauc_ndcg_at_100_std": 0.865546,