{
  "dataset_revision": "5377aa18f309ec440ff6325a4c2cd3362c2cb8d7",
  "task_name": "ChemRxivRetrieval",
  "mteb_version": "2.12.15",
  "scores": {
    "test": [
      {
        "ndcg_at_1": 0.775,
        "ndcg_at_3": 0.85538,
        "ndcg_at_5": 0.86819,
        "ndcg_at_10": 0.87574,
        "ndcg_at_20": 0.87939,
        "ndcg_at_100": 0.88239,
        "ndcg_at_1000": 0.88315,
        "map_at_1": 0.775,
        "map_at_3": 0.8364,
        "map_at_5": 0.84358,
        "map_at_10": 0.84676,
        "map_at_20": 0.84779,
        "map_at_100": 0.84825,
        "map_at_1000": 0.84828,
        "recall_at_1": 0.775,
        "recall_at_3": 0.91,
        "recall_at_5": 0.9408,
        "recall_at_10": 0.9638,
        "recall_at_20": 0.978,
        "recall_at_100": 0.9936,
        "recall_at_1000": 0.9996,
        "accuracy": 0.775,
        "precision_at_1": 0.775,
        "precision_at_3": 0.30333,
        "precision_at_5": 0.18816,
        "precision_at_10": 0.09638,
        "precision_at_20": 0.0489,
        "precision_at_100": 0.00994,
        "precision_at_1000": 0.001,
        "mrr_at_1": 0.775,
        "mrr_at_3": 0.836333,
        "mrr_at_5": 0.843603,
        "mrr_at_10": 0.84675,
        "mrr_at_20": 0.847783,
        "mrr_at_100": 0.848241,
        "mrr_at_1000": 0.84827,
        "nauc_ndcg_at_1_max": 0.45171,
        "nauc_ndcg_at_1_std": -0.229188,
        "nauc_ndcg_at_1_diff1": 0.803817,
        "nauc_ndcg_at_3_max": 0.516412,
        "nauc_ndcg_at_3_std": -0.224703,
        "nauc_ndcg_at_3_diff1": 0.778587,
        "nauc_ndcg_at_5_max": 0.512943,
        "nauc_ndcg_at_5_std": -0.22306,
        "nauc_ndcg_at_5_diff1": 0.780466,
        "nauc_ndcg_at_10_max": 0.514954,
        "nauc_ndcg_at_10_std": -0.215815,
        "nauc_ndcg_at_10_diff1": 0.784177,
        "nauc_ndcg_at_20_max": 0.50674,
        "nauc_ndcg_at_20_std": -0.217089,
        "nauc_ndcg_at_20_diff1": 0.784579,
        "nauc_ndcg_at_100_max": 0.501701,
        "nauc_ndcg_at_100_std": -0.218308,
        "nauc_ndcg_at_100_diff1": 0.786788,
        "nauc_ndcg_at_1000_max": 0.499863,
        "nauc_ndcg_at_1000_std": -0.220381,
        "nauc_ndcg_at_1000_diff1": 0.786771,
        "nauc_map_at_1_max": 0.45171,
        "nauc_map_at_1_std": -0.229188,
        "nauc_map_at_1_diff1": 0.803817,
        "nauc_map_at_3_max": 0.497396,
        "nauc_map_at_3_std": -0.226769,
        "nauc_map_at_3_diff1": 0.785994,
        "nauc_map_at_5_max": 0.494593,
        "nauc_map_at_5_std": -0.226156,
        "nauc_map_at_5_diff1": 0.7872,
        "nauc_map_at_10_max": 0.494946,
        "nauc_map_at_10_std": -0.223682,
        "nauc_map_at_10_diff1": 0.788556,
        "nauc_map_at_20_max": 0.49296,
        "nauc_map_at_20_std": -0.223943,
        "nauc_map_at_20_diff1": 0.788662,
        "nauc_map_at_100_max": 0.492365,
        "nauc_map_at_100_std": -0.223993,
        "nauc_map_at_100_diff1": 0.788906,
        "nauc_map_at_1000_max": 0.49231,
        "nauc_map_at_1000_std": -0.224062,
        "nauc_map_at_1000_diff1": 0.788904,
        "nauc_recall_at_1_max": 0.45171,
        "nauc_recall_at_1_std": -0.229188,
        "nauc_recall_at_1_diff1": 0.803817,
        "nauc_recall_at_3_max": 0.608383,
        "nauc_recall_at_3_std": -0.214133,
        "nauc_recall_at_3_diff1": 0.742766,
        "nauc_recall_at_5_max": 0.640953,
        "nauc_recall_at_5_std": -0.199663,
        "nauc_recall_at_5_diff1": 0.734146,
        "nauc_recall_at_10_max": 0.740553,
        "nauc_recall_at_10_std": -0.114941,
        "nauc_recall_at_10_diff1": 0.742565,
        "nauc_recall_at_20_max": 0.721828,
        "nauc_recall_at_20_std": -0.079127,
        "nauc_recall_at_20_diff1": 0.72437,
        "nauc_recall_at_100_max": 0.779149,
        "nauc_recall_at_100_std": 0.107201,
        "nauc_recall_at_100_diff1": 0.781673,
        "nauc_recall_at_1000_max": 0.934641,
        "nauc_recall_at_1000_std": 0.561391,
        "nauc_recall_at_1000_diff1": 0.711718,
        "nauc_precision_at_1_max": 0.45171,
        "nauc_precision_at_1_std": -0.229188,
        "nauc_precision_at_1_diff1": 0.803817,
        "nauc_precision_at_3_max": 0.608383,
        "nauc_precision_at_3_std": -0.214133,
        "nauc_precision_at_3_diff1": 0.742766,
        "nauc_precision_at_5_max": 0.640953,
        "nauc_precision_at_5_std": -0.199663,
        "nauc_precision_at_5_diff1": 0.734146,
        "nauc_precision_at_10_max": 0.740553,
        "nauc_precision_at_10_std": -0.114941,
        "nauc_precision_at_10_diff1": 0.742565,
        "nauc_precision_at_20_max": 0.721828,
        "nauc_precision_at_20_std": -0.079127,
        "nauc_precision_at_20_diff1": 0.72437,
        "nauc_precision_at_100_max": 0.779149,
        "nauc_precision_at_100_std": 0.107201,
        "nauc_precision_at_100_diff1": 0.781673,
        "nauc_precision_at_1000_max": 0.934641,
        "nauc_precision_at_1000_std": 0.561391,
        "nauc_precision_at_1000_diff1": 0.711718,
        "nauc_mrr_at_1_max": 0.45171,
        "nauc_mrr_at_1_std": -0.229188,
        "nauc_mrr_at_1_diff1": 0.803817,
        "nauc_mrr_at_3_max": 0.497558,
        "nauc_mrr_at_3_std": -0.226514,
        "nauc_mrr_at_3_diff1": 0.786087,
        "nauc_mrr_at_5_max": 0.494574,
        "nauc_mrr_at_5_std": -0.225835,
        "nauc_mrr_at_5_diff1": 0.787166,
        "nauc_mrr_at_10_max": 0.494979,
        "nauc_mrr_at_10_std": -0.223571,
        "nauc_mrr_at_10_diff1": 0.788571,
        "nauc_mrr_at_20_max": 0.492991,
        "nauc_mrr_at_20_std": -0.223835,
        "nauc_mrr_at_20_diff1": 0.788676,
        "nauc_mrr_at_100_max": 0.492397,
        "nauc_mrr_at_100_std": -0.223885,
        "nauc_mrr_at_100_diff1": 0.78892,
        "nauc_mrr_at_1000_max": 0.492342,
        "nauc_mrr_at_1000_std": -0.223953,
        "nauc_mrr_at_1000_diff1": 0.788918,
        "hit_rate_at_1": 0.775,
        "hit_rate_at_3": 0.91,
        "hit_rate_at_5": 0.9408,
        "hit_rate_at_10": 0.9638,
        "hit_rate_at_20": 0.978,
        "hit_rate_at_100": 0.9936,
        "hit_rate_at_1000": 0.9996,
        "main_score": 0.87574,
        "hf_subset": "default",
        "languages": [
          "eng-Latn"
        ]
      }
    ]
  },
  "evaluation_time": 514.8411736488342,
  "kg_co2_emissions": null,
  "date": 1775776747.846142
}