{
  "dataset_revision": "5d958fb6b31055495347724d46431ba41309b03a",
  "task_name": "ChemNQRetrieval",
  "mteb_version": "2.12.16",
  "scores": {
    "test": [
      {
        "ndcg_at_1": 0.40741,
        "ndcg_at_3": 0.52245,
        "ndcg_at_5": 0.54719,
        "ndcg_at_10": 0.57162,
        "ndcg_at_20": 0.60195,
        "ndcg_at_100": 0.62075,
        "ndcg_at_1000": 0.62721,
        "map_at_1": 0.30864,
        "map_at_3": 0.46605,
        "map_at_5": 0.48272,
        "map_at_10": 0.49244,
        "map_at_20": 0.50236,
        "map_at_100": 0.50588,
        "map_at_1000": 0.50626,
        "recall_at_1": 0.30864,
        "recall_at_3": 0.62346,
        "recall_at_5": 0.67901,
        "recall_at_10": 0.75309,
        "recall_at_20": 0.8642,
        "recall_at_100": 0.95062,
        "recall_at_1000": 1.0,
        "accuracy": 0.30864,
        "precision_at_1": 0.40741,
        "precision_at_3": 0.25926,
        "precision_at_5": 0.17037,
        "precision_at_10": 0.0963,
        "precision_at_20": 0.05556,
        "precision_at_100": 0.01222,
        "precision_at_1000": 0.0013,
        "mrr_at_1": 0.407407,
        "mrr_at_3": 0.537037,
        "mrr_at_5": 0.546296,
        "mrr_at_10": 0.55463,
        "mrr_at_20": 0.560642,
        "mrr_at_100": 0.563308,
        "mrr_at_1000": 0.56336,
        "nauc_ndcg_at_1_max": 0.393991,
        "nauc_ndcg_at_1_std": 0.128801,
        "nauc_ndcg_at_1_diff1": 0.316972,
        "nauc_ndcg_at_3_max": 0.32235,
        "nauc_ndcg_at_3_std": -0.018482,
        "nauc_ndcg_at_3_diff1": 0.384665,
        "nauc_ndcg_at_5_max": 0.36671,
        "nauc_ndcg_at_5_std": 0.064745,
        "nauc_ndcg_at_5_diff1": 0.319478,
        "nauc_ndcg_at_10_max": 0.450106,
        "nauc_ndcg_at_10_std": 0.135047,
        "nauc_ndcg_at_10_diff1": 0.36202,
        "nauc_ndcg_at_20_max": 0.429499,
        "nauc_ndcg_at_20_std": 0.100043,
        "nauc_ndcg_at_20_diff1": 0.324319,
        "nauc_ndcg_at_100_max": 0.414397,
        "nauc_ndcg_at_100_std": 0.080714,
        "nauc_ndcg_at_100_diff1": 0.359758,
        "nauc_ndcg_at_1000_max": 0.417066,
        "nauc_ndcg_at_1000_std": 0.09389,
        "nauc_ndcg_at_1000_diff1": 0.349885,
        "nauc_map_at_1_max": 0.325211,
        "nauc_map_at_1_std": 0.146443,
        "nauc_map_at_1_diff1": 0.320897,
        "nauc_map_at_3_max": 0.33312,
        "nauc_map_at_3_std": -0.003284,
        "nauc_map_at_3_diff1": 0.394562,
        "nauc_map_at_5_max": 0.362997,
        "nauc_map_at_5_std": 0.046791,
        "nauc_map_at_5_diff1": 0.353127,
        "nauc_map_at_10_max": 0.397387,
        "nauc_map_at_10_std": 0.075839,
        "nauc_map_at_10_diff1": 0.373266,
        "nauc_map_at_20_max": 0.392649,
        "nauc_map_at_20_std": 0.06752,
        "nauc_map_at_20_diff1": 0.363303,
        "nauc_map_at_100_max": 0.389649,
        "nauc_map_at_100_std": 0.0647,
        "nauc_map_at_100_diff1": 0.368004,
        "nauc_map_at_1000_max": 0.389453,
        "nauc_map_at_1000_std": 0.065039,
        "nauc_map_at_1000_diff1": 0.367302,
        "nauc_recall_at_1_max": 0.325211,
        "nauc_recall_at_1_std": 0.146443,
        "nauc_recall_at_1_diff1": 0.320897,
        "nauc_recall_at_3_max": 0.175902,
        "nauc_recall_at_3_std": -0.159239,
        "nauc_recall_at_3_diff1": 0.392213,
        "nauc_recall_at_5_max": 0.259134,
        "nauc_recall_at_5_std": 0.03028,
        "nauc_recall_at_5_diff1": 0.227405,
        "nauc_recall_at_10_max": 0.485635,
        "nauc_recall_at_10_std": 0.235639,
        "nauc_recall_at_10_diff1": 0.311375,
        "nauc_recall_at_20_max": 0.440632,
        "nauc_recall_at_20_std": 0.062587,
        "nauc_recall_at_20_diff1": 0.08106,
        "nauc_recall_at_100_max": 0.174292,
        "nauc_recall_at_100_std": -0.473358,
        "nauc_recall_at_100_diff1": 0.597875,
        "nauc_recall_at_1000_max": NaN,
        "nauc_recall_at_1000_std": NaN,
        "nauc_recall_at_1000_diff1": NaN,
        "nauc_precision_at_1_max": 0.393991,
        "nauc_precision_at_1_std": 0.128801,
        "nauc_precision_at_1_diff1": 0.316972,
        "nauc_precision_at_3_max": 0.304713,
        "nauc_precision_at_3_std": -0.168465,
        "nauc_precision_at_3_diff1": 0.344003,
        "nauc_precision_at_5_max": 0.343259,
        "nauc_precision_at_5_std": 0.002801,
        "nauc_precision_at_5_diff1": 0.137852,
        "nauc_precision_at_10_max": 0.597248,
        "nauc_precision_at_10_std": 0.264495,
        "nauc_precision_at_10_diff1": 0.267723,
        "nauc_precision_at_20_max": 0.539791,
        "nauc_precision_at_20_std": 0.207308,
        "nauc_precision_at_20_diff1": 0.130169,
        "nauc_precision_at_100_max": 0.456679,
        "nauc_precision_at_100_std": 0.162066,
        "nauc_precision_at_100_diff1": 0.15173,
        "nauc_precision_at_1000_max": 0.379852,
        "nauc_precision_at_1000_std": 0.221882,
        "nauc_precision_at_1000_diff1": 0.019365,
        "nauc_mrr_at_1_max": 0.393991,
        "nauc_mrr_at_1_std": 0.128801,
        "nauc_mrr_at_1_diff1": 0.316972,
        "nauc_mrr_at_3_max": 0.39819,
        "nauc_mrr_at_3_std": 0.089931,
        "nauc_mrr_at_3_diff1": 0.309225,
        "nauc_mrr_at_5_max": 0.411846,
        "nauc_mrr_at_5_std": 0.127433,
        "nauc_mrr_at_5_diff1": 0.286354,
        "nauc_mrr_at_10_max": 0.437301,
        "nauc_mrr_at_10_std": 0.149336,
        "nauc_mrr_at_10_diff1": 0.298079,
        "nauc_mrr_at_20_max": 0.424988,
        "nauc_mrr_at_20_std": 0.135141,
        "nauc_mrr_at_20_diff1": 0.2876,
        "nauc_mrr_at_100_max": 0.422966,
        "nauc_mrr_at_100_std": 0.132426,
        "nauc_mrr_at_100_diff1": 0.293193,
        "nauc_mrr_at_1000_max": 0.423021,
        "nauc_mrr_at_1000_std": 0.132549,
        "nauc_mrr_at_1000_diff1": 0.293147,
        "hit_rate_at_1": 0.40741,
        "hit_rate_at_3": 0.7037,
        "hit_rate_at_5": 0.74074,
        "hit_rate_at_10": 0.81481,
        "hit_rate_at_20": 0.88889,
        "hit_rate_at_100": 0.96296,
        "hit_rate_at_1000": 1.0,
        "main_score": 0.57162,
        "hf_subset": "default",
        "languages": [
          "eng-Latn"
        ]
      }
    ]
  },
  "evaluation_time": 61.629191637039185,
  "kg_co2_emissions": null,
  "date": 1778647466.100291
}