{
  "dataset_revision": "1840e8a5ac6ec752bbdd97d543ead0189bc7c25b",
  "task_name": "ChemHotpotQARetrieval",
  "mteb_version": "2.12.16",
  "scores": {
    "train": [
      {
        "ndcg_at_1": 0.86111,
        "ndcg_at_3": 0.88958,
        "ndcg_at_5": 0.89676,
        "ndcg_at_10": 0.90402,
        "ndcg_at_20": 0.9086,
        "ndcg_at_100": 0.91079,
        "ndcg_at_1000": 0.91191,
        "map_at_1": 0.84167,
        "map_at_3": 0.8787,
        "map_at_5": 0.88287,
        "map_at_10": 0.8859,
        "map_at_20": 0.88745,
        "map_at_100": 0.8878,
        "map_at_1000": 0.88786,
        "recall_at_1": 0.84167,
        "recall_at_3": 0.91389,
        "recall_at_5": 0.93056,
        "recall_at_10": 0.95278,
        "recall_at_20": 0.96944,
        "recall_at_100": 0.98056,
        "recall_at_1000": 0.98889,
        "accuracy": 0.84167,
        "precision_at_1": 0.86111,
        "precision_at_3": 0.31481,
        "precision_at_5": 0.19222,
        "precision_at_10": 0.09833,
        "precision_at_20": 0.05028,
        "precision_at_100": 0.01017,
        "precision_at_1000": 0.00103,
        "mrr_at_1": 0.861111,
        "mrr_at_3": 0.887037,
        "mrr_at_5": 0.891204,
        "mrr_at_10": 0.894235,
        "mrr_at_20": 0.89509,
        "mrr_at_100": 0.895436,
        "mrr_at_1000": 0.895446,
        "nauc_ndcg_at_1_max": 0.586335,
        "nauc_ndcg_at_1_std": -0.307211,
        "nauc_ndcg_at_1_diff1": 0.863733,
        "nauc_ndcg_at_3_max": 0.436575,
        "nauc_ndcg_at_3_std": -0.41439,
        "nauc_ndcg_at_3_diff1": 0.728251,
        "nauc_ndcg_at_5_max": 0.410041,
        "nauc_ndcg_at_5_std": -0.484852,
        "nauc_ndcg_at_5_diff1": 0.729183,
        "nauc_ndcg_at_10_max": 0.394121,
        "nauc_ndcg_at_10_std": -0.499703,
        "nauc_ndcg_at_10_diff1": 0.724242,
        "nauc_ndcg_at_20_max": 0.403143,
        "nauc_ndcg_at_20_std": -0.465734,
        "nauc_ndcg_at_20_diff1": 0.742112,
        "nauc_ndcg_at_100_max": 0.393328,
        "nauc_ndcg_at_100_std": -0.456306,
        "nauc_ndcg_at_100_diff1": 0.738868,
        "nauc_ndcg_at_1000_max": 0.40578,
        "nauc_ndcg_at_1000_std": -0.443444,
        "nauc_ndcg_at_1000_diff1": 0.754153,
        "nauc_map_at_1_max": 0.43043,
        "nauc_map_at_1_std": -0.392534,
        "nauc_map_at_1_diff1": 0.764891,
        "nauc_map_at_3_max": 0.435776,
        "nauc_map_at_3_std": -0.417524,
        "nauc_map_at_3_diff1": 0.717073,
        "nauc_map_at_5_max": 0.422103,
        "nauc_map_at_5_std": -0.453869,
        "nauc_map_at_5_diff1": 0.717141,
        "nauc_map_at_10_max": 0.41624,
        "nauc_map_at_10_std": -0.459765,
        "nauc_map_at_10_diff1": 0.714828,
        "nauc_map_at_20_max": 0.420873,
        "nauc_map_at_20_std": -0.449201,
        "nauc_map_at_20_diff1": 0.721472,
        "nauc_map_at_100_max": 0.419733,
        "nauc_map_at_100_std": -0.44812,
        "nauc_map_at_100_diff1": 0.720923,
        "nauc_map_at_1000_max": 0.420719,
        "nauc_map_at_1000_std": -0.447423,
        "nauc_map_at_1000_diff1": 0.722041,
        "nauc_recall_at_1_max": 0.43043,
        "nauc_recall_at_1_std": -0.392534,
        "nauc_recall_at_1_diff1": 0.764891,
        "nauc_recall_at_3_max": 0.305578,
        "nauc_recall_at_3_std": -0.498705,
        "nauc_recall_at_3_diff1": 0.620298,
        "nauc_recall_at_5_max": 0.185042,
        "nauc_recall_at_5_std": -0.755537,
        "nauc_recall_at_5_diff1": 0.597516,
        "nauc_recall_at_10_max": -0.010133,
        "nauc_recall_at_10_std": -0.954331,
        "nauc_recall_at_10_diff1": 0.508623,
        "nauc_recall_at_20_max": -0.151218,
        "nauc_recall_at_20_std": -0.864485,
        "nauc_recall_at_20_diff1": 0.571811,
        "nauc_recall_at_100_max": -0.692344,
        "nauc_recall_at_100_std": -0.868414,
        "nauc_recall_at_100_diff1": 0.406496,
        "nauc_recall_at_1000_max": -0.955649,
        "nauc_recall_at_1000_std": -0.50887,
        "nauc_recall_at_1000_diff1": 0.869281,
        "nauc_precision_at_1_max": 0.586335,
        "nauc_precision_at_1_std": -0.307211,
        "nauc_precision_at_1_diff1": 0.863733,
        "nauc_precision_at_3_max": 0.379232,
        "nauc_precision_at_3_std": -0.169236,
        "nauc_precision_at_3_diff1": 0.389344,
        "nauc_precision_at_5_max": 0.307642,
        "nauc_precision_at_5_std": -0.292956,
        "nauc_precision_at_5_diff1": 0.33491,
        "nauc_precision_at_10_max": 0.223932,
        "nauc_precision_at_10_std": -0.281453,
        "nauc_precision_at_10_diff1": 0.205538,
        "nauc_precision_at_20_max": 0.206549,
        "nauc_precision_at_20_std": 0.056604,
        "nauc_precision_at_20_diff1": 0.154269,
        "nauc_precision_at_100_max": 0.118869,
        "nauc_precision_at_100_std": 0.19265,
        "nauc_precision_at_100_diff1": 0.049083,
        "nauc_precision_at_1000_max": 0.210121,
        "nauc_precision_at_1000_std": 0.386528,
        "nauc_precision_at_1000_diff1": 0.130148,
        "nauc_mrr_at_1_max": 0.586335,
        "nauc_mrr_at_1_std": -0.307211,
        "nauc_mrr_at_1_diff1": 0.863733,
        "nauc_mrr_at_3_max": 0.548941,
        "nauc_mrr_at_3_std": -0.328303,
        "nauc_mrr_at_3_diff1": 0.842787,
        "nauc_mrr_at_5_max": 0.538778,
        "nauc_mrr_at_5_std": -0.363625,
        "nauc_mrr_at_5_diff1": 0.847796,
        "nauc_mrr_at_10_max": 0.535934,
        "nauc_mrr_at_10_std": -0.367283,
        "nauc_mrr_at_10_diff1": 0.849161,
        "nauc_mrr_at_20_max": 0.533918,
        "nauc_mrr_at_20_std": -0.362364,
        "nauc_mrr_at_20_diff1": 0.848446,
        "nauc_mrr_at_100_max": 0.533088,
        "nauc_mrr_at_100_std": -0.360918,
        "nauc_mrr_at_100_diff1": 0.848292,
        "nauc_mrr_at_1000_max": 0.533106,
        "nauc_mrr_at_1000_std": -0.360836,
        "nauc_mrr_at_1000_diff1": 0.848322,
        "hit_rate_at_1": 0.86111,
        "hit_rate_at_3": 0.92222,
        "hit_rate_at_5": 0.93889,
        "hit_rate_at_10": 0.96111,
        "hit_rate_at_20": 0.97222,
        "hit_rate_at_100": 0.98333,
        "hit_rate_at_1000": 0.98889,
        "main_score": 0.90402,
        "hf_subset": "default",
        "languages": [
          "eng-Latn"
        ]
      }
    ],
    "dev": [
      {
        "ndcg_at_1": 0.875,
        "ndcg_at_3": 0.875,
        "ndcg_at_5": 0.875,
        "ndcg_at_10": 0.875,
        "ndcg_at_20": 0.875,
        "ndcg_at_100": 0.9,
        "ndcg_at_1000": 0.9,
        "map_at_1": 0.875,
        "map_at_3": 0.875,
        "map_at_5": 0.875,
        "map_at_10": 0.875,
        "map_at_20": 0.875,
        "map_at_100": 0.87903,
        "map_at_1000": 0.87903,
        "recall_at_1": 0.875,
        "recall_at_3": 0.875,
        "recall_at_5": 0.875,
        "recall_at_10": 0.875,
        "recall_at_20": 0.875,
        "recall_at_100": 1.0,
        "recall_at_1000": 1.0,
        "accuracy": 0.875,
        "precision_at_1": 0.875,
        "precision_at_3": 0.29167,
        "precision_at_5": 0.175,
        "precision_at_10": 0.0875,
        "precision_at_20": 0.04375,
        "precision_at_100": 0.01,
        "precision_at_1000": 0.001,
        "mrr_at_1": 0.875,
        "mrr_at_3": 0.875,
        "mrr_at_5": 0.875,
        "mrr_at_10": 0.875,
        "mrr_at_20": 0.875,
        "mrr_at_100": 0.879032,
        "mrr_at_1000": 0.879032,
        "nauc_ndcg_at_1_max": 1.0,
        "nauc_ndcg_at_1_std": 0.865546,
        "nauc_ndcg_at_1_diff1": 0.865546,
        "nauc_ndcg_at_3_max": 1.0,
        "nauc_ndcg_at_3_std": 0.865546,
        "nauc_ndcg_at_3_diff1": 0.865546,
        "nauc_ndcg_at_5_max": 1.0,
        "nauc_ndcg_at_5_std": 0.865546,
        "nauc_ndcg_at_5_diff1": 0.865546,
        "nauc_ndcg_at_10_max": 1.0,
        "nauc_ndcg_at_10_std": 0.865546,
        "nauc_ndcg_at_10_diff1": 0.865546,
        "nauc_ndcg_at_20_max": 1.0,
        "nauc_ndcg_at_20_std": 0.865546,
        "nauc_ndcg_at_20_diff1": 0.865546,
        "nauc_ndcg_at_100_max": 1.0,
        "nauc_ndcg_at_100_std": 0.865546,