{
  "dataset_revision": "5377aa18f309ec440ff6325a4c2cd3362c2cb8d7",
  "task_name": "ChemRxivRetrieval",
  "mteb_version": "2.12.16",
  "scores": {
    "test": [
      {
        "ndcg_at_1": 0.809,
        "ndcg_at_3": 0.88221,
        "ndcg_at_5": 0.89189,
        "ndcg_at_10": 0.89853,
        "ndcg_at_20": 0.9016,
        "ndcg_at_100": 0.90321,
        "ndcg_at_1000": 0.90371,
        "map_at_1": 0.809,
        "map_at_3": 0.86503,
        "map_at_5": 0.87042,
        "map_at_10": 0.87319,
        "map_at_20": 0.87405,
        "map_at_100": 0.87428,
        "map_at_1000": 0.8743,
        "recall_at_1": 0.809,
        "recall_at_3": 0.9316,
        "recall_at_5": 0.955,
        "recall_at_10": 0.9754,
        "recall_at_20": 0.9874,
        "recall_at_100": 0.996,
        "recall_at_1000": 0.9998,
        "accuracy": 0.809,
        "precision_at_1": 0.809,
        "precision_at_3": 0.31053,
        "precision_at_5": 0.191,
        "precision_at_10": 0.09754,
        "precision_at_20": 0.04937,
        "precision_at_100": 0.00996,
        "precision_at_1000": 0.001,
        "mrr_at_1": 0.809,
        "mrr_at_3": 0.865067,
        "mrr_at_5": 0.870537,
        "mrr_at_10": 0.873235,
        "mrr_at_20": 0.874111,
        "mrr_at_100": 0.874329,
        "mrr_at_1000": 0.87435,
        "nauc_ndcg_at_1_max": 0.534846,
        "nauc_ndcg_at_1_std": -0.234945,
        "nauc_ndcg_at_1_diff1": 0.845228,
        "nauc_ndcg_at_3_max": 0.593916,
        "nauc_ndcg_at_3_std": -0.232372,
        "nauc_ndcg_at_3_diff1": 0.823945,
        "nauc_ndcg_at_5_max": 0.592628,
        "nauc_ndcg_at_5_std": -0.234466,
        "nauc_ndcg_at_5_diff1": 0.826092,
        "nauc_ndcg_at_10_max": 0.586367,
        "nauc_ndcg_at_10_std": -0.23117,
        "nauc_ndcg_at_10_diff1": 0.828485,
        "nauc_ndcg_at_20_max": 0.581627,
        "nauc_ndcg_at_20_std": -0.230086,
        "nauc_ndcg_at_20_diff1": 0.8293,
        "nauc_ndcg_at_100_max": 0.57705,
        "nauc_ndcg_at_100_std": -0.23102,
        "nauc_ndcg_at_100_diff1": 0.829714,
        "nauc_ndcg_at_1000_max": 0.575381,
        "nauc_ndcg_at_1000_std": -0.232846,
        "nauc_ndcg_at_1000_diff1": 0.830381,
        "nauc_map_at_1_max": 0.534846,
        "nauc_map_at_1_std": -0.234945,
        "nauc_map_at_1_diff1": 0.845228,
        "nauc_map_at_3_max": 0.574629,
        "nauc_map_at_3_std": -0.234566,
        "nauc_map_at_3_diff1": 0.829664,
        "nauc_map_at_5_max": 0.573057,
        "nauc_map_at_5_std": -0.235558,
        "nauc_map_at_5_diff1": 0.830894,
        "nauc_map_at_10_max": 0.570557,
        "nauc_map_at_10_std": -0.234679,
        "nauc_map_at_10_diff1": 0.83181,
        "nauc_map_at_20_max": 0.569405,
        "nauc_map_at_20_std": -0.234483,
        "nauc_map_at_20_diff1": 0.832014,
        "nauc_map_at_100_max": 0.568902,
        "nauc_map_at_100_std": -0.234665,
        "nauc_map_at_100_diff1": 0.832072,
        "nauc_map_at_1000_max": 0.568846,
        "nauc_map_at_1000_std": -0.234723,
        "nauc_map_at_1000_diff1": 0.832097,
        "nauc_recall_at_1_max": 0.534846,
        "nauc_recall_at_1_std": -0.234945,
        "nauc_recall_at_1_diff1": 0.845228,
        "nauc_recall_at_3_max": 0.698521,
        "nauc_recall_at_3_std": -0.21939,
        "nauc_recall_at_3_diff1": 0.79391,
        "nauc_recall_at_5_max": 0.747198,
        "nauc_recall_at_5_std": -0.225258,
        "nauc_recall_at_5_diff1": 0.79052,
        "nauc_recall_at_10_max": 0.798327,
        "nauc_recall_at_10_std": -0.172531,
        "nauc_recall_at_10_diff1": 0.78992,
        "nauc_recall_at_20_max": 0.861989,
        "nauc_recall_at_20_std": -0.08396,
        "nauc_recall_at_20_diff1": 0.777044,
        "nauc_recall_at_100_max": 0.888655,
        "nauc_recall_at_100_std": 0.145892,
        "nauc_recall_at_100_diff1": 0.712232,
        "nauc_recall_at_1000_max": 1.0,
        "nauc_recall_at_1000_std": 1.0,
        "nauc_recall_at_1000_diff1": 0.722222,
        "nauc_precision_at_1_max": 0.534846,
        "nauc_precision_at_1_std": -0.234945,
        "nauc_precision_at_1_diff1": 0.845228,
        "nauc_precision_at_3_max": 0.698521,
        "nauc_precision_at_3_std": -0.21939,
        "nauc_precision_at_3_diff1": 0.79391,
        "nauc_precision_at_5_max": 0.747198,
        "nauc_precision_at_5_std": -0.225258,
        "nauc_precision_at_5_diff1": 0.79052,
        "nauc_precision_at_10_max": 0.798327,
        "nauc_precision_at_10_std": -0.172531,
        "nauc_precision_at_10_diff1": 0.78992,
        "nauc_precision_at_20_max": 0.861989,
        "nauc_precision_at_20_std": -0.08396,
        "nauc_precision_at_20_diff1": 0.777044,
        "nauc_precision_at_100_max": 0.888655,
        "nauc_precision_at_100_std": 0.145892,
        "nauc_precision_at_100_diff1": 0.712232,
        "nauc_precision_at_1000_max": 1.0,
        "nauc_precision_at_1000_std": 1.0,
        "nauc_precision_at_1000_diff1": 0.722222,
        "nauc_mrr_at_1_max": 0.534846,
        "nauc_mrr_at_1_std": -0.234945,
        "nauc_mrr_at_1_diff1": 0.845228,
        "nauc_mrr_at_3_max": 0.574519,
        "nauc_mrr_at_3_std": -0.234851,
        "nauc_mrr_at_3_diff1": 0.82962,
        "nauc_mrr_at_5_max": 0.572755,
        "nauc_mrr_at_5_std": -0.235815,
        "nauc_mrr_at_5_diff1": 0.830884,
        "nauc_mrr_at_10_max": 0.570407,
        "nauc_mrr_at_10_std": -0.234977,
        "nauc_mrr_at_10_diff1": 0.831769,
        "nauc_mrr_at_20_max": 0.569228,
        "nauc_mrr_at_20_std": -0.234706,
        "nauc_mrr_at_20_diff1": 0.831959,
        "nauc_mrr_at_100_max": 0.568748,
        "nauc_mrr_at_100_std": -0.234962,
        "nauc_mrr_at_100_diff1": 0.832031,
        "nauc_mrr_at_1000_max": 0.568692,
        "nauc_mrr_at_1000_std": -0.23502,
        "nauc_mrr_at_1000_diff1": 0.832056,
        "hit_rate_at_1": 0.809,
        "hit_rate_at_3": 0.9316,
        "hit_rate_at_5": 0.955,
        "hit_rate_at_10": 0.9754,
        "hit_rate_at_20": 0.9874,
        "hit_rate_at_100": 0.996,
        "hit_rate_at_1000": 0.9998,
        "main_score": 0.89853,
        "hf_subset": "default",
        "languages": [
          "eng-Latn"
        ]
      }
    ]
  },
  "evaluation_time": 435.325248003006,
  "kg_co2_emissions": null,
  "date": 1778640607.564199
}