{
  "dataset_revision": "1840e8a5ac6ec752bbdd97d543ead0189bc7c25b",
  "task_name": "ChemHotpotQARetrieval",
  "mteb_version": "2.12.16",
  "scores": {
    "train": [
      {
        "ndcg_at_1": 0.81667,
        "ndcg_at_3": 0.86749,
        "ndcg_at_5": 0.87467,
        "ndcg_at_10": 0.88007,
        "ndcg_at_20": 0.88644,
        "ndcg_at_100": 0.88981,
        "ndcg_at_1000": 0.89098,
        "map_at_1": 0.79722,
        "map_at_3": 0.85093,
        "map_at_5": 0.85509,
        "map_at_10": 0.85733,
        "map_at_20": 0.85912,
        "map_at_100": 0.85974,
        "map_at_1000": 0.85975,
        "recall_at_1": 0.79722,
        "recall_at_3": 0.90833,
        "recall_at_5": 0.925,
        "recall_at_10": 0.94167,
        "recall_at_20": 0.96667,
        "recall_at_100": 0.98333,
        "recall_at_1000": 0.99444,
        "accuracy": 0.79722,
        "precision_at_1": 0.81667,
        "precision_at_3": 0.31296,
        "precision_at_5": 0.19111,
        "precision_at_10": 0.09722,
        "precision_at_20": 0.05,
        "precision_at_100": 0.01022,
        "precision_at_1000": 0.00103,
        "mrr_at_1": 0.816667,
        "mrr_at_3": 0.859259,
        "mrr_at_5": 0.863426,
        "mrr_at_10": 0.865664,
        "mrr_at_20": 0.867162,
        "mrr_at_100": 0.867464,
        "mrr_at_1000": 0.86748,
        "nauc_ndcg_at_1_max": 0.619559,
        "nauc_ndcg_at_1_std": -0.151852,
        "nauc_ndcg_at_1_diff1": 0.929684,
        "nauc_ndcg_at_3_max": 0.469215,
        "nauc_ndcg_at_3_std": -0.317227,
        "nauc_ndcg_at_3_diff1": 0.794571,
        "nauc_ndcg_at_5_max": 0.443002,
        "nauc_ndcg_at_5_std": -0.387879,
        "nauc_ndcg_at_5_diff1": 0.799318,
        "nauc_ndcg_at_10_max": 0.444146,
        "nauc_ndcg_at_10_std": -0.341285,
        "nauc_ndcg_at_10_diff1": 0.796673,
        "nauc_ndcg_at_20_max": 0.437802,
        "nauc_ndcg_at_20_std": -0.336029,
        "nauc_ndcg_at_20_diff1": 0.795464,
        "nauc_ndcg_at_100_max": 0.459019,
        "nauc_ndcg_at_100_std": -0.300285,
        "nauc_ndcg_at_100_diff1": 0.822511,
        "nauc_ndcg_at_1000_max": 0.461425,
        "nauc_ndcg_at_1000_std": -0.30336,
        "nauc_ndcg_at_1000_diff1": 0.822845,
        "nauc_map_at_1_max": 0.493471,
        "nauc_map_at_1_std": -0.226963,
        "nauc_map_at_1_diff1": 0.861012,
        "nauc_map_at_3_max": 0.478903,
        "nauc_map_at_3_std": -0.290472,
        "nauc_map_at_3_diff1": 0.792948,
        "nauc_map_at_5_max": 0.465943,
        "nauc_map_at_5_std": -0.325383,
        "nauc_map_at_5_diff1": 0.795298,
        "nauc_map_at_10_max": 0.466831,
        "nauc_map_at_10_std": -0.307386,
        "nauc_map_at_10_diff1": 0.794203,
        "nauc_map_at_20_max": 0.465887,
        "nauc_map_at_20_std": -0.305867,
        "nauc_map_at_20_diff1": 0.79406,
        "nauc_map_at_100_max": 0.470563,
        "nauc_map_at_100_std": -0.29977,
        "nauc_map_at_100_diff1": 0.799378,
        "nauc_map_at_1000_max": 0.470586,
        "nauc_map_at_1000_std": -0.299788,
        "nauc_map_at_1000_diff1": 0.799381,
        "nauc_recall_at_1_max": 0.493471,
        "nauc_recall_at_1_std": -0.226963,
        "nauc_recall_at_1_diff1": 0.861012,
        "nauc_recall_at_3_max": 0.296593,
        "nauc_recall_at_3_std": -0.521447,
        "nauc_recall_at_3_diff1": 0.653496,
        "nauc_recall_at_5_max": 0.160857,
        "nauc_recall_at_5_std": -0.829287,
        "nauc_recall_at_5_diff1": 0.639779,
        "nauc_recall_at_10_max": 0.085834,
        "nauc_recall_at_10_std": -0.681139,
        "nauc_recall_at_10_diff1": 0.579321,
        "nauc_recall_at_20_max": -0.262605,
        "nauc_recall_at_20_std": -0.867414,
        "nauc_recall_at_20_diff1": 0.407174,
        "nauc_recall_at_100_max": -0.419701,
        "nauc_recall_at_100_std": -0.387021,
        "nauc_recall_at_100_diff1": 0.771242,
        "nauc_recall_at_1000_max": -1.739963,
        "nauc_recall_at_1000_std": -1.151727,
        "nauc_recall_at_1000_diff1": 0.722222,
        "nauc_precision_at_1_max": 0.619559,
        "nauc_precision_at_1_std": -0.151852,
        "nauc_precision_at_1_diff1": 0.929684,
        "nauc_precision_at_3_max": 0.379332,
        "nauc_precision_at_3_std": -0.21472,
        "nauc_precision_at_3_diff1": 0.39855,
        "nauc_precision_at_5_max": 0.295775,
        "nauc_precision_at_5_std": -0.385379,
        "nauc_precision_at_5_diff1": 0.348444,
        "nauc_precision_at_10_max": 0.271778,
        "nauc_precision_at_10_std": -0.20447,
        "nauc_precision_at_10_diff1": 0.253905,
        "nauc_precision_at_20_max": 0.131334,
        "nauc_precision_at_20_std": -0.075481,
        "nauc_precision_at_20_diff1": 0.017039,
        "nauc_precision_at_100_max": 0.254006,
        "nauc_precision_at_100_std": 0.312871,
        "nauc_precision_at_100_diff1": 0.121482,
        "nauc_precision_at_1000_max": 0.256066,
        "nauc_precision_at_1000_std": 0.361057,
        "nauc_precision_at_1000_diff1": 0.019163,
        "nauc_mrr_at_1_max": 0.619559,
        "nauc_mrr_at_1_std": -0.151852,
        "nauc_mrr_at_1_diff1": 0.929684,
        "nauc_mrr_at_3_max": 0.573897,
        "nauc_mrr_at_3_std": -0.222704,
        "nauc_mrr_at_3_diff1": 0.899979,
        "nauc_mrr_at_5_max": 0.56325,
        "nauc_mrr_at_5_std": -0.25739,
        "nauc_mrr_at_5_diff1": 0.905877,
        "nauc_mrr_at_10_max": 0.565885,
        "nauc_mrr_at_10_std": -0.23719,
        "nauc_mrr_at_10_diff1": 0.906649,
        "nauc_mrr_at_20_max": 0.565407,
        "nauc_mrr_at_20_std": -0.235441,
        "nauc_mrr_at_20_diff1": 0.90706,
        "nauc_mrr_at_100_max": 0.565256,
        "nauc_mrr_at_100_std": -0.232503,
        "nauc_mrr_at_100_diff1": 0.906911,
        "nauc_mrr_at_1000_max": 0.565293,
        "nauc_mrr_at_1000_std": -0.232514,
        "nauc_mrr_at_1000_diff1": 0.906927,
        "hit_rate_at_1": 0.81667,
        "hit_rate_at_3": 0.91667,
        "hit_rate_at_5": 0.93333,
        "hit_rate_at_10": 0.95,
        "hit_rate_at_20": 0.97222,
        "hit_rate_at_100": 0.98333,
        "hit_rate_at_1000": 0.99444,
        "main_score": 0.88007,
        "hf_subset": "default",
        "languages": [
          "eng-Latn"
        ]
      }
    ],
    "dev": [
      {
        "ndcg_at_1": 0.875,
        "ndcg_at_3": 0.875,
        "ndcg_at_5": 0.875,
        "ndcg_at_10": 0.875,
        "ndcg_at_20": 0.875,
        "ndcg_at_100": 0.875,
        "ndcg_at_1000": 0.89373,
        "map_at_1": 0.875,
        "map_at_3": 0.875,
        "map_at_5": 0.875,
        "map_at_10": 0.875,
        "map_at_20": 0.875,
        "map_at_100": 0.875,
        "map_at_1000": 0.87624,
        "recall_at_1": 0.875,
        "recall_at_3": 0.875,
        "recall_at_5": 0.875,
        "recall_at_10": 0.875,
        "recall_at_20": 0.875,
        "recall_at_100": 0.875,
        "recall_at_1000": 1.0,
        "accuracy": 0.875,
        "precision_at_1": 0.875,
        "precision_at_3": 0.29167,
        "precision_at_5": 0.175,
        "precision_at_10": 0.0875,
        "precision_at_20": 0.04375,
        "precision_at_100": 0.00875,
        "precision_at_1000": 0.001,
        "mrr_at_1": 0.875,
        "mrr_at_3": 0.875,
        "mrr_at_5": 0.875,
        "mrr_at_10": 0.875,
        "mrr_at_20": 0.875,
        "mrr_at_100": 0.875,
        "mrr_at_1000": 0.876238,
        "nauc_ndcg_at_1_max": 1.0,
        "nauc_ndcg_at_1_std": 0.551821,
        "nauc_ndcg_at_1_diff1": 0.865546,
        "nauc_ndcg_at_3_max": 1.0,
        "nauc_ndcg_at_3_std": 0.551821,
        "nauc_ndcg_at_3_diff1": 0.865546,
        "nauc_ndcg_at_5_max": 1.0,
        "nauc_ndcg_at_5_std": 0.551821,
        "nauc_ndcg_at_5_diff1": 0.865546,
        "nauc_ndcg_at_10_max": 1.0,
        "nauc_ndcg_at_10_std": 0.551821,
        "nauc_ndcg_at_10_diff1": 0.865546,
        "nauc_ndcg_at_20_max": 1.0,
        "nauc_ndcg_at_20_std": 0.551821,
        "nauc_ndcg_at_20_diff1": 0.865546,
        "nauc_ndcg_at_100_max": 1.0,
        "nauc_ndcg_at_100_std": 0.551821,