{
  "dataset_revision": "5d958fb6b31055495347724d46431ba41309b03a",
  "task_name": "ChemNQRetrieval",
  "mteb_version": "2.12.16",
  "scores": {
    "test": [
      {
        "ndcg_at_1": 0.48148,
        "ndcg_at_3": 0.53083,
        "ndcg_at_5": 0.55557,
        "ndcg_at_10": 0.59636,
        "ndcg_at_20": 0.60785,
        "ndcg_at_100": 0.64074,
        "ndcg_at_1000": 0.64691,
        "map_at_1": 0.3642,
        "map_at_3": 0.48765,
        "map_at_5": 0.50432,
        "map_at_10": 0.52343,
        "map_at_20": 0.52854,
        "map_at_100": 0.53406,
        "map_at_1000": 0.53431,
        "recall_at_1": 0.3642,
        "recall_at_3": 0.58642,
        "recall_at_5": 0.64198,
        "recall_at_10": 0.75309,
        "recall_at_20": 0.79012,
        "recall_at_100": 0.95062,
        "recall_at_1000": 1.0,
        "accuracy": 0.3642,
        "precision_at_1": 0.48148,
        "precision_at_3": 0.24691,
        "precision_at_5": 0.16296,
        "precision_at_10": 0.0963,
        "precision_at_20": 0.05185,
        "precision_at_100": 0.01222,
        "precision_at_1000": 0.0013,
        "mrr_at_1": 0.481481,
        "mrr_at_3": 0.567901,
        "mrr_at_5": 0.57716,
        "mrr_at_10": 0.594797,
        "mrr_at_20": 0.594797,
        "mrr_at_100": 0.599985,
        "mrr_at_1000": 0.600031,
        "nauc_ndcg_at_1_max": 0.531082,
        "nauc_ndcg_at_1_std": 0.19081,
        "nauc_ndcg_at_1_diff1": 0.262524,
        "nauc_ndcg_at_3_max": 0.188399,
        "nauc_ndcg_at_3_std": -0.092408,
        "nauc_ndcg_at_3_diff1": 0.160721,
        "nauc_ndcg_at_5_max": 0.205439,
        "nauc_ndcg_at_5_std": -0.096962,
        "nauc_ndcg_at_5_diff1": 0.098262,
        "nauc_ndcg_at_10_max": 0.324258,
        "nauc_ndcg_at_10_std": 0.069641,
        "nauc_ndcg_at_10_diff1": 0.203168,
        "nauc_ndcg_at_20_max": 0.373152,
        "nauc_ndcg_at_20_std": 0.104196,
        "nauc_ndcg_at_20_diff1": 0.232029,
        "nauc_ndcg_at_100_max": 0.314054,
        "nauc_ndcg_at_100_std": 0.04131,
        "nauc_ndcg_at_100_diff1": 0.229121,
        "nauc_ndcg_at_1000_max": 0.326514,
        "nauc_ndcg_at_1000_std": 0.050291,
        "nauc_ndcg_at_1000_diff1": 0.219706,
        "nauc_map_at_1_max": 0.382275,
        "nauc_map_at_1_std": 0.174797,
        "nauc_map_at_1_diff1": 0.223861,
        "nauc_map_at_3_max": 0.194287,
        "nauc_map_at_3_std": -0.065415,
        "nauc_map_at_3_diff1": 0.187567,
        "nauc_map_at_5_max": 0.216082,
        "nauc_map_at_5_std": -0.063276,
        "nauc_map_at_5_diff1": 0.147664,
        "nauc_map_at_10_max": 0.266784,
        "nauc_map_at_10_std": 0.008713,
        "nauc_map_at_10_diff1": 0.194327,
        "nauc_map_at_20_max": 0.286399,
        "nauc_map_at_20_std": 0.022913,
        "nauc_map_at_20_diff1": 0.205553,
        "nauc_map_at_100_max": 0.277046,
        "nauc_map_at_100_std": 0.013273,
        "nauc_map_at_100_diff1": 0.205721,
        "nauc_map_at_1000_max": 0.277036,
        "nauc_map_at_1000_std": 0.01329,
        "nauc_map_at_1000_diff1": 0.205357,
        "nauc_recall_at_1_max": 0.382275,
        "nauc_recall_at_1_std": 0.174797,
        "nauc_recall_at_1_diff1": 0.223861,
        "nauc_recall_at_3_max": -0.035355,
        "nauc_recall_at_3_std": -0.26999,
        "nauc_recall_at_3_diff1": 0.066464,
        "nauc_recall_at_5_max": -0.019658,
        "nauc_recall_at_5_std": -0.300997,
        "nauc_recall_at_5_diff1": -0.0851,
        "nauc_recall_at_10_max": 0.303354,
        "nauc_recall_at_10_std": 0.195346,
        "nauc_recall_at_10_diff1": 0.19075,
        "nauc_recall_at_20_max": 0.566772,
        "nauc_recall_at_20_std": 0.378068,
        "nauc_recall_at_20_diff1": 0.349773,
        "nauc_recall_at_100_max": -0.34008,
        "nauc_recall_at_100_std": -0.401166,
        "nauc_recall_at_100_diff1": 0.556079,
        "nauc_recall_at_1000_max": NaN,
        "nauc_recall_at_1000_std": NaN,
        "nauc_recall_at_1000_diff1": NaN,
        "nauc_precision_at_1_max": 0.531082,
        "nauc_precision_at_1_std": 0.19081,
        "nauc_precision_at_1_diff1": 0.262524,
        "nauc_precision_at_3_max": 0.10108,
        "nauc_precision_at_3_std": -0.26099,
        "nauc_precision_at_3_diff1": 0.140478,
        "nauc_precision_at_5_max": 0.174915,
        "nauc_precision_at_5_std": -0.217798,
        "nauc_precision_at_5_diff1": -0.004512,
        "nauc_precision_at_10_max": 0.416684,
        "nauc_precision_at_10_std": 0.234521,
        "nauc_precision_at_10_diff1": 0.312173,
        "nauc_precision_at_20_max": 0.5379,
        "nauc_precision_at_20_std": 0.327794,
        "nauc_precision_at_20_diff1": 0.376154,
        "nauc_precision_at_100_max": 0.338606,
        "nauc_precision_at_100_std": 0.169582,
        "nauc_precision_at_100_diff1": 0.349083,
        "nauc_precision_at_1000_max": 0.335315,
        "nauc_precision_at_1000_std": 0.201396,
        "nauc_precision_at_1000_diff1": 0.218779,
        "nauc_mrr_at_1_max": 0.531082,
        "nauc_mrr_at_1_std": 0.19081,
        "nauc_mrr_at_1_diff1": 0.262524,
        "nauc_mrr_at_3_max": 0.401448,
        "nauc_mrr_at_3_std": 0.052661,
        "nauc_mrr_at_3_diff1": 0.183528,
        "nauc_mrr_at_5_max": 0.386754,
        "nauc_mrr_at_5_std": 0.043015,
        "nauc_mrr_at_5_diff1": 0.16103,
        "nauc_mrr_at_10_max": 0.441342,
        "nauc_mrr_at_10_std": 0.111589,
        "nauc_mrr_at_10_diff1": 0.199502,
        "nauc_mrr_at_20_max": 0.441342,
        "nauc_mrr_at_20_std": 0.111589,
        "nauc_mrr_at_20_diff1": 0.199502,
        "nauc_mrr_at_100_max": 0.434639,
        "nauc_mrr_at_100_std": 0.103432,
        "nauc_mrr_at_100_diff1": 0.200063,
        "nauc_mrr_at_1000_max": 0.434796,
        "nauc_mrr_at_1000_std": 0.103537,
        "nauc_mrr_at_1000_diff1": 0.200007,
        "hit_rate_at_1": 0.48148,
        "hit_rate_at_3": 0.66667,
        "hit_rate_at_5": 0.7037,
        "hit_rate_at_10": 0.81481,
        "hit_rate_at_20": 0.81481,
        "hit_rate_at_100": 0.96296,
        "hit_rate_at_1000": 1.0,
        "main_score": 0.59636,
        "hf_subset": "default",
        "languages": [
          "eng-Latn"
        ]
      }
    ]
  },
  "evaluation_time": 61.61818051338196,
  "kg_co2_emissions": null,
  "date": 1778640085.471116
}