{
  "dataset_revision": "5d958fb6b31055495347724d46431ba41309b03a",
  "task_name": "ChemNQRetrieval",
  "mteb_version": "2.12.15",
  "scores": {
    "test": [
      {
        "ndcg_at_1": 0.44444,
        "ndcg_at_3": 0.538,
        "ndcg_at_5": 0.56273,
        "ndcg_at_10": 0.58101,
        "ndcg_at_20": 0.62906,
        "ndcg_at_100": 0.63907,
        "ndcg_at_1000": 0.643,
        "map_at_1": 0.34568,
        "map_at_3": 0.48765,
        "map_at_5": 0.50432,
        "map_at_10": 0.51067,
        "map_at_20": 0.52599,
        "map_at_100": 0.52757,
        "map_at_1000": 0.52762,
        "recall_at_1": 0.34568,
        "recall_at_3": 0.62346,
        "recall_at_5": 0.67901,
        "recall_at_10": 0.73457,
        "recall_at_20": 0.91358,
        "recall_at_100": 0.96296,
        "recall_at_1000": 1.0,
        "accuracy": 0.34568,
        "precision_at_1": 0.44444,
        "precision_at_3": 0.25926,
        "precision_at_5": 0.17037,
        "precision_at_10": 0.09259,
        "precision_at_20": 0.05926,
        "precision_at_100": 0.01259,
        "precision_at_1000": 0.0013,
        "mrr_at_1": 0.444444,
        "mrr_at_3": 0.555556,
        "mrr_at_5": 0.564815,
        "mrr_at_10": 0.57381,
        "mrr_at_20": 0.580948,
        "mrr_at_100": 0.582071,
        "mrr_at_1000": 0.582125,
        "nauc_ndcg_at_1_max": 0.017465,
        "nauc_ndcg_at_1_std": -0.121,
        "nauc_ndcg_at_1_diff1": 0.404361,
        "nauc_ndcg_at_3_max": 0.088157,
        "nauc_ndcg_at_3_std": -0.142293,
        "nauc_ndcg_at_3_diff1": 0.237255,
        "nauc_ndcg_at_5_max": 0.139244,
        "nauc_ndcg_at_5_std": -0.066489,
        "nauc_ndcg_at_5_diff1": 0.184418,
        "nauc_ndcg_at_10_max": 0.15471,
        "nauc_ndcg_at_10_std": -0.050145,
        "nauc_ndcg_at_10_diff1": 0.232996,
        "nauc_ndcg_at_20_max": 0.15514,
        "nauc_ndcg_at_20_std": -0.055044,
        "nauc_ndcg_at_20_diff1": 0.263325,
        "nauc_ndcg_at_100_max": 0.1454,
        "nauc_ndcg_at_100_std": -0.071828,
        "nauc_ndcg_at_100_diff1": 0.2962,
        "nauc_ndcg_at_1000_max": 0.145938,
        "nauc_ndcg_at_1000_std": -0.06345,
        "nauc_ndcg_at_1000_diff1": 0.28664,
        "nauc_map_at_1_max": -0.077305,
        "nauc_map_at_1_std": -0.108909,
        "nauc_map_at_1_diff1": 0.256148,
        "nauc_map_at_3_max": 0.053113,
        "nauc_map_at_3_std": -0.152825,
        "nauc_map_at_3_diff1": 0.259202,
        "nauc_map_at_5_max": 0.089083,
        "nauc_map_at_5_std": -0.108211,
        "nauc_map_at_5_diff1": 0.225658,
        "nauc_map_at_10_max": 0.09335,
        "nauc_map_at_10_std": -0.103553,
        "nauc_map_at_10_diff1": 0.241666,
        "nauc_map_at_20_max": 0.102052,
        "nauc_map_at_20_std": -0.097004,
        "nauc_map_at_20_diff1": 0.25539,
        "nauc_map_at_100_max": 0.100584,
        "nauc_map_at_100_std": -0.099268,
        "nauc_map_at_100_diff1": 0.259565,
        "nauc_map_at_1000_max": 0.100581,
        "nauc_map_at_1000_std": -0.099181,
        "nauc_map_at_1000_diff1": 0.259453,
        "nauc_recall_at_1_max": -0.077305,
        "nauc_recall_at_1_std": -0.108909,
        "nauc_recall_at_1_diff1": 0.256148,
        "nauc_recall_at_3_max": 0.097354,
        "nauc_recall_at_3_std": -0.17449,
        "nauc_recall_at_3_diff1": 0.086548,
        "nauc_recall_at_5_max": 0.215981,
        "nauc_recall_at_5_std": 0.013358,
        "nauc_recall_at_5_diff1": -0.064235,
        "nauc_recall_at_10_max": 0.229637,
        "nauc_recall_at_10_std": 0.038891,
        "nauc_recall_at_10_diff1": 0.050772,
        "nauc_recall_at_20_max": 0.252831,
        "nauc_recall_at_20_std": -0.032171,
        "nauc_recall_at_20_diff1": 0.044636,
        "nauc_recall_at_100_max": 0.113206,
        "nauc_recall_at_100_std": -0.572623,
        "nauc_recall_at_100_diff1": 0.867647,
        "nauc_recall_at_1000_max": NaN,
        "nauc_recall_at_1000_std": NaN,
        "nauc_recall_at_1000_diff1": NaN,
        "nauc_precision_at_1_max": 0.017465,
        "nauc_precision_at_1_std": -0.121,
        "nauc_precision_at_1_diff1": 0.404361,
        "nauc_precision_at_3_max": 0.260786,
        "nauc_precision_at_3_std": -0.192006,
        "nauc_precision_at_3_diff1": 0.254288,
        "nauc_precision_at_5_max": 0.358999,
        "nauc_precision_at_5_std": -0.018644,
        "nauc_precision_at_5_diff1": 0.092027,
        "nauc_precision_at_10_max": 0.485328,
        "nauc_precision_at_10_std": 0.080589,
        "nauc_precision_at_10_diff1": 0.24449,
        "nauc_precision_at_20_max": 0.493046,
        "nauc_precision_at_20_std": 0.175959,
        "nauc_precision_at_20_diff1": 0.332331,
        "nauc_precision_at_100_max": 0.399336,
        "nauc_precision_at_100_std": 0.131629,
        "nauc_precision_at_100_diff1": 0.41054,
        "nauc_precision_at_1000_max": 0.426559,
        "nauc_precision_at_1000_std": 0.198634,
        "nauc_precision_at_1000_diff1": 0.367049,
        "nauc_mrr_at_1_max": 0.017465,
        "nauc_mrr_at_1_std": -0.121,
        "nauc_mrr_at_1_diff1": 0.404361,
        "nauc_mrr_at_3_max": 0.129356,
        "nauc_mrr_at_3_std": -0.079357,
        "nauc_mrr_at_3_diff1": 0.331195,
        "nauc_mrr_at_5_max": 0.137338,
        "nauc_mrr_at_5_std": -0.045234,
        "nauc_mrr_at_5_diff1": 0.316848,
        "nauc_mrr_at_10_max": 0.158215,
        "nauc_mrr_at_10_std": -0.02489,
        "nauc_mrr_at_10_diff1": 0.346625,
        "nauc_mrr_at_20_max": 0.143849,
        "nauc_mrr_at_20_std": -0.038503,
        "nauc_mrr_at_20_diff1": 0.342603,
        "nauc_mrr_at_100_max": 0.143045,
        "nauc_mrr_at_100_std": -0.040741,
        "nauc_mrr_at_100_diff1": 0.346049,
        "nauc_mrr_at_1000_max": 0.14305,
        "nauc_mrr_at_1000_std": -0.040645,
        "nauc_mrr_at_1000_diff1": 0.345954,
        "hit_rate_at_1": 0.44444,
        "hit_rate_at_3": 0.7037,
        "hit_rate_at_5": 0.74074,
        "hit_rate_at_10": 0.81481,
        "hit_rate_at_20": 0.92593,
        "hit_rate_at_100": 0.96296,
        "hit_rate_at_1000": 1.0,
        "main_score": 0.58101,
        "hf_subset": "default",
        "languages": [
          "eng-Latn"
        ]
      }
    ]
  },
  "evaluation_time": 80.25200080871582,
  "kg_co2_emissions": null,
  "date": 1775566840.622303
}