{
  "dataset_revision": "1840e8a5ac6ec752bbdd97d543ead0189bc7c25b",
  "task_name": "ChemHotpotQARetrieval",
  "mteb_version": "2.12.15",
  "scores": {
    "train": [
      {
        "ndcg_at_1": 0.83889,
        "ndcg_at_3": 0.88299,
        "ndcg_at_5": 0.88777,
        "ndcg_at_10": 0.89705,
        "ndcg_at_20": 0.90026,
        "ndcg_at_100": 0.9025,
        "ndcg_at_1000": 0.90487,
        "map_at_1": 0.81944,
        "map_at_3": 0.86759,
        "map_at_5": 0.87037,
        "map_at_10": 0.87438,
        "map_at_20": 0.87559,
        "map_at_100": 0.87596,
        "map_at_1000": 0.87605,
        "recall_at_1": 0.81944,
        "recall_at_3": 0.91944,
        "recall_at_5": 0.93056,
        "recall_at_10": 0.95833,
        "recall_at_20": 0.96944,
        "recall_at_100": 0.98056,
        "recall_at_1000": 1.0,
        "accuracy": 0.81944,
        "precision_at_1": 0.83889,
        "precision_at_3": 0.31667,
        "precision_at_5": 0.19222,
        "precision_at_10": 0.09889,
        "precision_at_20": 0.05028,
        "precision_at_100": 0.01017,
        "precision_at_1000": 0.00104,
        "mrr_at_1": 0.838889,
        "mrr_at_3": 0.876852,
        "mrr_at_5": 0.87963,
        "mrr_at_10": 0.883642,
        "mrr_at_20": 0.884105,
        "mrr_at_100": 0.884477,
        "mrr_at_1000": 0.884512,
        "nauc_ndcg_at_1_max": 0.634795,
        "nauc_ndcg_at_1_std": -0.318405,
        "nauc_ndcg_at_1_diff1": 0.910566,
        "nauc_ndcg_at_3_max": 0.464981,
        "nauc_ndcg_at_3_std": -0.413566,
        "nauc_ndcg_at_3_diff1": 0.762686,
        "nauc_ndcg_at_5_max": 0.458404,
        "nauc_ndcg_at_5_std": -0.453799,
        "nauc_ndcg_at_5_diff1": 0.768193,
        "nauc_ndcg_at_10_max": 0.445767,
        "nauc_ndcg_at_10_std": -0.447237,
        "nauc_ndcg_at_10_diff1": 0.765288,
        "nauc_ndcg_at_20_max": 0.458329,
        "nauc_ndcg_at_20_std": -0.432786,
        "nauc_ndcg_at_20_diff1": 0.78774,
        "nauc_ndcg_at_100_max": 0.448825,
        "nauc_ndcg_at_100_std": -0.422909,
        "nauc_ndcg_at_100_diff1": 0.784157,
        "nauc_ndcg_at_1000_max": 0.478128,
        "nauc_ndcg_at_1000_std": -0.419777,
        "nauc_ndcg_at_1000_diff1": 0.798152,
        "nauc_map_at_1_max": 0.485379,
        "nauc_map_at_1_std": -0.383312,
        "nauc_map_at_1_diff1": 0.821043,
        "nauc_map_at_3_max": 0.476654,
        "nauc_map_at_3_std": -0.415,
        "nauc_map_at_3_diff1": 0.761772,
        "nauc_map_at_5_max": 0.473588,
        "nauc_map_at_5_std": -0.435378,
        "nauc_map_at_5_diff1": 0.764536,
        "nauc_map_at_10_max": 0.469492,
        "nauc_map_at_10_std": -0.434964,
        "nauc_map_at_10_diff1": 0.763551,
        "nauc_map_at_20_max": 0.474999,
        "nauc_map_at_20_std": -0.429346,
        "nauc_map_at_20_diff1": 0.771568,
        "nauc_map_at_100_max": 0.473852,
        "nauc_map_at_100_std": -0.428139,
        "nauc_map_at_100_diff1": 0.771026,
        "nauc_map_at_1000_max": 0.475043,
        "nauc_map_at_1000_std": -0.427765,
        "nauc_map_at_1000_diff1": 0.772102,
        "nauc_recall_at_1_max": 0.485379,
        "nauc_recall_at_1_std": -0.383312,
        "nauc_recall_at_1_diff1": 0.821043,
        "nauc_recall_at_3_max": 0.273463,
        "nauc_recall_at_3_std": -0.469896,
        "nauc_recall_at_3_diff1": 0.603126,
        "nauc_recall_at_5_max": 0.219029,
        "nauc_recall_at_5_std": -0.624444,
        "nauc_recall_at_5_diff1": 0.597516,
        "nauc_recall_at_10_max": -0.028727,
        "nauc_recall_at_10_std": -0.653501,
        "nauc_recall_at_10_diff1": 0.460535,
        "nauc_recall_at_20_max": -0.073975,
        "nauc_recall_at_20_std": -0.597106,
        "nauc_recall_at_20_diff1": 0.595578,
        "nauc_recall_at_100_max": -0.60831,
        "nauc_recall_at_100_std": -0.448246,
        "nauc_recall_at_100_diff1": 0.401827,
        "nauc_recall_at_1000_max": NaN,
        "nauc_recall_at_1000_std": NaN,
        "nauc_recall_at_1000_diff1": NaN,
        "nauc_precision_at_1_max": 0.634795,
        "nauc_precision_at_1_std": -0.318405,
        "nauc_precision_at_1_diff1": 0.910566,
        "nauc_precision_at_3_max": 0.379239,
        "nauc_precision_at_3_std": -0.146536,
        "nauc_precision_at_3_diff1": 0.356879,
        "nauc_precision_at_5_max": 0.353132,
        "nauc_precision_at_5_std": -0.218092,
        "nauc_precision_at_5_diff1": 0.325552,
        "nauc_precision_at_10_max": 0.261491,
        "nauc_precision_at_10_std": -0.078134,
        "nauc_precision_at_10_diff1": 0.141354,
        "nauc_precision_at_20_max": 0.259464,
        "nauc_precision_at_20_std": 0.132801,
        "nauc_precision_at_20_diff1": 0.151851,
        "nauc_precision_at_100_max": 0.169932,
        "nauc_precision_at_100_std": 0.280186,
        "nauc_precision_at_100_diff1": 0.035362,
        "nauc_precision_at_1000_max": 0.433746,
        "nauc_precision_at_1000_std": 0.485262,
        "nauc_precision_at_1000_diff1": -0.005021,
        "nauc_mrr_at_1_max": 0.634795,
        "nauc_mrr_at_1_std": -0.318405,
        "nauc_mrr_at_1_diff1": 0.910566,
        "nauc_mrr_at_3_max": 0.579553,
        "nauc_mrr_at_3_std": -0.356423,
        "nauc_mrr_at_3_diff1": 0.879492,
        "nauc_mrr_at_5_max": 0.578737,
        "nauc_mrr_at_5_std": -0.376813,
        "nauc_mrr_at_5_diff1": 0.885264,
        "nauc_mrr_at_10_max": 0.578109,
        "nauc_mrr_at_10_std": -0.374273,
        "nauc_mrr_at_10_diff1": 0.888528,
        "nauc_mrr_at_20_max": 0.57636,
        "nauc_mrr_at_20_std": -0.375114,
        "nauc_mrr_at_20_diff1": 0.888608,
        "nauc_mrr_at_100_max": 0.575476,
        "nauc_mrr_at_100_std": -0.373645,
        "nauc_mrr_at_100_diff1": 0.888422,
        "nauc_mrr_at_1000_max": 0.575764,
        "nauc_mrr_at_1000_std": -0.373596,
        "nauc_mrr_at_1000_diff1": 0.88847,
        "hit_rate_at_1": 0.83889,
        "hit_rate_at_3": 0.92778,
        "hit_rate_at_5": 0.93889,
        "hit_rate_at_10": 0.96667,
        "hit_rate_at_20": 0.97222,
        "hit_rate_at_100": 0.98333,
        "hit_rate_at_1000": 1.0,
        "main_score": 0.89705,
        "hf_subset": "default",
        "languages": [
          "eng-Latn"
        ]
      }
    ],
    "dev": [
      {
        "ndcg_at_1": 0.875,
        "ndcg_at_3": 0.875,
        "ndcg_at_5": 0.875,
        "ndcg_at_10": 0.875,
        "ndcg_at_20": 0.875,
        "ndcg_at_100": 0.90023,
        "ndcg_at_1000": 0.90023,
        "map_at_1": 0.875,
        "map_at_3": 0.875,
        "map_at_5": 0.875,
        "map_at_10": 0.875,
        "map_at_20": 0.875,
        "map_at_100": 0.87917,
        "map_at_1000": 0.87917,
        "recall_at_1": 0.875,
        "recall_at_3": 0.875,
        "recall_at_5": 0.875,
        "recall_at_10": 0.875,
        "recall_at_20": 0.875,
        "recall_at_100": 1.0,
        "recall_at_1000": 1.0,
        "accuracy": 0.875,
        "precision_at_1": 0.875,
        "precision_at_3": 0.29167,
        "precision_at_5": 0.175,
        "precision_at_10": 0.0875,
        "precision_at_20": 0.04375,
        "precision_at_100": 0.01,
        "precision_at_1000": 0.001,
        "mrr_at_1": 0.875,
        "mrr_at_3": 0.875,
        "mrr_at_5": 0.875,
        "mrr_at_10": 0.875,
        "mrr_at_20": 0.875,
        "mrr_at_100": 0.879167,
        "mrr_at_1000": 0.879167,
        "nauc_ndcg_at_1_max": 1.0,
        "nauc_ndcg_at_1_std": 0.865546,
        "nauc_ndcg_at_1_diff1": 0.551821,
        "nauc_ndcg_at_3_max": 1.0,
        "nauc_ndcg_at_3_std": 0.865546,
        "nauc_ndcg_at_3_diff1": 0.551821,
        "nauc_ndcg_at_5_max": 1.0,
        "nauc_ndcg_at_5_std": 0.865546,
        "nauc_ndcg_at_5_diff1": 0.551821,
        "nauc_ndcg_at_10_max": 1.0,
        "nauc_ndcg_at_10_std": 0.865546,
        "nauc_ndcg_at_10_diff1": 0.551821,
        "nauc_ndcg_at_20_max": 1.0,
        "nauc_ndcg_at_20_std": 0.865546,
        "nauc_ndcg_at_20_diff1": 0.551821,
        "nauc_ndcg_at_100_max": 1.0,
        "nauc_ndcg_at_100_std": 0.865546,