{
  "dataset_revision": "5377aa18f309ec440ff6325a4c2cd3362c2cb8d7",
  "task_name": "ChemRxivRetrieval",
  "mteb_version": "2.12.15",
  "scores": {
    "test": [
      {
        "ndcg_at_1": 0.7844,
        "ndcg_at_3": 0.8635,
        "ndcg_at_5": 0.87385,
        "ndcg_at_10": 0.88138,
        "ndcg_at_20": 0.88518,
        "ndcg_at_100": 0.88808,
        "ndcg_at_1000": 0.88867,
        "map_at_1": 0.7844,
        "map_at_3": 0.84483,
        "map_at_5": 0.8506,
        "map_at_10": 0.85377,
        "map_at_20": 0.85484,
        "map_at_100": 0.85529,
        "map_at_1000": 0.85531,
        "recall_at_1": 0.7844,
        "recall_at_3": 0.9172,
        "recall_at_5": 0.9422,
        "recall_at_10": 0.9652,
        "recall_at_20": 0.98,
        "recall_at_100": 0.995,
        "recall_at_1000": 0.9996,
        "accuracy": 0.7844,
        "precision_at_1": 0.7844,
        "precision_at_3": 0.30573,
        "precision_at_5": 0.18844,
        "precision_at_10": 0.09652,
        "precision_at_20": 0.049,
        "precision_at_100": 0.00995,
        "precision_at_1000": 0.001,
        "mrr_at_1": 0.7844,
        "mrr_at_3": 0.844833,
        "mrr_at_5": 0.850603,
        "mrr_at_10": 0.85377,
        "mrr_at_20": 0.854843,
        "mrr_at_100": 0.855289,
        "mrr_at_1000": 0.855313,
        "nauc_ndcg_at_1_max": 0.433927,
        "nauc_ndcg_at_1_std": -0.244331,
        "nauc_ndcg_at_1_diff1": 0.792657,
        "nauc_ndcg_at_3_max": 0.496831,
        "nauc_ndcg_at_3_std": -0.240237,
        "nauc_ndcg_at_3_diff1": 0.772638,
        "nauc_ndcg_at_5_max": 0.493111,
        "nauc_ndcg_at_5_std": -0.245384,
        "nauc_ndcg_at_5_diff1": 0.777118,
        "nauc_ndcg_at_10_max": 0.495772,
        "nauc_ndcg_at_10_std": -0.234199,
        "nauc_ndcg_at_10_diff1": 0.779784,
        "nauc_ndcg_at_20_max": 0.48684,
        "nauc_ndcg_at_20_std": -0.236661,
        "nauc_ndcg_at_20_diff1": 0.779959,
        "nauc_ndcg_at_100_max": 0.480689,
        "nauc_ndcg_at_100_std": -0.239447,
        "nauc_ndcg_at_100_diff1": 0.779793,
        "nauc_ndcg_at_1000_max": 0.479133,
        "nauc_ndcg_at_1000_std": -0.240262,
        "nauc_ndcg_at_1000_diff1": 0.779976,
        "nauc_map_at_1_max": 0.433927,
        "nauc_map_at_1_std": -0.244331,
        "nauc_map_at_1_diff1": 0.792657,
        "nauc_map_at_3_max": 0.475967,
        "nauc_map_at_3_std": -0.244273,
        "nauc_map_at_3_diff1": 0.777851,
        "nauc_map_at_5_max": 0.473292,
        "nauc_map_at_5_std": -0.246767,
        "nauc_map_at_5_diff1": 0.780188,
        "nauc_map_at_10_max": 0.474187,
        "nauc_map_at_10_std": -0.242535,
        "nauc_map_at_10_diff1": 0.781121,
        "nauc_map_at_20_max": 0.472083,
        "nauc_map_at_20_std": -0.243123,
        "nauc_map_at_20_diff1": 0.781176,
        "nauc_map_at_100_max": 0.471323,
        "nauc_map_at_100_std": -0.24338,
        "nauc_map_at_100_diff1": 0.781128,
        "nauc_map_at_1000_max": 0.471275,
        "nauc_map_at_1000_std": -0.243398,
        "nauc_map_at_1000_diff1": 0.781133,
        "nauc_recall_at_1_max": 0.433927,
        "nauc_recall_at_1_std": -0.244331,
        "nauc_recall_at_1_diff1": 0.792657,
        "nauc_recall_at_3_max": 0.603242,
        "nauc_recall_at_3_std": -0.217726,
        "nauc_recall_at_3_diff1": 0.747076,
        "nauc_recall_at_5_max": 0.631213,
        "nauc_recall_at_5_std": -0.234842,
        "nauc_recall_at_5_diff1": 0.75842,
        "nauc_recall_at_10_max": 0.739681,
        "nauc_recall_at_10_std": -0.126627,
        "nauc_recall_at_10_diff1": 0.773227,
        "nauc_recall_at_20_max": 0.728431,
        "nauc_recall_at_20_std": -0.101022,
        "nauc_recall_at_20_diff1": 0.771849,
        "nauc_recall_at_100_max": 0.770439,
        "nauc_recall_at_100_std": -0.033184,
        "nauc_recall_at_100_diff1": 0.739608,
        "nauc_recall_at_1000_max": 0.934641,
        "nauc_recall_at_1000_std": 0.561391,
        "nauc_recall_at_1000_diff1": 0.679038,
        "nauc_precision_at_1_max": 0.433927,
        "nauc_precision_at_1_std": -0.244331,
        "nauc_precision_at_1_diff1": 0.792657,
        "nauc_precision_at_3_max": 0.603242,
        "nauc_precision_at_3_std": -0.217726,
        "nauc_precision_at_3_diff1": 0.747076,
        "nauc_precision_at_5_max": 0.631213,
        "nauc_precision_at_5_std": -0.234842,
        "nauc_precision_at_5_diff1": 0.75842,
        "nauc_precision_at_10_max": 0.739681,
        "nauc_precision_at_10_std": -0.126627,
        "nauc_precision_at_10_diff1": 0.773227,
        "nauc_precision_at_20_max": 0.728431,
        "nauc_precision_at_20_std": -0.101022,
        "nauc_precision_at_20_diff1": 0.771849,
        "nauc_precision_at_100_max": 0.770439,
        "nauc_precision_at_100_std": -0.033184,
        "nauc_precision_at_100_diff1": 0.739608,
        "nauc_precision_at_1000_max": 0.934641,
        "nauc_precision_at_1000_std": 0.561391,
        "nauc_precision_at_1000_diff1": 0.679038,
        "nauc_mrr_at_1_max": 0.433927,
        "nauc_mrr_at_1_std": -0.244331,
        "nauc_mrr_at_1_diff1": 0.792657,
        "nauc_mrr_at_3_max": 0.475967,
        "nauc_mrr_at_3_std": -0.243316,
        "nauc_mrr_at_3_diff1": 0.777851,
        "nauc_mrr_at_5_max": 0.473292,
        "nauc_mrr_at_5_std": -0.246518,
        "nauc_mrr_at_5_diff1": 0.780188,
        "nauc_mrr_at_10_max": 0.474187,
        "nauc_mrr_at_10_std": -0.24228,
        "nauc_mrr_at_10_diff1": 0.781121,
        "nauc_mrr_at_20_max": 0.472078,
        "nauc_mrr_at_20_std": -0.242865,
        "nauc_mrr_at_20_diff1": 0.781175,
        "nauc_mrr_at_100_max": 0.471318,
        "nauc_mrr_at_100_std": -0.24312,
        "nauc_mrr_at_100_diff1": 0.781127,
        "nauc_mrr_at_1000_max": 0.47127,
        "nauc_mrr_at_1000_std": -0.243138,
        "nauc_mrr_at_1000_diff1": 0.781132,
        "hit_rate_at_1": 0.7844,
        "hit_rate_at_3": 0.9172,
        "hit_rate_at_5": 0.9422,
        "hit_rate_at_10": 0.9652,
        "hit_rate_at_20": 0.98,
        "hit_rate_at_100": 0.995,
        "hit_rate_at_1000": 0.9996,
        "main_score": 0.88138,
        "hf_subset": "default",
        "languages": [
          "eng-Latn"
        ]
      }
    ]
  },
  "evaluation_time": 599.5153398513794,
  "kg_co2_emissions": null,
  "date": 1775514637.096013
}