{
  "dataset_revision": "5d958fb6b31055495347724d46431ba41309b03a",
  "task_name": "ChemNQRetrieval",
  "mteb_version": "2.12.15",
  "scores": {
    "test": [
      {
        "ndcg_at_1": 0.51852,
        "ndcg_at_3": 0.5822,
        "ndcg_at_5": 0.60076,
        "ndcg_at_10": 0.62548,
        "ndcg_at_20": 0.67541,
        "ndcg_at_100": 0.68281,
        "ndcg_at_1000": 0.6869,
        "map_at_1": 0.41975,
        "map_at_3": 0.53395,
        "map_at_5": 0.55062,
        "map_at_10": 0.56091,
        "map_at_20": 0.579,
        "map_at_100": 0.5802,
        "map_at_1000": 0.58027,
        "recall_at_1": 0.41975,
        "recall_at_3": 0.64198,
        "recall_at_5": 0.67901,
        "recall_at_10": 0.74691,
        "recall_at_20": 0.92593,
        "recall_at_100": 0.96296,
        "recall_at_1000": 1.0,
        "accuracy": 0.41975,
        "precision_at_1": 0.51852,
        "precision_at_3": 0.25926,
        "precision_at_5": 0.17037,
        "precision_at_10": 0.0963,
        "precision_at_20": 0.06111,
        "precision_at_100": 0.01259,
        "precision_at_1000": 0.0013,
        "mrr_at_1": 0.518519,
        "mrr_at_3": 0.623457,
        "mrr_at_5": 0.623457,
        "mrr_at_10": 0.633745,
        "mrr_at_20": 0.641479,
        "mrr_at_100": 0.642674,
        "mrr_at_1000": 0.642743,
        "nauc_ndcg_at_1_max": 0.241011,
        "nauc_ndcg_at_1_std": 0.108493,
        "nauc_ndcg_at_1_diff1": -0.119498,
        "nauc_ndcg_at_3_max": 0.300828,
        "nauc_ndcg_at_3_std": 0.106448,
        "nauc_ndcg_at_3_diff1": 0.062823,
        "nauc_ndcg_at_5_max": 0.294217,
        "nauc_ndcg_at_5_std": 0.122697,
        "nauc_ndcg_at_5_diff1": 0.020838,
        "nauc_ndcg_at_10_max": 0.334894,
        "nauc_ndcg_at_10_std": 0.156373,
        "nauc_ndcg_at_10_diff1": 0.096665,
        "nauc_ndcg_at_20_max": 0.355182,
        "nauc_ndcg_at_20_std": 0.174809,
        "nauc_ndcg_at_20_diff1": 0.05428,
        "nauc_ndcg_at_100_max": 0.348666,
        "nauc_ndcg_at_100_std": 0.162443,
        "nauc_ndcg_at_100_diff1": 0.061735,
        "nauc_ndcg_at_1000_max": 0.34489,
        "nauc_ndcg_at_1000_std": 0.168597,
        "nauc_ndcg_at_1000_diff1": 0.044651,
        "nauc_map_at_1_max": 0.211204,
        "nauc_map_at_1_std": 0.120323,
        "nauc_map_at_1_diff1": -0.057212,
        "nauc_map_at_3_max": 0.286336,
        "nauc_map_at_3_std": 0.093675,
        "nauc_map_at_3_diff1": 0.077992,
        "nauc_map_at_5_max": 0.283514,
        "nauc_map_at_5_std": 0.110711,
        "nauc_map_at_5_diff1": 0.04377,
        "nauc_map_at_10_max": 0.296788,
        "nauc_map_at_10_std": 0.123178,
        "nauc_map_at_10_diff1": 0.067351,
        "nauc_map_at_20_max": 0.31177,
        "nauc_map_at_20_std": 0.137495,
        "nauc_map_at_20_diff1": 0.055754,
        "nauc_map_at_100_max": 0.310745,
        "nauc_map_at_100_std": 0.135739,
        "nauc_map_at_100_diff1": 0.056724,
        "nauc_map_at_1000_max": 0.310685,
        "nauc_map_at_1000_std": 0.135815,
        "nauc_map_at_1000_diff1": 0.056496,
        "nauc_recall_at_1_max": 0.211204,
        "nauc_recall_at_1_std": 0.120323,
        "nauc_recall_at_1_diff1": -0.057212,
        "nauc_recall_at_3_max": 0.278466,
        "nauc_recall_at_3_std": 0.058037,
        "nauc_recall_at_3_diff1": 0.145092,
        "nauc_recall_at_5_max": 0.266488,
        "nauc_recall_at_5_std": 0.085273,
        "nauc_recall_at_5_diff1": 0.06026,
        "nauc_recall_at_10_max": 0.352584,
        "nauc_recall_at_10_std": 0.136474,
        "nauc_recall_at_10_diff1": 0.369264,
        "nauc_recall_at_20_max": 0.556079,
        "nauc_recall_at_20_std": 0.190258,
        "nauc_recall_at_20_diff1": 0.412218,
        "nauc_recall_at_100_max": 0.556079,
        "nauc_recall_at_100_std": -0.175564,
        "nauc_recall_at_100_diff1": 1.0,
        "nauc_recall_at_1000_max": NaN,
        "nauc_recall_at_1000_std": NaN,
        "nauc_recall_at_1000_diff1": NaN,
        "nauc_precision_at_1_max": 0.241011,
        "nauc_precision_at_1_std": 0.108493,
        "nauc_precision_at_1_diff1": -0.119498,
        "nauc_precision_at_3_max": 0.372522,
        "nauc_precision_at_3_std": 0.070313,
        "nauc_precision_at_3_diff1": 0.122559,
        "nauc_precision_at_5_max": 0.221408,
        "nauc_precision_at_5_std": 0.078735,
        "nauc_precision_at_5_diff1": -0.033965,
        "nauc_precision_at_10_max": 0.299984,
        "nauc_precision_at_10_std": 0.187062,
        "nauc_precision_at_10_diff1": 0.107547,
        "nauc_precision_at_20_max": 0.292806,
        "nauc_precision_at_20_std": 0.254244,
        "nauc_precision_at_20_diff1": -0.046331,
        "nauc_precision_at_100_max": 0.269933,
        "nauc_precision_at_100_std": 0.228021,
        "nauc_precision_at_100_diff1": -0.035103,
        "nauc_precision_at_1000_max": 0.242708,
        "nauc_precision_at_1000_std": 0.26642,
        "nauc_precision_at_1000_diff1": -0.133587,
        "nauc_mrr_at_1_max": 0.241011,
        "nauc_mrr_at_1_std": 0.108493,
        "nauc_mrr_at_1_diff1": -0.119498,
        "nauc_mrr_at_3_max": 0.31502,
        "nauc_mrr_at_3_std": 0.166831,
        "nauc_mrr_at_3_diff1": -0.078168,
        "nauc_mrr_at_5_max": 0.31502,
        "nauc_mrr_at_5_std": 0.166831,
        "nauc_mrr_at_5_diff1": -0.078168,
        "nauc_mrr_at_10_max": 0.353043,
        "nauc_mrr_at_10_std": 0.198538,
        "nauc_mrr_at_10_diff1": -0.042534,
        "nauc_mrr_at_20_max": 0.339278,
        "nauc_mrr_at_20_std": 0.186262,
        "nauc_mrr_at_20_diff1": -0.053453,
        "nauc_mrr_at_100_max": 0.338337,
        "nauc_mrr_at_100_std": 0.184657,
        "nauc_mrr_at_100_diff1": -0.052923,
        "nauc_mrr_at_1000_max": 0.338282,
        "nauc_mrr_at_1000_std": 0.184747,
        "nauc_mrr_at_1000_diff1": -0.053187,
        "hit_rate_at_1": 0.51852,
        "hit_rate_at_3": 0.74074,
        "hit_rate_at_5": 0.74074,
        "hit_rate_at_10": 0.81481,
        "hit_rate_at_20": 0.92593,
        "hit_rate_at_100": 0.96296,
        "hit_rate_at_1000": 1.0,
        "main_score": 0.62548,
        "hf_subset": "default",
        "languages": [
          "eng-Latn"
        ]
      }
    ]
  },
  "evaluation_time": 76.12861847877502,
  "kg_co2_emissions": null,
  "date": 1775566099.870259
}