{
  "dataset_revision": "5377aa18f309ec440ff6325a4c2cd3362c2cb8d7",
  "task_name": "ChemRxivRetrieval",
  "mteb_version": "2.12.15",
  "scores": {
    "test": [
      {
        "ndcg_at_1": 0.759,
        "ndcg_at_3": 0.84278,
        "ndcg_at_5": 0.85709,
        "ndcg_at_10": 0.86582,
        "ndcg_at_20": 0.86983,
        "ndcg_at_100": 0.87307,
        "ndcg_at_1000": 0.87382,
        "map_at_1": 0.759,
        "map_at_3": 0.82297,
        "map_at_5": 0.83099,
        "map_at_10": 0.83467,
        "map_at_20": 0.8358,
        "map_at_100": 0.83628,
        "map_at_1000": 0.83631,
        "recall_at_1": 0.759,
        "recall_at_3": 0.8998,
        "recall_at_5": 0.9342,
        "recall_at_10": 0.9608,
        "recall_at_20": 0.9764,
        "recall_at_100": 0.9934,
        "recall_at_1000": 0.9994,
        "accuracy": 0.759,
        "precision_at_1": 0.759,
        "precision_at_3": 0.29993,
        "precision_at_5": 0.18684,
        "precision_at_10": 0.09608,
        "precision_at_20": 0.04882,
        "precision_at_100": 0.00993,
        "precision_at_1000": 0.001,
        "mrr_at_1": 0.759,
        "mrr_at_3": 0.822767,
        "mrr_at_5": 0.830937,
        "mrr_at_10": 0.83462,
        "mrr_at_20": 0.835751,
        "mrr_at_100": 0.836231,
        "mrr_at_1000": 0.836258,
        "nauc_ndcg_at_1_max": 0.394555,
        "nauc_ndcg_at_1_std": -0.228498,
        "nauc_ndcg_at_1_diff1": 0.779993,
        "nauc_ndcg_at_3_max": 0.455389,
        "nauc_ndcg_at_3_std": -0.202032,
        "nauc_ndcg_at_3_diff1": 0.749748,
        "nauc_ndcg_at_5_max": 0.45779,
        "nauc_ndcg_at_5_std": -0.202667,
        "nauc_ndcg_at_5_diff1": 0.756195,
        "nauc_ndcg_at_10_max": 0.456199,
        "nauc_ndcg_at_10_std": -0.198807,
        "nauc_ndcg_at_10_diff1": 0.759509,
        "nauc_ndcg_at_20_max": 0.451158,
        "nauc_ndcg_at_20_std": -0.200262,
        "nauc_ndcg_at_20_diff1": 0.761323,
        "nauc_ndcg_at_100_max": 0.443728,
        "nauc_ndcg_at_100_std": -0.206093,
        "nauc_ndcg_at_100_diff1": 0.762186,
        "nauc_ndcg_at_1000_max": 0.441097,
        "nauc_ndcg_at_1000_std": -0.208127,
        "nauc_ndcg_at_1000_diff1": 0.761868,
        "nauc_map_at_1_max": 0.394555,
        "nauc_map_at_1_std": -0.228498,
        "nauc_map_at_1_diff1": 0.779993,
        "nauc_map_at_3_max": 0.436234,
        "nauc_map_at_3_std": -0.21243,
        "nauc_map_at_3_diff1": 0.758514,
        "nauc_map_at_5_max": 0.436312,
        "nauc_map_at_5_std": -0.213405,
        "nauc_map_at_5_diff1": 0.7622,
        "nauc_map_at_10_max": 0.435359,
        "nauc_map_at_10_std": -0.212378,
        "nauc_map_at_10_diff1": 0.763428,
        "nauc_map_at_20_max": 0.434055,
        "nauc_map_at_20_std": -0.212789,
        "nauc_map_at_20_diff1": 0.763788,
        "nauc_map_at_100_max": 0.433088,
        "nauc_map_at_100_std": -0.213461,
        "nauc_map_at_100_diff1": 0.763831,
        "nauc_map_at_1000_max": 0.433016,
        "nauc_map_at_1000_std": -0.213497,
        "nauc_map_at_1000_diff1": 0.763824,
        "nauc_recall_at_1_max": 0.394555,
        "nauc_recall_at_1_std": -0.228498,
        "nauc_recall_at_1_diff1": 0.779993,
        "nauc_recall_at_3_max": 0.54571,
        "nauc_recall_at_3_std": -0.151591,
        "nauc_recall_at_3_diff1": 0.708933,
        "nauc_recall_at_5_max": 0.605444,
        "nauc_recall_at_5_std": -0.126995,
        "nauc_recall_at_5_diff1": 0.717535,
        "nauc_recall_at_10_max": 0.687844,
        "nauc_recall_at_10_std": -0.037277,
        "nauc_recall_at_10_diff1": 0.724568,
        "nauc_recall_at_20_max": 0.741494,
        "nauc_recall_at_20_std": 0.040011,
        "nauc_recall_at_20_diff1": 0.7413,
        "nauc_recall_at_100_max": 0.814504,
        "nauc_recall_at_100_std": 0.102623,
        "nauc_recall_at_100_diff1": 0.79184,
        "nauc_recall_at_1000_max": 0.410364,
        "nauc_recall_at_1000_std": -0.298319,
        "nauc_recall_at_1000_diff1": 0.571429,
        "nauc_precision_at_1_max": 0.394555,
        "nauc_precision_at_1_std": -0.228498,
        "nauc_precision_at_1_diff1": 0.779993,
        "nauc_precision_at_3_max": 0.54571,
        "nauc_precision_at_3_std": -0.151591,
        "nauc_precision_at_3_diff1": 0.708933,
        "nauc_precision_at_5_max": 0.605444,
        "nauc_precision_at_5_std": -0.126995,
        "nauc_precision_at_5_diff1": 0.717535,
        "nauc_precision_at_10_max": 0.687844,
        "nauc_precision_at_10_std": -0.037277,
        "nauc_precision_at_10_diff1": 0.724568,
        "nauc_precision_at_20_max": 0.741494,
        "nauc_precision_at_20_std": 0.040011,
        "nauc_precision_at_20_diff1": 0.7413,
        "nauc_precision_at_100_max": 0.814504,
        "nauc_precision_at_100_std": 0.102623,
        "nauc_precision_at_100_diff1": 0.79184,
        "nauc_precision_at_1000_max": 0.410364,
        "nauc_precision_at_1000_std": -0.298319,
        "nauc_precision_at_1000_diff1": 0.571429,
        "nauc_mrr_at_1_max": 0.394555,
        "nauc_mrr_at_1_std": -0.228498,
        "nauc_mrr_at_1_diff1": 0.779993,
        "nauc_mrr_at_3_max": 0.436652,
        "nauc_mrr_at_3_std": -0.212756,
        "nauc_mrr_at_3_diff1": 0.75893,
        "nauc_mrr_at_5_max": 0.436422,
        "nauc_mrr_at_5_std": -0.213491,
        "nauc_mrr_at_5_diff1": 0.762308,
        "nauc_mrr_at_10_max": 0.435472,
        "nauc_mrr_at_10_std": -0.212466,
        "nauc_mrr_at_10_diff1": 0.763539,
        "nauc_mrr_at_20_max": 0.434167,
        "nauc_mrr_at_20_std": -0.212871,
        "nauc_mrr_at_20_diff1": 0.763899,
        "nauc_mrr_at_100_max": 0.433201,
        "nauc_mrr_at_100_std": -0.213544,
        "nauc_mrr_at_100_diff1": 0.763942,
        "nauc_mrr_at_1000_max": 0.433129,
        "nauc_mrr_at_1000_std": -0.21358,
        "nauc_mrr_at_1000_diff1": 0.763936,
        "hit_rate_at_1": 0.759,
        "hit_rate_at_3": 0.8998,
        "hit_rate_at_5": 0.9342,
        "hit_rate_at_10": 0.9608,
        "hit_rate_at_20": 0.9764,
        "hit_rate_at_100": 0.9934,
        "hit_rate_at_1000": 0.9994,
        "main_score": 0.86582,
        "hf_subset": "default",
        "languages": [
          "eng-Latn"
        ]
      }
    ]
  },
  "evaluation_time": 595.2258427143097,
  "kg_co2_emissions": null,
  "date": 1775512539.959548
}