{
  "dataset_revision": "5d958fb6b31055495347724d46431ba41309b03a",
  "task_name": "ChemNQRetrieval",
  "mteb_version": "2.12.15",
  "scores": {
    "test": [
      {
        "ndcg_at_1": 0.40741,
        "ndcg_at_3": 0.52245,
        "ndcg_at_5": 0.54719,
        "ndcg_at_10": 0.56644,
        "ndcg_at_20": 0.61159,
        "ndcg_at_100": 0.62487,
        "ndcg_at_1000": 0.6287,
        "map_at_1": 0.30864,
        "map_at_3": 0.46605,
        "map_at_5": 0.48272,
        "map_at_10": 0.48999,
        "map_at_20": 0.50528,
        "map_at_100": 0.50753,
        "map_at_1000": 0.50758,
        "recall_at_1": 0.30864,
        "recall_at_3": 0.62346,
        "recall_at_5": 0.67901,
        "recall_at_10": 0.73457,
        "recall_at_20": 0.90123,
        "recall_at_100": 0.96296,
        "recall_at_1000": 1.0,
        "accuracy": 0.30864,
        "precision_at_1": 0.40741,
        "precision_at_3": 0.25926,
        "precision_at_5": 0.17037,
        "precision_at_10": 0.09259,
        "precision_at_20": 0.05741,
        "precision_at_100": 0.01259,
        "precision_at_1000": 0.0013,
        "mrr_at_1": 0.407407,
        "mrr_at_3": 0.537037,
        "mrr_at_5": 0.546296,
        "mrr_at_10": 0.556217,
        "mrr_at_20": 0.563905,
        "mrr_at_100": 0.564963,
        "mrr_at_1000": 0.565009,
        "nauc_ndcg_at_1_max": 0.083576,
        "nauc_ndcg_at_1_std": -0.083395,
        "nauc_ndcg_at_1_diff1": 0.556236,
        "nauc_ndcg_at_3_max": 0.085706,
        "nauc_ndcg_at_3_std": -0.112122,
        "nauc_ndcg_at_3_diff1": 0.383933,
        "nauc_ndcg_at_5_max": 0.15872,
        "nauc_ndcg_at_5_std": -0.033896,
        "nauc_ndcg_at_5_diff1": 0.338036,
        "nauc_ndcg_at_10_max": 0.191001,
        "nauc_ndcg_at_10_std": -0.011383,
        "nauc_ndcg_at_10_diff1": 0.351559,
        "nauc_ndcg_at_20_max": 0.179236,
        "nauc_ndcg_at_20_std": -0.029288,
        "nauc_ndcg_at_20_diff1": 0.367013,
        "nauc_ndcg_at_100_max": 0.166352,
        "nauc_ndcg_at_100_std": -0.042777,
        "nauc_ndcg_at_100_diff1": 0.41396,
        "nauc_ndcg_at_1000_max": 0.171982,
        "nauc_ndcg_at_1000_std": -0.034052,
        "nauc_ndcg_at_1000_diff1": 0.408867,
        "nauc_map_at_1_max": -0.015023,
        "nauc_map_at_1_std": -0.072572,
        "nauc_map_at_1_diff1": 0.46018,
        "nauc_map_at_3_max": 0.068513,
        "nauc_map_at_3_std": -0.124602,
        "nauc_map_at_3_diff1": 0.394604,
        "nauc_map_at_5_max": 0.117086,
        "nauc_map_at_5_std": -0.078458,
        "nauc_map_at_5_diff1": 0.364695,
        "nauc_map_at_10_max": 0.125816,
        "nauc_map_at_10_std": -0.073133,
        "nauc_map_at_10_diff1": 0.368328,
        "nauc_map_at_20_max": 0.134273,
        "nauc_map_at_20_std": -0.067854,
        "nauc_map_at_20_diff1": 0.381418,
        "nauc_map_at_100_max": 0.132199,
        "nauc_map_at_100_std": -0.069497,
        "nauc_map_at_100_diff1": 0.387772,
        "nauc_map_at_1000_max": 0.132247,
        "nauc_map_at_1000_std": -0.069419,
        "nauc_map_at_1000_diff1": 0.387719,
        "nauc_recall_at_1_max": -0.015023,
        "nauc_recall_at_1_std": -0.072572,
        "nauc_recall_at_1_diff1": 0.46018,
        "nauc_recall_at_3_max": 0.029764,
        "nauc_recall_at_3_std": -0.143988,
        "nauc_recall_at_3_diff1": 0.265302,
        "nauc_recall_at_5_max": 0.195983,
        "nauc_recall_at_5_std": 0.047201,
        "nauc_recall_at_5_diff1": 0.134092,
        "nauc_recall_at_10_max": 0.277803,
        "nauc_recall_at_10_std": 0.105065,
        "nauc_recall_at_10_diff1": 0.113281,
        "nauc_recall_at_20_max": 0.157632,
        "nauc_recall_at_20_std": -0.050095,
        "nauc_recall_at_20_diff1": -0.086666,
        "nauc_recall_at_100_max": -0.175564,
        "nauc_recall_at_100_std": -0.572623,
        "nauc_recall_at_100_diff1": 0.723262,
        "nauc_recall_at_1000_max": NaN,
        "nauc_recall_at_1000_std": NaN,
        "nauc_recall_at_1000_diff1": NaN,
        "nauc_precision_at_1_max": 0.083576,
        "nauc_precision_at_1_std": -0.083395,
        "nauc_precision_at_1_diff1": 0.556236,
        "nauc_precision_at_3_max": 0.222532,
        "nauc_precision_at_3_std": -0.168465,
        "nauc_precision_at_3_diff1": 0.349576,
        "nauc_precision_at_5_max": 0.358999,
        "nauc_precision_at_5_std": 0.002801,
        "nauc_precision_at_5_diff1": 0.178834,
        "nauc_precision_at_10_max": 0.529956,
        "nauc_precision_at_10_std": 0.121959,
        "nauc_precision_at_10_diff1": 0.239047,
        "nauc_precision_at_20_max": 0.541622,
        "nauc_precision_at_20_std": 0.168625,
        "nauc_precision_at_20_diff1": 0.237278,
        "nauc_precision_at_100_max": 0.386792,
        "nauc_precision_at_100_std": 0.131629,
        "nauc_precision_at_100_diff1": 0.35952,
        "nauc_precision_at_1000_max": 0.440297,
        "nauc_precision_at_1000_std": 0.198634,
        "nauc_precision_at_1000_diff1": 0.324912,
        "nauc_mrr_at_1_max": 0.083576,
        "nauc_mrr_at_1_std": -0.083395,
        "nauc_mrr_at_1_diff1": 0.556236,
        "nauc_mrr_at_3_max": 0.154895,
        "nauc_mrr_at_3_std": -0.044114,
        "nauc_mrr_at_3_diff1": 0.452334,
        "nauc_mrr_at_5_max": 0.175065,
        "nauc_mrr_at_5_std": -0.009469,
        "nauc_mrr_at_5_diff1": 0.440664,
        "nauc_mrr_at_10_max": 0.200703,
        "nauc_mrr_at_10_std": 0.011858,
        "nauc_mrr_at_10_diff1": 0.45869,
        "nauc_mrr_at_20_max": 0.180534,
        "nauc_mrr_at_20_std": -0.006411,
        "nauc_mrr_at_20_diff1": 0.452589,
        "nauc_mrr_at_100_max": 0.179908,
        "nauc_mrr_at_100_std": -0.008401,
        "nauc_mrr_at_100_diff1": 0.456216,
        "nauc_mrr_at_1000_max": 0.179961,
        "nauc_mrr_at_1000_std": -0.008315,
        "nauc_mrr_at_1000_diff1": 0.456175,
        "hit_rate_at_1": 0.40741,
        "hit_rate_at_3": 0.7037,
        "hit_rate_at_5": 0.74074,
        "hit_rate_at_10": 0.81481,
        "hit_rate_at_20": 0.92593,
        "hit_rate_at_100": 0.96296,
        "hit_rate_at_1000": 1.0,
        "main_score": 0.56644,
        "hf_subset": "default",
        "languages": [
          "eng-Latn"
        ]
      }
    ]
  },
  "evaluation_time": 80.86404204368591,
  "kg_co2_emissions": null,
  "date": 1775567639.90691
}