{
  "dataset_revision": "1840e8a5ac6ec752bbdd97d543ead0189bc7c25b",
  "task_name": "ChemHotpotQARetrieval",
  "mteb_version": "2.12.15",
  "scores": {
    "train": [
      {
        "ndcg_at_1": 0.84444,
        "ndcg_at_3": 0.88128,
        "ndcg_at_5": 0.89208,
        "ndcg_at_10": 0.89741,
        "ndcg_at_20": 0.90196,
        "ndcg_at_100": 0.90459,
        "ndcg_at_1000": 0.90583,
        "map_at_1": 0.825,
        "map_at_3": 0.86759,
        "map_at_5": 0.87426,
        "map_at_10": 0.87644,
        "map_at_20": 0.87796,
        "map_at_100": 0.87832,
        "map_at_1000": 0.87834,
        "recall_at_1": 0.825,
        "recall_at_3": 0.91111,
        "recall_at_5": 0.93611,
        "recall_at_10": 0.95278,
        "recall_at_20": 0.96944,
        "recall_at_100": 0.98333,
        "recall_at_1000": 0.99444,
        "accuracy": 0.825,
        "precision_at_1": 0.84444,
        "precision_at_3": 0.31296,
        "precision_at_5": 0.19333,
        "precision_at_10": 0.09833,
        "precision_at_20": 0.05028,
        "precision_at_100": 0.01022,
        "precision_at_1000": 0.00103,
        "mrr_at_1": 0.844444,
        "mrr_at_3": 0.878704,
        "mrr_at_5": 0.883981,
        "mrr_at_10": 0.886157,
        "mrr_at_20": 0.886982,
        "mrr_at_100": 0.887276,
        "mrr_at_1000": 0.887299,
        "nauc_ndcg_at_1_max": 0.610588,
        "nauc_ndcg_at_1_std": -0.290681,
        "nauc_ndcg_at_1_diff1": 0.883605,
        "nauc_ndcg_at_3_max": 0.473536,
        "nauc_ndcg_at_3_std": -0.351012,
        "nauc_ndcg_at_3_diff1": 0.739404,
        "nauc_ndcg_at_5_max": 0.43475,
        "nauc_ndcg_at_5_std": -0.451193,
        "nauc_ndcg_at_5_diff1": 0.734577,
        "nauc_ndcg_at_10_max": 0.433959,
        "nauc_ndcg_at_10_std": -0.442528,
        "nauc_ndcg_at_10_diff1": 0.733684,
        "nauc_ndcg_at_20_max": 0.442156,
        "nauc_ndcg_at_20_std": -0.408365,
        "nauc_ndcg_at_20_diff1": 0.751419,
        "nauc_ndcg_at_100_max": 0.445255,
        "nauc_ndcg_at_100_std": -0.390623,
        "nauc_ndcg_at_100_diff1": 0.761068,
        "nauc_ndcg_at_1000_max": 0.447926,
        "nauc_ndcg_at_1000_std": -0.39104,
        "nauc_ndcg_at_1000_diff1": 0.761893,
        "nauc_map_at_1_max": 0.469172,
        "nauc_map_at_1_std": -0.370213,
        "nauc_map_at_1_diff1": 0.793949,
        "nauc_map_at_3_max": 0.473976,
        "nauc_map_at_3_std": -0.361608,
        "nauc_map_at_3_diff1": 0.735022,
        "nauc_map_at_5_max": 0.452539,
        "nauc_map_at_5_std": -0.416977,
        "nauc_map_at_5_diff1": 0.732308,
        "nauc_map_at_10_max": 0.453058,
        "nauc_map_at_10_std": -0.413828,
        "nauc_map_at_10_diff1": 0.732179,
        "nauc_map_at_20_max": 0.457655,
        "nauc_map_at_20_std": -0.403644,
        "nauc_map_at_20_diff1": 0.739064,
        "nauc_map_at_100_max": 0.457999,
        "nauc_map_at_100_std": -0.401907,
        "nauc_map_at_100_diff1": 0.73992,
        "nauc_map_at_1000_max": 0.458032,
        "nauc_map_at_1000_std": -0.401855,
        "nauc_map_at_1000_diff1": 0.739939,
        "nauc_recall_at_1_max": 0.469172,
        "nauc_recall_at_1_std": -0.370213,
        "nauc_recall_at_1_diff1": 0.793949,
        "nauc_recall_at_3_max": 0.355144,
        "nauc_recall_at_3_std": -0.364335,
        "nauc_recall_at_3_diff1": 0.608894,
        "nauc_recall_at_5_max": 0.165733,
        "nauc_recall_at_5_std": -0.747635,
        "nauc_recall_at_5_diff1": 0.54222,
        "nauc_recall_at_10_max": 0.05962,
        "nauc_recall_at_10_std": -0.789559,
        "nauc_recall_at_10_diff1": 0.465782,
        "nauc_recall_at_20_max": -0.073975,
        "nauc_recall_at_20_std": -0.609838,
        "nauc_recall_at_20_diff1": 0.505602,
        "nauc_recall_at_100_max": -0.419701,
        "nauc_recall_at_100_std": -0.256303,
        "nauc_recall_at_100_diff1": 0.593838,
        "nauc_recall_at_1000_max": -1.739963,
        "nauc_recall_at_1000_std": -0.171335,
        "nauc_recall_at_1000_diff1": 0.358077,
        "nauc_precision_at_1_max": 0.610588,
        "nauc_precision_at_1_std": -0.290681,
        "nauc_precision_at_1_diff1": 0.883605,
        "nauc_precision_at_3_max": 0.478588,
        "nauc_precision_at_3_std": -0.059657,
        "nauc_precision_at_3_diff1": 0.442129,
        "nauc_precision_at_5_max": 0.290217,
        "nauc_precision_at_5_std": -0.260323,
        "nauc_precision_at_5_diff1": 0.272985,
        "nauc_precision_at_10_max": 0.252358,
        "nauc_precision_at_10_std": -0.181125,
        "nauc_precision_at_10_diff1": 0.168584,
        "nauc_precision_at_20_max": 0.221366,
        "nauc_precision_at_20_std": 0.147315,
        "nauc_precision_at_20_diff1": 0.120858,
        "nauc_precision_at_100_max": 0.226326,
        "nauc_precision_at_100_std": 0.377457,
        "nauc_precision_at_100_diff1": 0.114409,
        "nauc_precision_at_1000_max": 0.224186,
        "nauc_precision_at_1000_std": 0.480075,
        "nauc_precision_at_1000_diff1": 0.023768,
        "nauc_mrr_at_1_max": 0.610588,
        "nauc_mrr_at_1_std": -0.290681,
        "nauc_mrr_at_1_diff1": 0.883605,
        "nauc_mrr_at_3_max": 0.568626,
        "nauc_mrr_at_3_std": -0.305499,
        "nauc_mrr_at_3_diff1": 0.852127,
        "nauc_mrr_at_5_max": 0.557299,
        "nauc_mrr_at_5_std": -0.346138,
        "nauc_mrr_at_5_diff1": 0.855744,
        "nauc_mrr_at_10_max": 0.559929,
        "nauc_mrr_at_10_std": -0.341347,
        "nauc_mrr_at_10_diff1": 0.858045,
        "nauc_mrr_at_20_max": 0.557619,
        "nauc_mrr_at_20_std": -0.336933,
        "nauc_mrr_at_20_diff1": 0.857485,
        "nauc_mrr_at_100_max": 0.556912,
        "nauc_mrr_at_100_std": -0.335765,
        "nauc_mrr_at_100_diff1": 0.857224,
        "nauc_mrr_at_1000_max": 0.556969,
        "nauc_mrr_at_1000_std": -0.335696,
        "nauc_mrr_at_1000_diff1": 0.857269,
        "hit_rate_at_1": 0.84444,
        "hit_rate_at_3": 0.92222,
        "hit_rate_at_5": 0.94444,
        "hit_rate_at_10": 0.96111,
        "hit_rate_at_20": 0.97222,
        "hit_rate_at_100": 0.98333,
        "hit_rate_at_1000": 0.99444,
        "main_score": 0.89741,
        "hf_subset": "default",
        "languages": [
          "eng-Latn"
        ]
      }
    ],
    "dev": [
      {
        "ndcg_at_1": 0.75,
        "ndcg_at_3": 0.82887,
        "ndcg_at_5": 0.82887,
        "ndcg_at_10": 0.82887,
        "ndcg_at_20": 0.82887,
        "ndcg_at_100": 0.85235,
        "ndcg_at_1000": 0.85235,
        "map_at_1": 0.75,
        "map_at_3": 0.8125,
        "map_at_5": 0.8125,
        "map_at_10": 0.8125,
        "map_at_20": 0.8125,
        "map_at_100": 0.81571,
        "map_at_1000": 0.81571,
        "recall_at_1": 0.75,
        "recall_at_3": 0.875,
        "recall_at_5": 0.875,
        "recall_at_10": 0.875,
        "recall_at_20": 0.875,
        "recall_at_100": 1.0,
        "recall_at_1000": 1.0,
        "accuracy": 0.75,
        "precision_at_1": 0.75,
        "precision_at_3": 0.29167,
        "precision_at_5": 0.175,
        "precision_at_10": 0.0875,
        "precision_at_20": 0.04375,
        "precision_at_100": 0.01,
        "precision_at_1000": 0.001,
        "mrr_at_1": 0.75,
        "mrr_at_3": 0.8125,
        "mrr_at_5": 0.8125,
        "mrr_at_10": 0.8125,
        "mrr_at_20": 0.8125,
        "mrr_at_100": 0.815705,
        "mrr_at_1000": 0.815705,
        "nauc_ndcg_at_1_max": 0.831832,
        "nauc_ndcg_at_1_std": -0.13994,
        "nauc_ndcg_at_1_diff1": 1.0,
        "nauc_ndcg_at_3_max": 0.912246,
        "nauc_ndcg_at_3_std": 0.340861,
        "nauc_ndcg_at_3_diff1": 0.935707,
        "nauc_ndcg_at_5_max": 0.912246,
        "nauc_ndcg_at_5_std": 0.340861,
        "nauc_ndcg_at_5_diff1": 0.935707,
        "nauc_ndcg_at_10_max": 0.912246,
        "nauc_ndcg_at_10_std": 0.340861,
        "nauc_ndcg_at_10_diff1": 0.935707,
        "nauc_ndcg_at_20_max": 0.912246,
        "nauc_ndcg_at_20_std": 0.340861,
        "nauc_ndcg_at_20_diff1": 0.935707,
        "nauc_ndcg_at_100_max": 0.897674,