{
  "dataset_revision": "1840e8a5ac6ec752bbdd97d543ead0189bc7c25b",
  "task_name": "ChemHotpotQARetrieval",
  "mteb_version": "2.12.15",
  "scores": {
    "train": [
      {
        "ndcg_at_1": 0.87222,
        "ndcg_at_3": 0.8982,
        "ndcg_at_5": 0.90538,
        "ndcg_at_10": 0.91461,
        "ndcg_at_20": 0.91881,
        "ndcg_at_100": 0.91881,
        "ndcg_at_1000": 0.92132,
        "map_at_1": 0.85278,
        "map_at_3": 0.88796,
        "map_at_5": 0.89213,
        "map_at_10": 0.89609,
        "map_at_20": 0.89733,
        "map_at_100": 0.89733,
        "map_at_1000": 0.89743,
        "recall_at_1": 0.85278,
        "recall_at_3": 0.91944,
        "recall_at_5": 0.93611,
        "recall_at_10": 0.96389,
        "recall_at_20": 0.98056,
        "recall_at_100": 0.98056,
        "recall_at_1000": 1.0,
        "accuracy": 0.85278,
        "precision_at_1": 0.87222,
        "precision_at_3": 0.31667,
        "precision_at_5": 0.19333,
        "precision_at_10": 0.09944,
        "precision_at_20": 0.05083,
        "precision_at_100": 0.01017,
        "precision_at_1000": 0.00104,
        "mrr_at_1": 0.872222,
        "mrr_at_3": 0.897222,
        "mrr_at_5": 0.901389,
        "mrr_at_10": 0.905346,
        "mrr_at_20": 0.905916,
        "mrr_at_100": 0.905916,
        "mrr_at_1000": 0.905977,
        "nauc_ndcg_at_1_max": 0.650127,
        "nauc_ndcg_at_1_std": -0.262692,
        "nauc_ndcg_at_1_diff1": 0.859713,
        "nauc_ndcg_at_3_max": 0.464053,
        "nauc_ndcg_at_3_std": -0.364534,
        "nauc_ndcg_at_3_diff1": 0.701408,
        "nauc_ndcg_at_5_max": 0.452328,
        "nauc_ndcg_at_5_std": -0.42962,
        "nauc_ndcg_at_5_diff1": 0.701302,
        "nauc_ndcg_at_10_max": 0.423255,
        "nauc_ndcg_at_10_std": -0.414156,
        "nauc_ndcg_at_10_diff1": 0.689895,
        "nauc_ndcg_at_20_max": 0.432304,
        "nauc_ndcg_at_20_std": -0.387179,
        "nauc_ndcg_at_20_diff1": 0.712156,
        "nauc_ndcg_at_100_max": 0.432304,
        "nauc_ndcg_at_100_std": -0.387179,
        "nauc_ndcg_at_100_diff1": 0.712156,
        "nauc_ndcg_at_1000_max": 0.46794,
        "nauc_ndcg_at_1000_std": -0.377654,
        "nauc_ndcg_at_1000_diff1": 0.726855,
        "nauc_map_at_1_max": 0.468179,
        "nauc_map_at_1_std": -0.339886,
        "nauc_map_at_1_diff1": 0.760467,
        "nauc_map_at_3_max": 0.468903,
        "nauc_map_at_3_std": -0.368722,
        "nauc_map_at_3_diff1": 0.694649,
        "nauc_map_at_5_max": 0.463097,
        "nauc_map_at_5_std": -0.402188,
        "nauc_map_at_5_diff1": 0.694326,
        "nauc_map_at_10_max": 0.453933,
        "nauc_map_at_10_std": -0.394686,
        "nauc_map_at_10_diff1": 0.690183,
        "nauc_map_at_20_max": 0.458585,
        "nauc_map_at_20_std": -0.386612,
        "nauc_map_at_20_diff1": 0.697048,
        "nauc_map_at_100_max": 0.458585,
        "nauc_map_at_100_std": -0.386612,
        "nauc_map_at_100_diff1": 0.697048,
        "nauc_map_at_1000_max": 0.4601,
        "nauc_map_at_1000_std": -0.38611,
        "nauc_map_at_1000_diff1": 0.697932,
        "nauc_recall_at_1_max": 0.468179,
        "nauc_recall_at_1_std": -0.339886,
        "nauc_recall_at_1_diff1": 0.760467,
        "nauc_recall_at_3_max": 0.308719,
        "nauc_recall_at_3_std": -0.418413,
        "nauc_recall_at_3_diff1": 0.573827,
        "nauc_recall_at_5_max": 0.228819,
        "nauc_recall_at_5_std": -0.651058,
        "nauc_recall_at_5_diff1": 0.54019,
        "nauc_recall_at_10_max": -0.154313,
        "nauc_recall_at_10_std": -0.727681,
        "nauc_recall_at_10_diff1": 0.334806,
        "nauc_recall_at_20_max": -0.552288,
        "nauc_recall_at_20_std": -0.616313,
        "nauc_recall_at_20_diff1": 0.364479,
        "nauc_recall_at_100_max": -0.552288,
        "nauc_recall_at_100_std": -0.616313,
        "nauc_recall_at_100_diff1": 0.364479,
        "nauc_recall_at_1000_max": NaN,
        "nauc_recall_at_1000_std": NaN,
        "nauc_recall_at_1000_diff1": NaN,
        "nauc_precision_at_1_max": 0.650127,
        "nauc_precision_at_1_std": -0.262692,
        "nauc_precision_at_1_diff1": 0.859713,
        "nauc_precision_at_3_max": 0.404851,
        "nauc_precision_at_3_std": -0.128783,
        "nauc_precision_at_3_diff1": 0.329045,
        "nauc_precision_at_5_max": 0.367678,
        "nauc_precision_at_5_std": -0.235301,
        "nauc_precision_at_5_diff1": 0.262938,
        "nauc_precision_at_10_max": 0.217503,
        "nauc_precision_at_10_std": -0.103131,
        "nauc_precision_at_10_diff1": 0.035405,
        "nauc_precision_at_20_max": 0.184521,
        "nauc_precision_at_20_std": 0.207239,
        "nauc_precision_at_20_diff1": 0.015909,
        "nauc_precision_at_100_max": 0.184521,
        "nauc_precision_at_100_std": 0.207239,
        "nauc_precision_at_100_diff1": 0.015909,
        "nauc_precision_at_1000_max": 0.433746,
        "nauc_precision_at_1000_std": 0.453065,
        "nauc_precision_at_1000_diff1": -0.015754,
        "nauc_mrr_at_1_max": 0.650127,
        "nauc_mrr_at_1_std": -0.262692,
        "nauc_mrr_at_1_diff1": 0.859713,
        "nauc_mrr_at_3_max": 0.589479,
        "nauc_mrr_at_3_std": -0.296041,
        "nauc_mrr_at_3_diff1": 0.826748,
        "nauc_mrr_at_5_max": 0.588381,
        "nauc_mrr_at_5_std": -0.329162,
        "nauc_mrr_at_5_diff1": 0.832085,
        "nauc_mrr_at_10_max": 0.583762,
        "nauc_mrr_at_10_std": -0.317896,
        "nauc_mrr_at_10_diff1": 0.833454,
        "nauc_mrr_at_20_max": 0.581998,
        "nauc_mrr_at_20_std": -0.316378,
        "nauc_mrr_at_20_diff1": 0.833676,
        "nauc_mrr_at_100_max": 0.581998,
        "nauc_mrr_at_100_std": -0.316378,
        "nauc_mrr_at_100_diff1": 0.833676,
        "nauc_mrr_at_1000_max": 0.582863,
        "nauc_mrr_at_1000_std": -0.316115,
        "nauc_mrr_at_1000_diff1": 0.833784,
        "hit_rate_at_1": 0.87222,
        "hit_rate_at_3": 0.92778,
        "hit_rate_at_5": 0.94444,
        "hit_rate_at_10": 0.97222,
        "hit_rate_at_20": 0.98333,
        "hit_rate_at_100": 0.98333,
        "hit_rate_at_1000": 1.0,
        "main_score": 0.91461,
        "hf_subset": "default",
        "languages": [
          "eng-Latn"
        ]
      }
    ],
    "dev": [
      {
        "ndcg_at_1": 0.875,
        "ndcg_at_3": 0.875,
        "ndcg_at_5": 0.875,
        "ndcg_at_10": 0.875,
        "ndcg_at_20": 0.875,
        "ndcg_at_100": 0.90263,
        "ndcg_at_1000": 0.90263,
        "map_at_1": 0.875,
        "map_at_3": 0.875,
        "map_at_5": 0.875,
        "map_at_10": 0.875,
        "map_at_20": 0.875,
        "map_at_100": 0.88068,
        "map_at_1000": 0.88068,
        "recall_at_1": 0.875,
        "recall_at_3": 0.875,
        "recall_at_5": 0.875,
        "recall_at_10": 0.875,
        "recall_at_20": 0.875,
        "recall_at_100": 1.0,
        "recall_at_1000": 1.0,
        "accuracy": 0.875,
        "precision_at_1": 0.875,
        "precision_at_3": 0.29167,
        "precision_at_5": 0.175,
        "precision_at_10": 0.0875,
        "precision_at_20": 0.04375,
        "precision_at_100": 0.01,
        "precision_at_1000": 0.001,
        "mrr_at_1": 0.875,
        "mrr_at_3": 0.875,
        "mrr_at_5": 0.875,
        "mrr_at_10": 0.875,
        "mrr_at_20": 0.875,
        "mrr_at_100": 0.880682,
        "mrr_at_1000": 0.880682,
        "nauc_ndcg_at_1_max": 1.0,
        "nauc_ndcg_at_1_std": 0.551821,
        "nauc_ndcg_at_1_diff1": 0.865546,
        "nauc_ndcg_at_3_max": 1.0,
        "nauc_ndcg_at_3_std": 0.551821,
        "nauc_ndcg_at_3_diff1": 0.865546,
        "nauc_ndcg_at_5_max": 1.0,
        "nauc_ndcg_at_5_std": 0.551821,
        "nauc_ndcg_at_5_diff1": 0.865546,
        "nauc_ndcg_at_10_max": 1.0,
        "nauc_ndcg_at_10_std": 0.551821,
        "nauc_ndcg_at_10_diff1": 0.865546,
        "nauc_ndcg_at_20_max": 1.0,
        "nauc_ndcg_at_20_std": 0.551821,
        "nauc_ndcg_at_20_diff1": 0.865546,
        "nauc_ndcg_at_100_max": 1.0,
        "nauc_ndcg_at_100_std": 0.551821,