{
  "dataset_revision": "5377aa18f309ec440ff6325a4c2cd3362c2cb8d7",
  "task_name": "ChemRxivRetrieval",
  "mteb_version": "2.12.20",
  "scores": {
    "test": [
      {
        "ndcg_at_1": 0.7786,
        "ndcg_at_3": 0.86007,
        "ndcg_at_5": 0.87136,
        "ndcg_at_10": 0.87878,
        "ndcg_at_20": 0.88243,
        "ndcg_at_100": 0.88525,
        "ndcg_at_1000": 0.8859,
        "map_at_1": 0.7786,
        "map_at_3": 0.8409,
        "map_at_5": 0.84717,
        "map_at_10": 0.85026,
        "map_at_20": 0.85129,
        "map_at_100": 0.85171,
        "map_at_1000": 0.85173,
        "recall_at_1": 0.7786,
        "recall_at_3": 0.9152,
        "recall_at_5": 0.9426,
        "recall_at_10": 0.9654,
        "recall_at_20": 0.9796,
        "recall_at_100": 0.9944,
        "recall_at_1000": 0.9996,
        "accuracy": 0.7786,
        "precision_at_1": 0.7786,
        "precision_at_3": 0.30507,
        "precision_at_5": 0.18852,
        "precision_at_10": 0.09654,
        "precision_at_20": 0.04898,
        "precision_at_100": 0.00994,
        "precision_at_1000": 0.001,
        "mrr_at_1": 0.779,
        "mrr_at_3": 0.841033,
        "mrr_at_5": 0.847393,
        "mrr_at_10": 0.850446,
        "mrr_at_20": 0.851482,
        "mrr_at_100": 0.851901,
        "mrr_at_1000": 0.851924,
        "nauc_ndcg_at_1_max": 0.467921,
        "nauc_ndcg_at_1_std": -0.23611,
        "nauc_ndcg_at_1_diff1": 0.807143,
        "nauc_ndcg_at_3_max": 0.527972,
        "nauc_ndcg_at_3_std": -0.219633,
        "nauc_ndcg_at_3_diff1": 0.781401,
        "nauc_ndcg_at_5_max": 0.526638,
        "nauc_ndcg_at_5_std": -0.223365,
        "nauc_ndcg_at_5_diff1": 0.787299,
        "nauc_ndcg_at_10_max": 0.525907,
        "nauc_ndcg_at_10_std": -0.214877,
        "nauc_ndcg_at_10_diff1": 0.788286,
        "nauc_ndcg_at_20_max": 0.518085,
        "nauc_ndcg_at_20_std": -0.220465,
        "nauc_ndcg_at_20_diff1": 0.788487,
        "nauc_ndcg_at_100_max": 0.513451,
        "nauc_ndcg_at_100_std": -0.221384,
        "nauc_ndcg_at_100_diff1": 0.790429,
        "nauc_ndcg_at_1000_max": 0.511664,
        "nauc_ndcg_at_1000_std": -0.223109,
        "nauc_ndcg_at_1000_diff1": 0.790799,
        "nauc_map_at_1_max": 0.467921,
        "nauc_map_at_1_std": -0.23611,
        "nauc_map_at_1_diff1": 0.807143,
        "nauc_map_at_3_max": 0.50888,
        "nauc_map_at_3_std": -0.226345,
        "nauc_map_at_3_diff1": 0.789004,
        "nauc_map_at_5_max": 0.507317,
        "nauc_map_at_5_std": -0.228434,
        "nauc_map_at_5_diff1": 0.792035,
        "nauc_map_at_10_max": 0.50691,
        "nauc_map_at_10_std": -0.225583,
        "nauc_map_at_10_diff1": 0.792502,
        "nauc_map_at_20_max": 0.504976,
        "nauc_map_at_20_std": -0.227012,
        "nauc_map_at_20_diff1": 0.792582,
        "nauc_map_at_100_max": 0.504427,
        "nauc_map_at_100_std": -0.227004,
        "nauc_map_at_100_diff1": 0.792823,
        "nauc_map_at_1000_max": 0.504379,
        "nauc_map_at_1000_std": -0.227055,
        "nauc_map_at_1000_diff1": 0.792837,
        "nauc_recall_at_1_max": 0.467921,
        "nauc_recall_at_1_std": -0.23611,
        "nauc_recall_at_1_diff1": 0.807143,
        "nauc_recall_at_3_max": 0.624464,
        "nauc_recall_at_3_std": -0.18461,
        "nauc_recall_at_3_diff1": 0.743405,
        "nauc_recall_at_5_max": 0.664679,
        "nauc_recall_at_5_std": -0.186654,
        "nauc_recall_at_5_diff1": 0.756356,
        "nauc_recall_at_10_max": 0.742548,
        "nauc_recall_at_10_std": -0.078283,
        "nauc_recall_at_10_diff1": 0.74533,
        "nauc_recall_at_20_max": 0.730667,
        "nauc_recall_at_20_std": -0.096218,
        "nauc_recall_at_20_diff1": 0.719508,
        "nauc_recall_at_100_max": 0.818778,
        "nauc_recall_at_100_std": 0.099173,
        "nauc_recall_at_100_diff1": 0.730075,
        "nauc_recall_at_1000_max": 0.934641,
        "nauc_recall_at_1000_std": 0.561391,
        "nauc_recall_at_1000_diff1": 0.711718,
        "nauc_precision_at_1_max": 0.467921,
        "nauc_precision_at_1_std": -0.23611,
        "nauc_precision_at_1_diff1": 0.807143,
        "nauc_precision_at_3_max": 0.624464,
        "nauc_precision_at_3_std": -0.18461,
        "nauc_precision_at_3_diff1": 0.743405,
        "nauc_precision_at_5_max": 0.664679,
        "nauc_precision_at_5_std": -0.186654,
        "nauc_precision_at_5_diff1": 0.756356,
        "nauc_precision_at_10_max": 0.742548,
        "nauc_precision_at_10_std": -0.078283,
        "nauc_precision_at_10_diff1": 0.74533,
        "nauc_precision_at_20_max": 0.730667,
        "nauc_precision_at_20_std": -0.096218,
        "nauc_precision_at_20_diff1": 0.719508,
        "nauc_precision_at_100_max": 0.818778,
        "nauc_precision_at_100_std": 0.099173,
        "nauc_precision_at_100_diff1": 0.730075,
        "nauc_precision_at_1000_max": 0.934641,
        "nauc_precision_at_1000_std": 0.561391,
        "nauc_precision_at_1000_diff1": 0.711718,
        "nauc_mrr_at_1_max": 0.470482,
        "nauc_mrr_at_1_std": -0.234168,
        "nauc_mrr_at_1_diff1": 0.806318,
        "nauc_mrr_at_3_max": 0.510588,
        "nauc_mrr_at_3_std": -0.225433,
        "nauc_mrr_at_3_diff1": 0.788522,
        "nauc_mrr_at_5_max": 0.50914,
        "nauc_mrr_at_5_std": -0.226735,
        "nauc_mrr_at_5_diff1": 0.791401,
        "nauc_mrr_at_10_max": 0.508783,
        "nauc_mrr_at_10_std": -0.224205,
        "nauc_mrr_at_10_diff1": 0.791904,
        "nauc_mrr_at_20_max": 0.506858,
        "nauc_mrr_at_20_std": -0.225632,
        "nauc_mrr_at_20_diff1": 0.791979,
        "nauc_mrr_at_100_max": 0.506314,
        "nauc_mrr_at_100_std": -0.225621,
        "nauc_mrr_at_100_diff1": 0.792218,
        "nauc_mrr_at_1000_max": 0.506266,
        "nauc_mrr_at_1000_std": -0.225671,
        "nauc_mrr_at_1000_diff1": 0.792232,
        "hit_rate_at_1": 0.7786,
        "hit_rate_at_3": 0.9152,
        "hit_rate_at_5": 0.9426,
        "hit_rate_at_10": 0.9654,
        "hit_rate_at_20": 0.9796,
        "hit_rate_at_100": 0.9944,
        "hit_rate_at_1000": 0.9996,
        "main_score": 0.87878,
        "hf_subset": "default",
        "languages": [
          "eng-Latn"
        ]
      }
    ]
  },
  "evaluation_time": 461.32729411125183,
  "kg_co2_emissions": null,
  "date": 1776450456.091145
}