{
  "dataset_revision": "1840e8a5ac6ec752bbdd97d543ead0189bc7c25b",
  "task_name": "ChemHotpotQARetrieval",
  "mteb_version": "2.12.20",
  "scores": {
    "train": [
      {
        "ndcg_at_1": 0.87222,
        "ndcg_at_3": 0.88973,
        "ndcg_at_5": 0.89906,
        "ndcg_at_10": 0.90632,
        "ndcg_at_20": 0.91091,
        "ndcg_at_100": 0.91313,
        "ndcg_at_1000": 0.91424,
        "map_at_1": 0.85278,
        "map_at_3": 0.88056,
        "map_at_5": 0.88583,
        "map_at_10": 0.88886,
        "map_at_20": 0.89041,
        "map_at_100": 0.89078,
        "map_at_1000": 0.89084,
        "recall_at_1": 0.85278,
        "recall_at_3": 0.90833,
        "recall_at_5": 0.93056,
        "recall_at_10": 0.95278,
        "recall_at_20": 0.96944,
        "recall_at_100": 0.98056,
        "recall_at_1000": 0.98889,
        "accuracy": 0.85278,
        "precision_at_1": 0.87222,
        "precision_at_3": 0.31296,
        "precision_at_5": 0.19222,
        "precision_at_10": 0.09833,
        "precision_at_20": 0.05028,
        "precision_at_100": 0.01017,
        "precision_at_1000": 0.00103,
        "mrr_at_1": 0.872222,
        "mrr_at_3": 0.889815,
        "mrr_at_5": 0.895093,
        "mrr_at_10": 0.898124,
        "mrr_at_20": 0.899014,
        "mrr_at_100": 0.899379,
        "mrr_at_1000": 0.89939,
        "nauc_ndcg_at_1_max": 0.608031,
        "nauc_ndcg_at_1_std": -0.319413,
        "nauc_ndcg_at_1_diff1": 0.843417,
        "nauc_ndcg_at_3_max": 0.46742,
        "nauc_ndcg_at_3_std": -0.428166,
        "nauc_ndcg_at_3_diff1": 0.712764,
        "nauc_ndcg_at_5_max": 0.434172,
        "nauc_ndcg_at_5_std": -0.494873,
        "nauc_ndcg_at_5_diff1": 0.709171,
        "nauc_ndcg_at_10_max": 0.419837,
        "nauc_ndcg_at_10_std": -0.502874,
        "nauc_ndcg_at_10_diff1": 0.705614,
        "nauc_ndcg_at_20_max": 0.429983,
        "nauc_ndcg_at_20_std": -0.46873,
        "nauc_ndcg_at_20_diff1": 0.722774,
        "nauc_ndcg_at_100_max": 0.420581,
        "nauc_ndcg_at_100_std": -0.464872,
        "nauc_ndcg_at_100_diff1": 0.718812,
        "nauc_ndcg_at_1000_max": 0.433595,
        "nauc_ndcg_at_1000_std": -0.451858,
        "nauc_ndcg_at_1000_diff1": 0.735565,
        "nauc_map_at_1_max": 0.43885,
        "nauc_map_at_1_std": -0.409117,
        "nauc_map_at_1_diff1": 0.742815,
        "nauc_map_at_3_max": 0.463912,
        "nauc_map_at_3_std": -0.42571,
        "nauc_map_at_3_diff1": 0.699715,
        "nauc_map_at_5_max": 0.447257,
        "nauc_map_at_5_std": -0.458574,
        "nauc_map_at_5_diff1": 0.697434,
        "nauc_map_at_10_max": 0.441966,
        "nauc_map_at_10_std": -0.461853,
        "nauc_map_at_10_diff1": 0.695475,
        "nauc_map_at_20_max": 0.446777,
        "nauc_map_at_20_std": -0.45144,
        "nauc_map_at_20_diff1": 0.701861,
        "nauc_map_at_100_max": 0.445658,
        "nauc_map_at_100_std": -0.451262,
        "nauc_map_at_100_diff1": 0.701158,
        "nauc_map_at_1000_max": 0.446654,
        "nauc_map_at_1000_std": -0.450567,
        "nauc_map_at_1000_diff1": 0.702282,
        "nauc_recall_at_1_max": 0.43885,
        "nauc_recall_at_1_std": -0.409117,
        "nauc_recall_at_1_diff1": 0.742815,
        "nauc_recall_at_3_max": 0.357567,
        "nauc_recall_at_3_std": -0.512817,
        "nauc_recall_at_3_diff1": 0.62124,
        "nauc_recall_at_5_max": 0.208571,
        "nauc_recall_at_5_std": -0.768982,
        "nauc_recall_at_5_diff1": 0.578842,
        "nauc_recall_at_10_max": 0.024469,
        "nauc_recall_at_10_std": -0.927967,
        "nauc_recall_at_10_diff1": 0.500934,
        "nauc_recall_at_20_max": -0.097742,
        "nauc_recall_at_20_std": -0.823742,
        "nauc_recall_at_20_diff1": 0.559927,
        "nauc_recall_at_100_max": -0.60831,
        "nauc_recall_at_100_std": -0.916433,
        "nauc_recall_at_100_diff1": 0.387822,
        "nauc_recall_at_1000_max": -0.80859,
        "nauc_recall_at_1000_std": -0.592904,
        "nauc_recall_at_1000_diff1": 0.934641,
        "nauc_precision_at_1_max": 0.608031,
        "nauc_precision_at_1_std": -0.319413,
        "nauc_precision_at_1_diff1": 0.843417,
        "nauc_precision_at_3_max": 0.414941,
        "nauc_precision_at_3_std": -0.194842,
        "nauc_precision_at_3_diff1": 0.394617,
        "nauc_precision_at_5_max": 0.324019,
        "nauc_precision_at_5_std": -0.302313,
        "nauc_precision_at_5_diff1": 0.314635,
        "nauc_precision_at_10_max": 0.245,
        "nauc_precision_at_10_std": -0.2654,
        "nauc_precision_at_10_diff1": 0.191492,
        "nauc_precision_at_20_max": 0.225599,
        "nauc_precision_at_20_std": 0.071118,
        "nauc_precision_at_20_diff1": 0.14157,
        "nauc_precision_at_100_max": 0.140753,
        "nauc_precision_at_100_std": 0.180145,
        "nauc_precision_at_100_diff1": 0.034494,
        "nauc_precision_at_1000_max": 0.230863,
        "nauc_precision_at_1000_std": 0.374675,
        "nauc_precision_at_1000_diff1": 0.130148,
        "nauc_mrr_at_1_max": 0.608031,
        "nauc_mrr_at_1_std": -0.319413,
        "nauc_mrr_at_1_diff1": 0.843417,
        "nauc_mrr_at_3_max": 0.576126,
        "nauc_mrr_at_3_std": -0.346976,
        "nauc_mrr_at_3_diff1": 0.824557,
        "nauc_mrr_at_5_max": 0.563926,
        "nauc_mrr_at_5_std": -0.378371,
        "nauc_mrr_at_5_diff1": 0.828503,
        "nauc_mrr_at_10_max": 0.561752,
        "nauc_mrr_at_10_std": -0.379479,
        "nauc_mrr_at_10_diff1": 0.830367,
        "nauc_mrr_at_20_max": 0.559734,
        "nauc_mrr_at_20_std": -0.374576,
        "nauc_mrr_at_20_diff1": 0.829452,
        "nauc_mrr_at_100_max": 0.558948,
        "nauc_mrr_at_100_std": -0.374101,
        "nauc_mrr_at_100_diff1": 0.829168,
        "nauc_mrr_at_1000_max": 0.558969,
        "nauc_mrr_at_1000_std": -0.374018,
        "nauc_mrr_at_1000_diff1": 0.829219,
        "hit_rate_at_1": 0.87222,
        "hit_rate_at_3": 0.91667,
        "hit_rate_at_5": 0.93889,
        "hit_rate_at_10": 0.96111,
        "hit_rate_at_20": 0.97222,
        "hit_rate_at_100": 0.98333,
        "hit_rate_at_1000": 0.98889,
        "main_score": 0.90632,
        "hf_subset": "default",
        "languages": [
          "eng-Latn"
        ]
      }
    ],
    "dev": [
      {
        "ndcg_at_1": 0.875,
        "ndcg_at_3": 0.875,
        "ndcg_at_5": 0.875,
        "ndcg_at_10": 0.875,
        "ndcg_at_20": 0.875,
        "ndcg_at_100": 0.90023,
        "ndcg_at_1000": 0.90023,
        "map_at_1": 0.875,
        "map_at_3": 0.875,
        "map_at_5": 0.875,
        "map_at_10": 0.875,
        "map_at_20": 0.875,
        "map_at_100": 0.87917,
        "map_at_1000": 0.87917,
        "recall_at_1": 0.875,
        "recall_at_3": 0.875,
        "recall_at_5": 0.875,
        "recall_at_10": 0.875,
        "recall_at_20": 0.875,
        "recall_at_100": 1.0,
        "recall_at_1000": 1.0,
        "accuracy": 0.875,
        "precision_at_1": 0.875,
        "precision_at_3": 0.29167,
        "precision_at_5": 0.175,
        "precision_at_10": 0.0875,
        "precision_at_20": 0.04375,
        "precision_at_100": 0.01,
        "precision_at_1000": 0.001,
        "mrr_at_1": 0.875,
        "mrr_at_3": 0.875,
        "mrr_at_5": 0.875,
        "mrr_at_10": 0.875,
        "mrr_at_20": 0.875,
        "mrr_at_100": 0.879167,
        "mrr_at_1000": 0.879167,
        "nauc_ndcg_at_1_max": 1.0,
        "nauc_ndcg_at_1_std": 0.865546,
        "nauc_ndcg_at_1_diff1": 0.865546,
        "nauc_ndcg_at_3_max": 1.0,
        "nauc_ndcg_at_3_std": 0.865546,
        "nauc_ndcg_at_3_diff1": 0.865546,
        "nauc_ndcg_at_5_max": 1.0,
        "nauc_ndcg_at_5_std": 0.865546,
        "nauc_ndcg_at_5_diff1": 0.865546,
        "nauc_ndcg_at_10_max": 1.0,
        "nauc_ndcg_at_10_std": 0.865546,
        "nauc_ndcg_at_10_diff1": 0.865546,
        "nauc_ndcg_at_20_max": 1.0,
        "nauc_ndcg_at_20_std": 0.865546,
        "nauc_ndcg_at_20_diff1": 0.865546,
        "nauc_ndcg_at_100_max": 1.0,
        "nauc_ndcg_at_100_std": 0.865546,