{
  "dataset_revision": "5377aa18f309ec440ff6325a4c2cd3362c2cb8d7",
  "task_name": "ChemRxivRetrieval",
  "mteb_version": "2.12.20",
  "scores": {
    "test": [
      {
        "ndcg_at_1": 0.6798,
        "ndcg_at_3": 0.77723,
        "ndcg_at_5": 0.7976,
        "ndcg_at_10": 0.80919,
        "ndcg_at_20": 0.8151,
        "ndcg_at_100": 0.82075,
        "ndcg_at_1000": 0.8226,
        "map_at_1": 0.6798,
        "map_at_3": 0.75387,
        "map_at_5": 0.76524,
        "map_at_10": 0.77009,
        "map_at_20": 0.77174,
        "map_at_100": 0.77259,
        "map_at_1000": 0.77266,
        "recall_at_1": 0.6798,
        "recall_at_3": 0.8446,
        "recall_at_5": 0.8938,
        "recall_at_10": 0.9292,
        "recall_at_20": 0.9524,
        "recall_at_100": 0.982,
        "recall_at_1000": 0.9964,
        "accuracy": 0.6798,
        "precision_at_1": 0.6798,
        "precision_at_3": 0.28153,
        "precision_at_5": 0.17876,
        "precision_at_10": 0.09292,
        "precision_at_20": 0.04762,
        "precision_at_100": 0.00982,
        "precision_at_1000": 0.001,
        "mrr_at_1": 0.6802,
        "mrr_at_3": 0.754,
        "mrr_at_5": 0.76546,
        "mrr_at_10": 0.770317,
        "mrr_at_20": 0.771962,
        "mrr_at_100": 0.77281,
        "mrr_at_1000": 0.772883,
        "nauc_ndcg_at_1_max": 0.376205,
        "nauc_ndcg_at_1_std": -0.152608,
        "nauc_ndcg_at_1_diff1": 0.73964,
        "nauc_ndcg_at_3_max": 0.422854,
        "nauc_ndcg_at_3_std": -0.116856,
        "nauc_ndcg_at_3_diff1": 0.701455,
        "nauc_ndcg_at_5_max": 0.434572,
        "nauc_ndcg_at_5_std": -0.104305,
        "nauc_ndcg_at_5_diff1": 0.702208,
        "nauc_ndcg_at_10_max": 0.434943,
        "nauc_ndcg_at_10_std": -0.10032,
        "nauc_ndcg_at_10_diff1": 0.70867,
        "nauc_ndcg_at_20_max": 0.43085,
        "nauc_ndcg_at_20_std": -0.100614,
        "nauc_ndcg_at_20_diff1": 0.71132,
        "nauc_ndcg_at_100_max": 0.42441,
        "nauc_ndcg_at_100_std": -0.106402,
        "nauc_ndcg_at_100_diff1": 0.713629,
        "nauc_ndcg_at_1000_max": 0.421635,
        "nauc_ndcg_at_1000_std": -0.109667,
        "nauc_ndcg_at_1000_diff1": 0.713261,
        "nauc_map_at_1_max": 0.376205,
        "nauc_map_at_1_std": -0.152608,
        "nauc_map_at_1_diff1": 0.73964,
        "nauc_map_at_3_max": 0.409933,
        "nauc_map_at_3_std": -0.127335,
        "nauc_map_at_3_diff1": 0.711755,
        "nauc_map_at_5_max": 0.415173,
        "nauc_map_at_5_std": -0.121689,
        "nauc_map_at_5_diff1": 0.712595,
        "nauc_map_at_10_max": 0.414937,
        "nauc_map_at_10_std": -0.120679,
        "nauc_map_at_10_diff1": 0.715031,
        "nauc_map_at_20_max": 0.413881,
        "nauc_map_at_20_std": -0.120869,
        "nauc_map_at_20_diff1": 0.715683,
        "nauc_map_at_100_max": 0.412958,
        "nauc_map_at_100_std": -0.121548,
        "nauc_map_at_100_diff1": 0.715937,
        "nauc_map_at_1000_max": 0.412882,
        "nauc_map_at_1000_std": -0.121627,
        "nauc_map_at_1000_diff1": 0.715931,
        "nauc_recall_at_1_max": 0.376205,
        "nauc_recall_at_1_std": -0.152608,
        "nauc_recall_at_1_diff1": 0.73964,
        "nauc_recall_at_3_max": 0.476622,
        "nauc_recall_at_3_std": -0.072874,
        "nauc_recall_at_3_diff1": 0.658772,
        "nauc_recall_at_5_max": 0.546085,
        "nauc_recall_at_5_std": -0.002956,
        "nauc_recall_at_5_diff1": 0.644758,
        "nauc_recall_at_10_max": 0.60203,
        "nauc_recall_at_10_std": 0.075716,
        "nauc_recall_at_10_diff1": 0.665378,
        "nauc_recall_at_20_max": 0.626955,
        "nauc_recall_at_20_std": 0.156317,
        "nauc_recall_at_20_diff1": 0.680203,
        "nauc_recall_at_100_max": 0.666075,
        "nauc_recall_at_100_std": 0.295331,
        "nauc_recall_at_100_diff1": 0.741726,
        "nauc_recall_at_1000_max": 0.654217,
        "nauc_recall_at_1000_std": 0.717839,
        "nauc_recall_at_1000_diff1": 0.712496,
        "nauc_precision_at_1_max": 0.376205,
        "nauc_precision_at_1_std": -0.152608,
        "nauc_precision_at_1_diff1": 0.73964,
        "nauc_precision_at_3_max": 0.476622,
        "nauc_precision_at_3_std": -0.072874,
        "nauc_precision_at_3_diff1": 0.658772,
        "nauc_precision_at_5_max": 0.546085,
        "nauc_precision_at_5_std": -0.002956,
        "nauc_precision_at_5_diff1": 0.644758,
        "nauc_precision_at_10_max": 0.60203,
        "nauc_precision_at_10_std": 0.075716,
        "nauc_precision_at_10_diff1": 0.665378,
        "nauc_precision_at_20_max": 0.626955,
        "nauc_precision_at_20_std": 0.156317,
        "nauc_precision_at_20_diff1": 0.680203,
        "nauc_precision_at_100_max": 0.666075,
        "nauc_precision_at_100_std": 0.295331,
        "nauc_precision_at_100_diff1": 0.741726,
        "nauc_precision_at_1000_max": 0.654217,
        "nauc_precision_at_1000_std": 0.717839,
        "nauc_precision_at_1000_diff1": 0.712496,
        "nauc_mrr_at_1_max": 0.377391,
        "nauc_mrr_at_1_std": -0.151972,
        "nauc_mrr_at_1_diff1": 0.738766,
        "nauc_mrr_at_3_max": 0.411444,
        "nauc_mrr_at_3_std": -0.127498,
        "nauc_mrr_at_3_diff1": 0.711301,
        "nauc_mrr_at_5_max": 0.416191,
        "nauc_mrr_at_5_std": -0.121355,
        "nauc_mrr_at_5_diff1": 0.71194,
        "nauc_mrr_at_10_max": 0.415979,
        "nauc_mrr_at_10_std": -0.120337,
        "nauc_mrr_at_10_diff1": 0.714361,
        "nauc_mrr_at_20_max": 0.414932,
        "nauc_mrr_at_20_std": -0.120524,
        "nauc_mrr_at_20_diff1": 0.715008,
        "nauc_mrr_at_100_max": 0.414012,
        "nauc_mrr_at_100_std": -0.121201,
        "nauc_mrr_at_100_diff1": 0.715259,
        "nauc_mrr_at_1000_max": 0.413936,
        "nauc_mrr_at_1000_std": -0.12128,
        "nauc_mrr_at_1000_diff1": 0.715253,
        "hit_rate_at_1": 0.6798,
        "hit_rate_at_3": 0.8446,
        "hit_rate_at_5": 0.8938,
        "hit_rate_at_10": 0.9292,
        "hit_rate_at_20": 0.9524,
        "hit_rate_at_100": 0.982,
        "hit_rate_at_1000": 0.9964,
        "main_score": 0.80919,
        "hf_subset": "default",
        "languages": [
          "eng-Latn"
        ]
      }
    ]
  },
  "evaluation_time": 462.09668016433716,
  "kg_co2_emissions": null,
  "date": 1776451845.754598
}