{
  "dataset_revision": "5d958fb6b31055495347724d46431ba41309b03a",
  "task_name": "ChemNQRetrieval",
  "mteb_version": "2.12.20",
  "scores": {
    "test": [
      {
        "ndcg_at_1": 0.48148,
        "ndcg_at_3": 0.538,
        "ndcg_at_5": 0.59108,
        "ndcg_at_10": 0.64572,
        "ndcg_at_20": 0.66598,
        "ndcg_at_100": 0.67251,
        "ndcg_at_1000": 0.67696,
        "map_at_1": 0.40123,
        "map_at_3": 0.49691,
        "map_at_5": 0.53117,
        "map_at_10": 0.55697,
        "map_at_20": 0.56562,
        "map_at_100": 0.56637,
        "map_at_1000": 0.56648,
        "recall_at_1": 0.40123,
        "recall_at_3": 0.58642,
        "recall_at_5": 0.69753,
        "recall_at_10": 0.85802,
        "recall_at_20": 0.92593,
        "recall_at_100": 0.96296,
        "recall_at_1000": 1.0,
        "accuracy": 0.40123,
        "precision_at_1": 0.48148,
        "precision_at_3": 0.23457,
        "precision_at_5": 0.17778,
        "precision_at_10": 0.11111,
        "precision_at_20": 0.06111,
        "precision_at_100": 0.01259,
        "precision_at_1000": 0.0013,
        "mrr_at_1": 0.481481,
        "mrr_at_3": 0.574074,
        "mrr_at_5": 0.6,
        "mrr_at_10": 0.614036,
        "mrr_at_20": 0.616681,
        "mrr_at_100": 0.617422,
        "mrr_at_1000": 0.617537,
        "nauc_ndcg_at_1_max": 0.272874,
        "nauc_ndcg_at_1_std": 0.177952,
        "nauc_ndcg_at_1_diff1": 0.231218,
        "nauc_ndcg_at_3_max": 0.192023,
        "nauc_ndcg_at_3_std": 0.124962,
        "nauc_ndcg_at_3_diff1": 0.000308,
        "nauc_ndcg_at_5_max": 0.339291,
        "nauc_ndcg_at_5_std": 0.179644,
        "nauc_ndcg_at_5_diff1": 0.108639,
        "nauc_ndcg_at_10_max": 0.361394,
        "nauc_ndcg_at_10_std": 0.21445,
        "nauc_ndcg_at_10_diff1": 0.176661,
        "nauc_ndcg_at_20_max": 0.329367,
        "nauc_ndcg_at_20_std": 0.178022,
        "nauc_ndcg_at_20_diff1": 0.146481,
        "nauc_ndcg_at_100_max": 0.313964,
        "nauc_ndcg_at_100_std": 0.167204,
        "nauc_ndcg_at_100_diff1": 0.129976,
        "nauc_ndcg_at_1000_max": 0.305835,
        "nauc_ndcg_at_1000_std": 0.181897,
        "nauc_ndcg_at_1000_diff1": 0.125456,
        "nauc_map_at_1_max": 0.222469,
        "nauc_map_at_1_std": 0.167469,
        "nauc_map_at_1_diff1": 0.165024,
        "nauc_map_at_3_max": 0.200024,
        "nauc_map_at_3_std": 0.115288,
        "nauc_map_at_3_diff1": 0.040749,
        "nauc_map_at_5_max": 0.270457,
        "nauc_map_at_5_std": 0.147041,
        "nauc_map_at_5_diff1": 0.093496,
        "nauc_map_at_10_max": 0.28277,
        "nauc_map_at_10_std": 0.172922,
        "nauc_map_at_10_diff1": 0.119647,
        "nauc_map_at_20_max": 0.273273,
        "nauc_map_at_20_std": 0.163739,
        "nauc_map_at_20_diff1": 0.109419,
        "nauc_map_at_100_max": 0.271718,
        "nauc_map_at_100_std": 0.162713,
        "nauc_map_at_100_diff1": 0.107813,
        "nauc_map_at_1000_max": 0.271535,
        "nauc_map_at_1000_std": 0.163011,
        "nauc_map_at_1000_diff1": 0.107712,
        "nauc_recall_at_1_max": 0.222469,
        "nauc_recall_at_1_std": 0.167469,
        "nauc_recall_at_1_diff1": 0.165024,
        "nauc_recall_at_3_max": 0.138816,
        "nauc_recall_at_3_std": 0.066286,
        "nauc_recall_at_3_diff1": -0.126401,
        "nauc_recall_at_5_max": 0.490966,
        "nauc_recall_at_5_std": 0.176346,
        "nauc_recall_at_5_diff1": 0.124062,
        "nauc_recall_at_10_max": 0.73709,
        "nauc_recall_at_10_std": 0.296454,
        "nauc_recall_at_10_diff1": 0.52108,
        "nauc_recall_at_20_max": 0.795455,
        "nauc_recall_at_20_std": -0.008272,
        "nauc_recall_at_20_diff1": 0.540406,
        "nauc_recall_at_100_max": 0.723262,
        "nauc_recall_at_100_std": -0.572623,
        "nauc_recall_at_100_diff1": 0.35755,
        "nauc_recall_at_1000_max": NaN,
        "nauc_recall_at_1000_std": NaN,
        "nauc_recall_at_1000_diff1": NaN,
        "nauc_precision_at_1_max": 0.272874,
        "nauc_precision_at_1_std": 0.177952,
        "nauc_precision_at_1_diff1": 0.231218,
        "nauc_precision_at_3_max": 0.241197,
        "nauc_precision_at_3_std": 0.091298,
        "nauc_precision_at_3_diff1": -0.010729,
        "nauc_precision_at_5_max": 0.455928,
        "nauc_precision_at_5_std": 0.183741,
        "nauc_precision_at_5_diff1": 0.188023,
        "nauc_precision_at_10_max": 0.4388,
        "nauc_precision_at_10_std": 0.307536,
        "nauc_precision_at_10_diff1": 0.337942,
        "nauc_precision_at_20_max": 0.269141,
        "nauc_precision_at_20_std": 0.180854,
        "nauc_precision_at_20_diff1": 0.214328,
        "nauc_precision_at_100_max": 0.217144,
        "nauc_precision_at_100_std": 0.148255,
        "nauc_precision_at_100_diff1": 0.170113,
        "nauc_precision_at_1000_max": 0.16899,
        "nauc_precision_at_1000_std": 0.216842,
        "nauc_precision_at_1000_diff1": 0.152279,
        "nauc_mrr_at_1_max": 0.272874,
        "nauc_mrr_at_1_std": 0.177952,
        "nauc_mrr_at_1_diff1": 0.231218,
        "nauc_mrr_at_3_max": 0.212944,
        "nauc_mrr_at_3_std": 0.200149,
        "nauc_mrr_at_3_diff1": 0.053996,
        "nauc_mrr_at_5_max": 0.31077,
        "nauc_mrr_at_5_std": 0.229117,
        "nauc_mrr_at_5_diff1": 0.130374,
        "nauc_mrr_at_10_max": 0.296599,
        "nauc_mrr_at_10_std": 0.21191,
        "nauc_mrr_at_10_diff1": 0.138134,
        "nauc_mrr_at_20_max": 0.290082,
        "nauc_mrr_at_20_std": 0.204608,
        "nauc_mrr_at_20_diff1": 0.134262,
        "nauc_mrr_at_100_max": 0.28858,
        "nauc_mrr_at_100_std": 0.203694,
        "nauc_mrr_at_100_diff1": 0.13273,
        "nauc_mrr_at_1000_max": 0.288404,
        "nauc_mrr_at_1000_std": 0.204008,
        "nauc_mrr_at_1000_diff1": 0.132639,
        "hit_rate_at_1": 0.48148,
        "hit_rate_at_3": 0.66667,
        "hit_rate_at_5": 0.77778,
        "hit_rate_at_10": 0.88889,
        "hit_rate_at_20": 0.92593,
        "hit_rate_at_100": 0.96296,
        "hit_rate_at_1000": 1.0,
        "main_score": 0.64572,
        "hf_subset": "default",
        "languages": [
          "eng-Latn"
        ]
      }
    ]
  },
  "evaluation_time": 69.39720296859741,
  "kg_co2_emissions": null,
  "date": 1776451267.922399
}