{
  "dataset_revision": "5377aa18f309ec440ff6325a4c2cd3362c2cb8d7",
  "task_name": "ChemRxivRetrieval",
  "mteb_version": "2.12.16",
  "scores": {
    "test": [
      {
        "ndcg_at_1": 0.7662,
        "ndcg_at_3": 0.85155,
        "ndcg_at_5": 0.86348,
        "ndcg_at_10": 0.87075,
        "ndcg_at_20": 0.87471,
        "ndcg_at_100": 0.87792,
        "ndcg_at_1000": 0.87849,
        "map_at_1": 0.7662,
        "map_at_3": 0.83107,
        "map_at_5": 0.83764,
        "map_at_10": 0.84072,
        "map_at_20": 0.84182,
        "map_at_100": 0.8423,
        "map_at_1000": 0.84232,
        "recall_at_1": 0.7662,
        "recall_at_3": 0.9106,
        "recall_at_5": 0.9398,
        "recall_at_10": 0.9618,
        "recall_at_20": 0.9774,
        "recall_at_100": 0.9942,
        "recall_at_1000": 0.9988,
        "accuracy": 0.7662,
        "precision_at_1": 0.7662,
        "precision_at_3": 0.30353,
        "precision_at_5": 0.18796,
        "precision_at_10": 0.09618,
        "precision_at_20": 0.04887,
        "precision_at_100": 0.00994,
        "precision_at_1000": 0.001,
        "mrr_at_1": 0.7662,
        "mrr_at_3": 0.831,
        "mrr_at_5": 0.83762,
        "mrr_at_10": 0.840708,
        "mrr_at_20": 0.84181,
        "mrr_at_100": 0.842287,
        "mrr_at_1000": 0.842305,
        "nauc_ndcg_at_1_max": 0.426315,
        "nauc_ndcg_at_1_std": -0.2304,
        "nauc_ndcg_at_1_diff1": 0.797511,
        "nauc_ndcg_at_3_max": 0.489719,
        "nauc_ndcg_at_3_std": -0.221345,
        "nauc_ndcg_at_3_diff1": 0.770133,
        "nauc_ndcg_at_5_max": 0.490579,
        "nauc_ndcg_at_5_std": -0.21169,
        "nauc_ndcg_at_5_diff1": 0.770808,
        "nauc_ndcg_at_10_max": 0.491132,
        "nauc_ndcg_at_10_std": -0.206402,
        "nauc_ndcg_at_10_diff1": 0.776338,
        "nauc_ndcg_at_20_max": 0.484303,
        "nauc_ndcg_at_20_std": -0.211567,
        "nauc_ndcg_at_20_diff1": 0.778104,
        "nauc_ndcg_at_100_max": 0.477523,
        "nauc_ndcg_at_100_std": -0.213289,
        "nauc_ndcg_at_100_diff1": 0.77909,
        "nauc_ndcg_at_1000_max": 0.475581,
        "nauc_ndcg_at_1000_std": -0.214905,
        "nauc_ndcg_at_1000_diff1": 0.77891,
        "nauc_map_at_1_max": 0.426315,
        "nauc_map_at_1_std": -0.2304,
        "nauc_map_at_1_diff1": 0.797511,
        "nauc_map_at_3_max": 0.470178,
        "nauc_map_at_3_std": -0.224476,
        "nauc_map_at_3_diff1": 0.777824,
        "nauc_map_at_5_max": 0.469629,
        "nauc_map_at_5_std": -0.21997,
        "nauc_map_at_5_diff1": 0.778468,
        "nauc_map_at_10_max": 0.469657,
        "nauc_map_at_10_std": -0.218212,
        "nauc_map_at_10_diff1": 0.780581,
        "nauc_map_at_20_max": 0.467999,
        "nauc_map_at_20_std": -0.219527,
        "nauc_map_at_20_diff1": 0.78093,
        "nauc_map_at_100_max": 0.467116,
        "nauc_map_at_100_std": -0.219794,
        "nauc_map_at_100_diff1": 0.780978,
        "nauc_map_at_1000_max": 0.467067,
        "nauc_map_at_1000_std": -0.219836,
        "nauc_map_at_1000_diff1": 0.780971,
        "nauc_recall_at_1_max": 0.426315,
        "nauc_recall_at_1_std": -0.2304,
        "nauc_recall_at_1_diff1": 0.797511,
        "nauc_recall_at_3_max": 0.587975,
        "nauc_recall_at_3_std": -0.205341,
        "nauc_recall_at_3_diff1": 0.732029,
        "nauc_recall_at_5_max": 0.641108,
        "nauc_recall_at_5_std": -0.148861,
        "nauc_recall_at_5_diff1": 0.717127,
        "nauc_recall_at_10_max": 0.727614,
        "nauc_recall_at_10_std": -0.064047,
        "nauc_recall_at_10_diff1": 0.738303,
        "nauc_recall_at_20_max": 0.751936,
        "nauc_recall_at_20_std": -0.066103,
        "nauc_recall_at_20_diff1": 0.751328,
        "nauc_recall_at_100_max": 0.852233,
        "nauc_recall_at_100_std": 0.198397,
        "nauc_recall_at_100_diff1": 0.79935,
        "nauc_recall_at_1000_max": 0.803143,
        "nauc_recall_at_1000_std": 0.540694,
        "nauc_recall_at_1000_diff1": 0.757703,
        "nauc_precision_at_1_max": 0.426315,
        "nauc_precision_at_1_std": -0.2304,
        "nauc_precision_at_1_diff1": 0.797511,
        "nauc_precision_at_3_max": 0.587975,
        "nauc_precision_at_3_std": -0.205341,
        "nauc_precision_at_3_diff1": 0.732029,
        "nauc_precision_at_5_max": 0.641108,
        "nauc_precision_at_5_std": -0.148861,
        "nauc_precision_at_5_diff1": 0.717127,
        "nauc_precision_at_10_max": 0.727614,
        "nauc_precision_at_10_std": -0.064047,
        "nauc_precision_at_10_diff1": 0.738303,
        "nauc_precision_at_20_max": 0.751936,
        "nauc_precision_at_20_std": -0.066103,
        "nauc_precision_at_20_diff1": 0.751328,
        "nauc_precision_at_100_max": 0.852233,
        "nauc_precision_at_100_std": 0.198397,
        "nauc_precision_at_100_diff1": 0.79935,
        "nauc_precision_at_1000_max": 0.803143,
        "nauc_precision_at_1000_std": 0.540694,
        "nauc_precision_at_1000_diff1": 0.757703,
        "nauc_mrr_at_1_max": 0.426315,
        "nauc_mrr_at_1_std": -0.2304,
        "nauc_mrr_at_1_diff1": 0.797511,
        "nauc_mrr_at_3_max": 0.470347,
        "nauc_mrr_at_3_std": -0.224074,
        "nauc_mrr_at_3_diff1": 0.777918,
        "nauc_mrr_at_5_max": 0.469673,
        "nauc_mrr_at_5_std": -0.219865,
        "nauc_mrr_at_5_diff1": 0.778492,
        "nauc_mrr_at_10_max": 0.469695,
        "nauc_mrr_at_10_std": -0.218117,
        "nauc_mrr_at_10_diff1": 0.780601,
        "nauc_mrr_at_20_max": 0.468037,
        "nauc_mrr_at_20_std": -0.219431,
        "nauc_mrr_at_20_diff1": 0.780951,
        "nauc_mrr_at_100_max": 0.467154,
        "nauc_mrr_at_100_std": -0.219698,
        "nauc_mrr_at_100_diff1": 0.780998,
        "nauc_mrr_at_1000_max": 0.467105,
        "nauc_mrr_at_1000_std": -0.219739,
        "nauc_mrr_at_1000_diff1": 0.780992,
        "hit_rate_at_1": 0.7662,
        "hit_rate_at_3": 0.9106,
        "hit_rate_at_5": 0.9398,
        "hit_rate_at_10": 0.9618,
        "hit_rate_at_20": 0.9774,
        "hit_rate_at_100": 0.9942,
        "hit_rate_at_1000": 0.9988,
        "main_score": 0.87075,
        "hf_subset": "default",
        "languages": [
          "eng-Latn"
        ]
      }
    ]
  },
  "evaluation_time": 435.43694257736206,
  "kg_co2_emissions": null,
  "date": 1778645539.697386
}