{
  "dataset_revision": "1840e8a5ac6ec752bbdd97d543ead0189bc7c25b",
  "task_name": "ChemHotpotQARetrieval",
  "mteb_version": "2.12.16",
  "scores": {
    "train": [
      {
        "ndcg_at_1": 0.87222,
        "ndcg_at_3": 0.8982,
        "ndcg_at_5": 0.90753,
        "ndcg_at_10": 0.91478,
        "ndcg_at_20": 0.91696,
        "ndcg_at_100": 0.9189,
        "ndcg_at_1000": 0.92115,
        "map_at_1": 0.85278,
        "map_at_3": 0.88796,
        "map_at_5": 0.89324,
        "map_at_10": 0.89627,
        "map_at_20": 0.89695,
        "map_at_100": 0.89742,
        "map_at_1000": 0.89747,
        "recall_at_1": 0.85278,
        "recall_at_3": 0.91944,
        "recall_at_5": 0.94167,
        "recall_at_10": 0.96389,
        "recall_at_20": 0.97222,
        "recall_at_100": 0.98056,
        "recall_at_1000": 1.0,
        "accuracy": 0.85278,
        "precision_at_1": 0.87222,
        "precision_at_3": 0.31667,
        "precision_at_5": 0.19444,
        "precision_at_10": 0.09944,
        "precision_at_20": 0.05028,
        "precision_at_100": 0.01017,
        "precision_at_1000": 0.00104,
        "mrr_at_1": 0.872222,
        "mrr_at_3": 0.897222,
        "mrr_at_5": 0.9025,
        "mrr_at_10": 0.905531,
        "mrr_at_20": 0.905879,
        "mrr_at_100": 0.90612,
        "mrr_at_1000": 0.906149,
        "nauc_ndcg_at_1_max": 0.642168,
        "nauc_ndcg_at_1_std": -0.310722,
        "nauc_ndcg_at_1_diff1": 0.871934,
        "nauc_ndcg_at_3_max": 0.455085,
        "nauc_ndcg_at_3_std": -0.39673,
        "nauc_ndcg_at_3_diff1": 0.716069,
        "nauc_ndcg_at_5_max": 0.423155,
        "nauc_ndcg_at_5_std": -0.489576,
        "nauc_ndcg_at_5_diff1": 0.710365,
        "nauc_ndcg_at_10_max": 0.41177,
        "nauc_ndcg_at_10_std": -0.456472,
        "nauc_ndcg_at_10_diff1": 0.703976,
        "nauc_ndcg_at_20_max": 0.40893,
        "nauc_ndcg_at_20_std": -0.453641,
        "nauc_ndcg_at_20_diff1": 0.703762,
        "nauc_ndcg_at_100_max": 0.421381,
        "nauc_ndcg_at_100_std": -0.439549,
        "nauc_ndcg_at_100_diff1": 0.723157,
        "nauc_ndcg_at_1000_max": 0.450454,
        "nauc_ndcg_at_1000_std": -0.424745,
        "nauc_ndcg_at_1000_diff1": 0.737003,
        "nauc_map_at_1_max": 0.457312,
        "nauc_map_at_1_std": -0.393744,
        "nauc_map_at_1_diff1": 0.771224,
        "nauc_map_at_3_max": 0.460949,
        "nauc_map_at_3_std": -0.403173,
        "nauc_map_at_3_diff1": 0.708151,
        "nauc_map_at_5_max": 0.445837,
        "nauc_map_at_5_std": -0.44873,
        "nauc_map_at_5_diff1": 0.705241,
        "nauc_map_at_10_max": 0.443191,
        "nauc_map_at_10_std": -0.434608,
        "nauc_map_at_10_diff1": 0.703,
        "nauc_map_at_20_max": 0.44308,
        "nauc_map_at_20_std": -0.432994,
        "nauc_map_at_20_diff1": 0.703249,
        "nauc_map_at_100_max": 0.446985,
        "nauc_map_at_100_std": -0.42951,
        "nauc_map_at_100_diff1": 0.70831,
        "nauc_map_at_1000_max": 0.447711,
        "nauc_map_at_1000_std": -0.429128,
        "nauc_map_at_1000_diff1": 0.708908,
        "nauc_recall_at_1_max": 0.457312,
        "nauc_recall_at_1_std": -0.393744,
        "nauc_recall_at_1_diff1": 0.771224,
        "nauc_recall_at_3_max": 0.296452,
        "nauc_recall_at_3_std": -0.46043,
        "nauc_recall_at_3_diff1": 0.591535,
        "nauc_recall_at_5_max": 0.116024,
        "nauc_recall_at_5_std": -0.830532,
        "nauc_recall_at_5_diff1": 0.520853,
        "nauc_recall_at_10_max": -0.161854,
        "nauc_recall_at_10_std": -0.828952,
        "nauc_recall_at_10_diff1": 0.35743,
        "nauc_recall_at_20_max": -0.367134,
        "nauc_recall_at_20_std": -0.928198,
        "nauc_recall_at_20_diff1": 0.254995,
        "nauc_recall_at_100_max": -0.524276,
        "nauc_recall_at_100_std": -0.916433,
        "nauc_recall_at_100_diff1": 0.364479,
        "nauc_recall_at_1000_max": NaN,
        "nauc_recall_at_1000_std": NaN,
        "nauc_recall_at_1000_diff1": NaN,
        "nauc_precision_at_1_max": 0.642168,
        "nauc_precision_at_1_std": -0.310722,
        "nauc_precision_at_1_diff1": 0.871934,
        "nauc_precision_at_3_max": 0.405763,
        "nauc_precision_at_3_std": -0.144571,
        "nauc_precision_at_3_diff1": 0.34191,
        "nauc_precision_at_5_max": 0.314456,
        "nauc_precision_at_5_std": -0.308898,
        "nauc_precision_at_5_diff1": 0.232844,
        "nauc_precision_at_10_max": 0.229799,
        "nauc_precision_at_10_std": -0.133578,
        "nauc_precision_at_10_diff1": 0.047701,
        "nauc_precision_at_20_max": 0.149873,
        "nauc_precision_at_20_std": -0.021615,
        "nauc_precision_at_20_diff1": -0.051722,
        "nauc_precision_at_100_max": 0.206405,
        "nauc_precision_at_100_std": 0.150966,
        "nauc_precision_at_100_diff1": 0.015909,
        "nauc_precision_at_1000_max": 0.449845,
        "nauc_precision_at_1000_std": 0.501361,
        "nauc_precision_at_1000_diff1": -0.015754,
        "nauc_mrr_at_1_max": 0.642168,
        "nauc_mrr_at_1_std": -0.310722,
        "nauc_mrr_at_1_diff1": 0.871934,
        "nauc_mrr_at_3_max": 0.580891,
        "nauc_mrr_at_3_std": -0.317055,
        "nauc_mrr_at_3_diff1": 0.841327,
        "nauc_mrr_at_5_max": 0.571123,
        "nauc_mrr_at_5_std": -0.361694,
        "nauc_mrr_at_5_diff1": 0.845518,
        "nauc_mrr_at_10_max": 0.572347,
        "nauc_mrr_at_10_std": -0.343498,
        "nauc_mrr_at_10_diff1": 0.847671,
        "nauc_mrr_at_20_max": 0.571783,
        "nauc_mrr_at_20_std": -0.344146,
        "nauc_mrr_at_20_diff1": 0.84759,
        "nauc_mrr_at_100_max": 0.571003,
        "nauc_mrr_at_100_std": -0.34357,
        "nauc_mrr_at_100_diff1": 0.847533,
        "nauc_mrr_at_1000_max": 0.571246,
        "nauc_mrr_at_1000_std": -0.343503,
        "nauc_mrr_at_1000_diff1": 0.847579,
        "hit_rate_at_1": 0.87222,
        "hit_rate_at_3": 0.92778,
        "hit_rate_at_5": 0.95,
        "hit_rate_at_10": 0.97222,
        "hit_rate_at_20": 0.97778,
        "hit_rate_at_100": 0.98333,
        "hit_rate_at_1000": 1.0,
        "main_score": 0.91478,
        "hf_subset": "default",
        "languages": [
          "eng-Latn"
        ]
      }
    ],
    "dev": [
      {
        "ndcg_at_1": 0.875,
        "ndcg_at_3": 0.875,
        "ndcg_at_5": 0.875,
        "ndcg_at_10": 0.875,
        "ndcg_at_20": 0.90392,
        "ndcg_at_100": 0.90392,
        "ndcg_at_1000": 0.90392,
        "map_at_1": 0.875,
        "map_at_3": 0.875,
        "map_at_5": 0.875,
        "map_at_10": 0.875,
        "map_at_20": 0.88158,
        "map_at_100": 0.88158,
        "map_at_1000": 0.88158,
        "recall_at_1": 0.875,
        "recall_at_3": 0.875,
        "recall_at_5": 0.875,
        "recall_at_10": 0.875,
        "recall_at_20": 1.0,
        "recall_at_100": 1.0,
        "recall_at_1000": 1.0,
        "accuracy": 0.875,
        "precision_at_1": 0.875,
        "precision_at_3": 0.29167,
        "precision_at_5": 0.175,
        "precision_at_10": 0.0875,
        "precision_at_20": 0.05,
        "precision_at_100": 0.01,
        "precision_at_1000": 0.001,
        "mrr_at_1": 0.875,
        "mrr_at_3": 0.875,
        "mrr_at_5": 0.875,
        "mrr_at_10": 0.875,
        "mrr_at_20": 0.881579,
        "mrr_at_100": 0.881579,
        "mrr_at_1000": 0.881579,
        "nauc_ndcg_at_1_max": 1.0,
        "nauc_ndcg_at_1_std": 0.551821,
        "nauc_ndcg_at_1_diff1": 1.0,
        "nauc_ndcg_at_3_max": 1.0,
        "nauc_ndcg_at_3_std": 0.551821,
        "nauc_ndcg_at_3_diff1": 1.0,
        "nauc_ndcg_at_5_max": 1.0,
        "nauc_ndcg_at_5_std": 0.551821,
        "nauc_ndcg_at_5_diff1": 1.0,
        "nauc_ndcg_at_10_max": 1.0,
        "nauc_ndcg_at_10_std": 0.551821,
        "nauc_ndcg_at_10_diff1": 1.0,
        "nauc_ndcg_at_20_max": 1.0,
        "nauc_ndcg_at_20_std": 0.551821,
        "nauc_ndcg_at_20_diff1": 1.0,
        "nauc_ndcg_at_100_max": 1.0,
        "nauc_ndcg_at_100_std": 0.551821,
        "nauc_ndcg_at_100_diff1": 1.0,