{
  "dataset_revision": "1840e8a5ac6ec752bbdd97d543ead0189bc7c25b",
  "task_name": "ChemHotpotQARetrieval",
  "mteb_version": "2.12.20",
  "scores": {
    "train": [
      {
        "ndcg_at_1": 0.82778,
        "ndcg_at_3": 0.85976,
        "ndcg_at_5": 0.87602,
        "ndcg_at_10": 0.88661,
        "ndcg_at_20": 0.88816,
        "ndcg_at_100": 0.89122,
        "ndcg_at_1000": 0.89269,
        "map_at_1": 0.80833,
        "map_at_3": 0.84815,
        "map_at_5": 0.85731,
        "map_at_10": 0.86159,
        "map_at_20": 0.86209,
        "map_at_100": 0.86276,
        "map_at_1000": 0.86282,
        "recall_at_1": 0.80833,
        "recall_at_3": 0.88611,
        "recall_at_5": 0.925,
        "recall_at_10": 0.95833,
        "recall_at_20": 0.96389,
        "recall_at_100": 0.97778,
        "recall_at_1000": 0.98889,
        "accuracy": 0.80833,
        "precision_at_1": 0.82778,
        "precision_at_3": 0.30556,
        "precision_at_5": 0.19111,
        "precision_at_10": 0.09889,
        "precision_at_20": 0.04972,
        "precision_at_100": 0.01017,
        "precision_at_1000": 0.00103,
        "mrr_at_1": 0.827778,
        "mrr_at_3": 0.856481,
        "mrr_at_5": 0.865648,
        "mrr_at_10": 0.869923,
        "mrr_at_20": 0.870428,
        "mrr_at_100": 0.870578,
        "mrr_at_1000": 0.87064,
        "nauc_ndcg_at_1_max": 0.621284,
        "nauc_ndcg_at_1_std": -0.174198,
        "nauc_ndcg_at_1_diff1": 0.894681,
        "nauc_ndcg_at_3_max": 0.529183,
        "nauc_ndcg_at_3_std": -0.281036,
        "nauc_ndcg_at_3_diff1": 0.778396,
        "nauc_ndcg_at_5_max": 0.477268,
        "nauc_ndcg_at_5_std": -0.382692,
        "nauc_ndcg_at_5_diff1": 0.771884,
        "nauc_ndcg_at_10_max": 0.47497,
        "nauc_ndcg_at_10_std": -0.336401,
        "nauc_ndcg_at_10_diff1": 0.760423,
        "nauc_ndcg_at_20_max": 0.469254,
        "nauc_ndcg_at_20_std": -0.32458,
        "nauc_ndcg_at_20_diff1": 0.758845,
        "nauc_ndcg_at_100_max": 0.495153,
        "nauc_ndcg_at_100_std": -0.290318,
        "nauc_ndcg_at_100_diff1": 0.787985,
        "nauc_ndcg_at_1000_max": 0.491898,
        "nauc_ndcg_at_1000_std": -0.286406,
        "nauc_ndcg_at_1000_diff1": 0.788927,
        "nauc_map_at_1_max": 0.498767,
        "nauc_map_at_1_std": -0.250319,
        "nauc_map_at_1_diff1": 0.819486,
        "nauc_map_at_3_max": 0.517872,
        "nauc_map_at_3_std": -0.27935,
        "nauc_map_at_3_diff1": 0.768885,
        "nauc_map_at_5_max": 0.49171,
        "nauc_map_at_5_std": -0.329459,
        "nauc_map_at_5_diff1": 0.764751,
        "nauc_map_at_10_max": 0.491239,
        "nauc_map_at_10_std": -0.310896,
        "nauc_map_at_10_diff1": 0.760667,
        "nauc_map_at_20_max": 0.489785,
        "nauc_map_at_20_std": -0.307662,
        "nauc_map_at_20_diff1": 0.760249,
        "nauc_map_at_100_max": 0.494838,
        "nauc_map_at_100_std": -0.302123,
        "nauc_map_at_100_diff1": 0.766029,
        "nauc_map_at_1000_max": 0.49471,
        "nauc_map_at_1000_std": -0.301999,
        "nauc_map_at_1000_diff1": 0.76605,
        "nauc_recall_at_1_max": 0.498767,
        "nauc_recall_at_1_std": -0.250319,
        "nauc_recall_at_1_diff1": 0.819486,
        "nauc_recall_at_3_max": 0.473664,
        "nauc_recall_at_3_std": -0.358925,
        "nauc_recall_at_3_diff1": 0.701777,
        "nauc_recall_at_5_max": 0.240118,
        "nauc_recall_at_5_std": -0.778452,
        "nauc_recall_at_5_diff1": 0.630096,
        "nauc_recall_at_10_max": 0.034267,
        "nauc_recall_at_10_std": -0.74127,
        "nauc_recall_at_10_diff1": 0.423498,
        "nauc_recall_at_20_max": -0.094197,
        "nauc_recall_at_20_std": -0.678123,
        "nauc_recall_at_20_diff1": 0.354916,
        "nauc_recall_at_100_max": 0.098623,
        "nauc_recall_at_100_std": -0.161531,
        "nauc_recall_at_100_diff1": 0.71697,
        "nauc_recall_at_1000_max": -0.514472,
        "nauc_recall_at_1000_std": 0.24043,
        "nauc_recall_at_1000_diff1": 0.711718,
        "nauc_precision_at_1_max": 0.621284,
        "nauc_precision_at_1_std": -0.174198,
        "nauc_precision_at_1_diff1": 0.894681,
        "nauc_precision_at_3_max": 0.475653,
        "nauc_precision_at_3_std": -0.129776,
        "nauc_precision_at_3_diff1": 0.474551,
        "nauc_precision_at_5_max": 0.314981,
        "nauc_precision_at_5_std": -0.349183,
        "nauc_precision_at_5_diff1": 0.348444,
        "nauc_precision_at_10_max": 0.230512,
        "nauc_precision_at_10_std": -0.128927,
        "nauc_precision_at_10_diff1": 0.098487,
        "nauc_precision_at_20_max": 0.177102,
        "nauc_precision_at_20_std": -0.043407,
        "nauc_precision_at_20_diff1": 0.034039,
        "nauc_precision_at_100_max": 0.28961,
        "nauc_precision_at_100_std": 0.32536,
        "nauc_precision_at_100_diff1": 0.156303,
        "nauc_precision_at_1000_max": 0.230073,
        "nauc_precision_at_1000_std": 0.450729,
        "nauc_precision_at_1000_diff1": 0.076482,
        "nauc_mrr_at_1_max": 0.621284,
        "nauc_mrr_at_1_std": -0.174198,
        "nauc_mrr_at_1_diff1": 0.894681,
        "nauc_mrr_at_3_max": 0.608007,
        "nauc_mrr_at_3_std": -0.212542,
        "nauc_mrr_at_3_diff1": 0.872213,
        "nauc_mrr_at_5_max": 0.58666,
        "nauc_mrr_at_5_std": -0.26081,
        "nauc_mrr_at_5_diff1": 0.875052,
        "nauc_mrr_at_10_max": 0.58942,
        "nauc_mrr_at_10_std": -0.238812,
        "nauc_mrr_at_10_diff1": 0.874515,
        "nauc_mrr_at_20_max": 0.58828,
        "nauc_mrr_at_20_std": -0.235096,
        "nauc_mrr_at_20_diff1": 0.874537,
        "nauc_mrr_at_100_max": 0.588322,
        "nauc_mrr_at_100_std": -0.233272,
        "nauc_mrr_at_100_diff1": 0.874385,
        "nauc_mrr_at_1000_max": 0.588233,
        "nauc_mrr_at_1000_std": -0.233108,
        "nauc_mrr_at_1000_diff1": 0.87446,
        "hit_rate_at_1": 0.82778,
        "hit_rate_at_3": 0.89444,
        "hit_rate_at_5": 0.93333,
        "hit_rate_at_10": 0.96667,
        "hit_rate_at_20": 0.97222,
        "hit_rate_at_100": 0.97778,
        "hit_rate_at_1000": 0.98889,
        "main_score": 0.88661,
        "hf_subset": "default",
        "languages": [
          "eng-Latn"
        ]
      }
    ],
    "dev": [
      {
        "ndcg_at_1": 0.875,
        "ndcg_at_3": 0.875,
        "ndcg_at_5": 0.875,
        "ndcg_at_10": 0.875,
        "ndcg_at_20": 0.875,
        "ndcg_at_100": 0.89501,
        "ndcg_at_1000": 0.89501,
        "map_at_1": 0.875,
        "map_at_3": 0.875,
        "map_at_5": 0.875,
        "map_at_10": 0.875,
        "map_at_20": 0.875,
        "map_at_100": 0.87667,
        "map_at_1000": 0.87667,
        "recall_at_1": 0.875,
        "recall_at_3": 0.875,
        "recall_at_5": 0.875,
        "recall_at_10": 0.875,
        "recall_at_20": 0.875,
        "recall_at_100": 1.0,
        "recall_at_1000": 1.0,
        "accuracy": 0.875,
        "precision_at_1": 0.875,
        "precision_at_3": 0.29167,
        "precision_at_5": 0.175,
        "precision_at_10": 0.0875,
        "precision_at_20": 0.04375,
        "precision_at_100": 0.01,
        "precision_at_1000": 0.001,
        "mrr_at_1": 0.875,
        "mrr_at_3": 0.875,
        "mrr_at_5": 0.875,
        "mrr_at_10": 0.875,
        "mrr_at_20": 0.875,
        "mrr_at_100": 0.876667,
        "mrr_at_1000": 0.876667,
        "nauc_ndcg_at_1_max": 1.0,
        "nauc_ndcg_at_1_std": 0.865546,
        "nauc_ndcg_at_1_diff1": 0.865546,
        "nauc_ndcg_at_3_max": 1.0,
        "nauc_ndcg_at_3_std": 0.865546,
        "nauc_ndcg_at_3_diff1": 0.865546,
        "nauc_ndcg_at_5_max": 1.0,
        "nauc_ndcg_at_5_std": 0.865546,
        "nauc_ndcg_at_5_diff1": 0.865546,
        "nauc_ndcg_at_10_max": 1.0,
        "nauc_ndcg_at_10_std": 0.865546,
        "nauc_ndcg_at_10_diff1": 0.865546,
        "nauc_ndcg_at_20_max": 1.0,
        "nauc_ndcg_at_20_std": 0.865546,
        "nauc_ndcg_at_20_diff1": 0.865546,
        "nauc_ndcg_at_100_max": 1.0,
        "nauc_ndcg_at_100_std": 0.865546,