{
  "dataset_revision": "5377aa18f309ec440ff6325a4c2cd3362c2cb8d7",
  "task_name": "ChemRxivRetrieval",
  "mteb_version": "2.12.20",
  "scores": {
    "test": [
      {
        "ndcg_at_1": 0.817,
        "ndcg_at_3": 0.88696,
        "ndcg_at_5": 0.89574,
        "ndcg_at_10": 0.9019,
        "ndcg_at_20": 0.90519,
        "ndcg_at_100": 0.90681,
        "ndcg_at_1000": 0.9074,
        "map_at_1": 0.817,
        "map_at_3": 0.87053,
        "map_at_5": 0.87542,
        "map_at_10": 0.87802,
        "map_at_20": 0.87895,
        "map_at_100": 0.87919,
        "map_at_1000": 0.87921,
        "recall_at_1": 0.817,
        "recall_at_3": 0.9342,
        "recall_at_5": 0.9554,
        "recall_at_10": 0.9742,
        "recall_at_20": 0.987,
        "recall_at_100": 0.9956,
        "recall_at_1000": 1.0,
        "accuracy": 0.817,
        "precision_at_1": 0.817,
        "precision_at_3": 0.3114,
        "precision_at_5": 0.19108,
        "precision_at_10": 0.09742,
        "precision_at_20": 0.04935,
        "precision_at_100": 0.00996,
        "precision_at_1000": 0.001,
        "mrr_at_1": 0.8172,
        "mrr_at_3": 0.870567,
        "mrr_at_5": 0.875547,
        "mrr_at_10": 0.878108,
        "mrr_at_20": 0.879041,
        "mrr_at_100": 0.879276,
        "mrr_at_1000": 0.879301,
        "nauc_ndcg_at_1_max": 0.514721,
        "nauc_ndcg_at_1_std": -0.238407,
        "nauc_ndcg_at_1_diff1": 0.832648,
        "nauc_ndcg_at_3_max": 0.572369,
        "nauc_ndcg_at_3_std": -0.25656,
        "nauc_ndcg_at_3_diff1": 0.811406,
        "nauc_ndcg_at_5_max": 0.574009,
        "nauc_ndcg_at_5_std": -0.246909,
        "nauc_ndcg_at_5_diff1": 0.813406,
        "nauc_ndcg_at_10_max": 0.569075,
        "nauc_ndcg_at_10_std": -0.244977,
        "nauc_ndcg_at_10_diff1": 0.816171,
        "nauc_ndcg_at_20_max": 0.562952,
        "nauc_ndcg_at_20_std": -0.243304,
        "nauc_ndcg_at_20_diff1": 0.817372,
        "nauc_ndcg_at_100_max": 0.557774,
        "nauc_ndcg_at_100_std": -0.24404,
        "nauc_ndcg_at_100_diff1": 0.817138,
        "nauc_ndcg_at_1000_max": 0.555559,
        "nauc_ndcg_at_1000_std": -0.246086,
        "nauc_ndcg_at_1000_diff1": 0.817546,
        "nauc_map_at_1_max": 0.514721,
        "nauc_map_at_1_std": -0.238407,
        "nauc_map_at_1_diff1": 0.832648,
        "nauc_map_at_3_max": 0.553116,
        "nauc_map_at_3_std": -0.25261,
        "nauc_map_at_3_diff1": 0.816607,
        "nauc_map_at_5_max": 0.552988,
        "nauc_map_at_5_std": -0.2479,
        "nauc_map_at_5_diff1": 0.817752,
        "nauc_map_at_10_max": 0.550788,
        "nauc_map_at_10_std": -0.247528,
        "nauc_map_at_10_diff1": 0.81877,
        "nauc_map_at_20_max": 0.549286,
        "nauc_map_at_20_std": -0.247142,
        "nauc_map_at_20_diff1": 0.81904,
        "nauc_map_at_100_max": 0.54868,
        "nauc_map_at_100_std": -0.247196,
        "nauc_map_at_100_diff1": 0.818993,
        "nauc_map_at_1000_max": 0.548606,
        "nauc_map_at_1000_std": -0.247249,
        "nauc_map_at_1000_diff1": 0.819005,
        "nauc_recall_at_1_max": 0.514721,
        "nauc_recall_at_1_std": -0.238407,
        "nauc_recall_at_1_diff1": 0.832648,
        "nauc_recall_at_3_max": 0.677081,
        "nauc_recall_at_3_std": -0.276391,
        "nauc_recall_at_3_diff1": 0.784596,
        "nauc_recall_at_5_max": 0.736938,
        "nauc_recall_at_5_std": -0.233603,
        "nauc_recall_at_5_diff1": 0.782798,
        "nauc_recall_at_10_max": 0.802159,
        "nauc_recall_at_10_std": -0.196209,
        "nauc_recall_at_10_diff1": 0.791657,
        "nauc_recall_at_20_max": 0.86495,
        "nauc_recall_at_20_std": -0.105013,
        "nauc_recall_at_20_diff1": 0.801444,
        "nauc_recall_at_100_max": 0.895595,
        "nauc_recall_at_100_std": 0.080447,
        "nauc_recall_at_100_diff1": 0.75295,
        "nauc_recall_at_1000_max": NaN,
        "nauc_recall_at_1000_std": NaN,
        "nauc_recall_at_1000_diff1": NaN,
        "nauc_precision_at_1_max": 0.514721,
        "nauc_precision_at_1_std": -0.238407,
        "nauc_precision_at_1_diff1": 0.832648,
        "nauc_precision_at_3_max": 0.677081,
        "nauc_precision_at_3_std": -0.276391,
        "nauc_precision_at_3_diff1": 0.784596,
        "nauc_precision_at_5_max": 0.736938,
        "nauc_precision_at_5_std": -0.233603,
        "nauc_precision_at_5_diff1": 0.782798,
        "nauc_precision_at_10_max": 0.802159,
        "nauc_precision_at_10_std": -0.196209,
        "nauc_precision_at_10_diff1": 0.791657,
        "nauc_precision_at_20_max": 0.86495,
        "nauc_precision_at_20_std": -0.105013,
        "nauc_precision_at_20_diff1": 0.801444,
        "nauc_precision_at_100_max": 0.895595,
        "nauc_precision_at_100_std": 0.080447,
        "nauc_precision_at_100_diff1": 0.75295,
        "nauc_precision_at_1000_max": 1.0,
        "nauc_precision_at_1000_std": 1.0,
        "nauc_precision_at_1000_diff1": 1.0,
        "nauc_mrr_at_1_max": 0.515897,
        "nauc_mrr_at_1_std": -0.236625,
        "nauc_mrr_at_1_diff1": 0.832327,
        "nauc_mrr_at_3_max": 0.553853,
        "nauc_mrr_at_3_std": -0.251867,
        "nauc_mrr_at_3_diff1": 0.816472,
        "nauc_mrr_at_5_max": 0.553781,
        "nauc_mrr_at_5_std": -0.247016,
        "nauc_mrr_at_5_diff1": 0.817689,
        "nauc_mrr_at_10_max": 0.551645,
        "nauc_mrr_at_10_std": -0.246394,
        "nauc_mrr_at_10_diff1": 0.818575,
        "nauc_mrr_at_20_max": 0.550146,
        "nauc_mrr_at_20_std": -0.245992,
        "nauc_mrr_at_20_diff1": 0.818842,
        "nauc_mrr_at_100_max": 0.549541,
        "nauc_mrr_at_100_std": -0.246044,
        "nauc_mrr_at_100_diff1": 0.818795,
        "nauc_mrr_at_1000_max": 0.549468,
        "nauc_mrr_at_1000_std": -0.246096,
        "nauc_mrr_at_1000_diff1": 0.818807,
        "hit_rate_at_1": 0.817,
        "hit_rate_at_3": 0.9342,
        "hit_rate_at_5": 0.9554,
        "hit_rate_at_10": 0.9742,
        "hit_rate_at_20": 0.987,
        "hit_rate_at_100": 0.9956,
        "hit_rate_at_1000": 1.0,
        "main_score": 0.9019,
        "hf_subset": "default",
        "languages": [
          "eng-Latn"
        ]
      }
    ]
  },
  "evaluation_time": 469.5228090286255,
  "kg_co2_emissions": null,
  "date": 1776407307.27069
}