{
  "dataset_revision": "5d958fb6b31055495347724d46431ba41309b03a",
  "task_name": "ChemNQRetrieval",
  "mteb_version": "2.12.20",
  "scores": {
    "test": [
      {
        "ndcg_at_1": 0.48148,
        "ndcg_at_3": 0.54935,
        "ndcg_at_5": 0.58841,
        "ndcg_at_10": 0.6105,
        "ndcg_at_20": 0.6261,
        "ndcg_at_100": 0.65058,
        "ndcg_at_1000": 0.65683,
        "map_at_1": 0.3642,
        "map_at_3": 0.5,
        "map_at_5": 0.52407,
        "map_at_10": 0.53591,
        "map_at_20": 0.54174,
        "map_at_100": 0.54549,
        "map_at_1000": 0.54573,
        "recall_at_1": 0.3642,
        "recall_at_3": 0.62346,
        "recall_at_5": 0.71605,
        "recall_at_10": 0.7716,
        "recall_at_20": 0.82716,
        "recall_at_100": 0.95062,
        "recall_at_1000": 1.0,
        "accuracy": 0.3642,
        "precision_at_1": 0.48148,
        "precision_at_3": 0.25926,
        "precision_at_5": 0.17778,
        "precision_at_10": 0.1,
        "precision_at_20": 0.0537,
        "precision_at_100": 0.01222,
        "precision_at_1000": 0.0013,
        "mrr_at_1": 0.481481,
        "mrr_at_3": 0.580247,
        "mrr_at_5": 0.596914,
        "mrr_at_10": 0.603086,
        "mrr_at_20": 0.605556,
        "mrr_at_100": 0.608979,
        "mrr_at_1000": 0.609037,
        "nauc_ndcg_at_1_max": 0.302187,
        "nauc_ndcg_at_1_std": -0.087248,
        "nauc_ndcg_at_1_diff1": 0.306051,
        "nauc_ndcg_at_3_max": 0.090781,
        "nauc_ndcg_at_3_std": -0.269166,
        "nauc_ndcg_at_3_diff1": 0.318033,
        "nauc_ndcg_at_5_max": 0.223709,
        "nauc_ndcg_at_5_std": -0.17675,
        "nauc_ndcg_at_5_diff1": 0.350909,
        "nauc_ndcg_at_10_max": 0.30847,
        "nauc_ndcg_at_10_std": -0.041303,
        "nauc_ndcg_at_10_diff1": 0.388553,
        "nauc_ndcg_at_20_max": 0.29743,
        "nauc_ndcg_at_20_std": -0.071104,
        "nauc_ndcg_at_20_diff1": 0.411398,
        "nauc_ndcg_at_100_max": 0.251193,
        "nauc_ndcg_at_100_std": -0.116816,
        "nauc_ndcg_at_100_diff1": 0.39279,
        "nauc_ndcg_at_1000_max": 0.254427,
        "nauc_ndcg_at_1000_std": -0.110776,
        "nauc_ndcg_at_1000_diff1": 0.38109,
        "nauc_map_at_1_max": 0.125095,
        "nauc_map_at_1_std": -0.102604,
        "nauc_map_at_1_diff1": 0.20463,
        "nauc_map_at_3_max": 0.075785,
        "nauc_map_at_3_std": -0.255819,
        "nauc_map_at_3_diff1": 0.297975,
        "nauc_map_at_5_max": 0.155648,
        "nauc_map_at_5_std": -0.203997,
        "nauc_map_at_5_diff1": 0.309659,
        "nauc_map_at_10_max": 0.196883,
        "nauc_map_at_10_std": -0.13854,
        "nauc_map_at_10_diff1": 0.327109,
        "nauc_map_at_20_max": 0.196734,
        "nauc_map_at_20_std": -0.148415,
        "nauc_map_at_20_diff1": 0.338985,
        "nauc_map_at_100_max": 0.190199,
        "nauc_map_at_100_std": -0.153928,
        "nauc_map_at_100_diff1": 0.336628,
        "nauc_map_at_1000_max": 0.18999,
        "nauc_map_at_1000_std": -0.153968,
        "nauc_map_at_1000_diff1": 0.336387,
        "nauc_recall_at_1_max": 0.125095,
        "nauc_recall_at_1_std": -0.102604,
        "nauc_recall_at_1_diff1": 0.20463,
        "nauc_recall_at_3_max": -0.063072,
        "nauc_recall_at_3_std": -0.38132,
        "nauc_recall_at_3_diff1": 0.297567,
        "nauc_recall_at_5_max": 0.26547,
        "nauc_recall_at_5_std": -0.150109,
        "nauc_recall_at_5_diff1": 0.389806,
        "nauc_recall_at_10_max": 0.571452,
        "nauc_recall_at_10_std": 0.29005,
        "nauc_recall_at_10_diff1": 0.542553,
        "nauc_recall_at_20_max": 0.556557,
        "nauc_recall_at_20_std": 0.198684,
        "nauc_recall_at_20_diff1": 0.691584,
        "nauc_recall_at_100_max": 0.007347,
        "nauc_recall_at_100_std": -0.401166,
        "nauc_recall_at_100_diff1": 0.839387,
        "nauc_recall_at_1000_max": NaN,
        "nauc_recall_at_1000_std": NaN,
        "nauc_recall_at_1000_diff1": NaN,
        "nauc_precision_at_1_max": 0.302187,
        "nauc_precision_at_1_std": -0.087248,
        "nauc_precision_at_1_diff1": 0.306051,
        "nauc_precision_at_3_max": 0.131289,
        "nauc_precision_at_3_std": -0.36078,
        "nauc_precision_at_3_diff1": 0.398598,
        "nauc_precision_at_5_max": 0.420181,
        "nauc_precision_at_5_std": -0.130419,
        "nauc_precision_at_5_diff1": 0.378676,
        "nauc_precision_at_10_max": 0.595815,
        "nauc_precision_at_10_std": 0.309011,
        "nauc_precision_at_10_diff1": 0.401552,
        "nauc_precision_at_20_max": 0.574967,
        "nauc_precision_at_20_std": 0.240859,
        "nauc_precision_at_20_diff1": 0.465382,
        "nauc_precision_at_100_max": 0.419861,
        "nauc_precision_at_100_std": 0.14458,
        "nauc_precision_at_100_diff1": 0.350172,
        "nauc_precision_at_1000_max": 0.354203,
        "nauc_precision_at_1000_std": 0.178148,
        "nauc_precision_at_1000_diff1": 0.196444,
        "nauc_mrr_at_1_max": 0.302187,
        "nauc_mrr_at_1_std": -0.087248,
        "nauc_mrr_at_1_diff1": 0.306051,
        "nauc_mrr_at_3_max": 0.271417,
        "nauc_mrr_at_3_std": -0.150278,
        "nauc_mrr_at_3_diff1": 0.34323,
        "nauc_mrr_at_5_max": 0.317366,
        "nauc_mrr_at_5_std": -0.108998,
        "nauc_mrr_at_5_diff1": 0.371775,
        "nauc_mrr_at_10_max": 0.334047,
        "nauc_mrr_at_10_std": -0.07451,
        "nauc_mrr_at_10_diff1": 0.381017,
        "nauc_mrr_at_20_max": 0.328097,
        "nauc_mrr_at_20_std": -0.079711,
        "nauc_mrr_at_20_diff1": 0.379128,
        "nauc_mrr_at_100_max": 0.323481,
        "nauc_mrr_at_100_std": -0.084273,
        "nauc_mrr_at_100_diff1": 0.377391,
        "nauc_mrr_at_1000_max": 0.323582,
        "nauc_mrr_at_1000_std": -0.084175,
        "nauc_mrr_at_1000_diff1": 0.377266,
        "hit_rate_at_1": 0.48148,
        "hit_rate_at_3": 0.7037,
        "hit_rate_at_5": 0.77778,
        "hit_rate_at_10": 0.81481,
        "hit_rate_at_20": 0.85185,
        "hit_rate_at_100": 0.96296,
        "hit_rate_at_1000": 1.0,
        "main_score": 0.6105,
        "hf_subset": "default",
        "languages": [
          "eng-Latn"
        ]
      }
    ]
  },
  "evaluation_time": 70.3824303150177,
  "kg_co2_emissions": null,
  "date": 1776406719.409271
}