{
  "dataset_revision": "5d958fb6b31055495347724d46431ba41309b03a",
  "task_name": "ChemNQRetrieval",
  "mteb_version": "2.12.20",
  "scores": {
    "test": [
      {
        "ndcg_at_1": 0.48148,
        "ndcg_at_3": 0.54935,
        "ndcg_at_5": 0.55813,
        "ndcg_at_10": 0.5969,
        "ndcg_at_20": 0.62547,
        "ndcg_at_100": 0.64426,
        "ndcg_at_1000": 0.65056,
        "map_at_1": 0.3642,
        "map_at_3": 0.5,
        "map_at_5": 0.50741,
        "map_at_10": 0.5246,
        "map_at_20": 0.53346,
        "map_at_100": 0.5369,
        "map_at_1000": 0.53725,
        "recall_at_1": 0.3642,
        "recall_at_3": 0.62346,
        "recall_at_5": 0.64198,
        "recall_at_10": 0.75309,
        "recall_at_20": 0.8642,
        "recall_at_100": 0.95062,
        "recall_at_1000": 1.0,
        "accuracy": 0.3642,
        "precision_at_1": 0.48148,
        "precision_at_3": 0.25926,
        "precision_at_5": 0.16296,
        "precision_at_10": 0.0963,
        "precision_at_20": 0.05556,
        "precision_at_100": 0.01222,
        "precision_at_1000": 0.0013,
        "mrr_at_1": 0.481481,
        "mrr_at_3": 0.580247,
        "mrr_at_5": 0.580247,
        "mrr_at_10": 0.595459,
        "mrr_at_20": 0.599489,
        "mrr_at_100": 0.602404,
        "mrr_at_1000": 0.602447,
        "nauc_ndcg_at_1_max": 0.180808,
        "nauc_ndcg_at_1_std": -0.048087,
        "nauc_ndcg_at_1_diff1": 0.611045,
        "nauc_ndcg_at_3_max": 0.086203,
        "nauc_ndcg_at_3_std": -0.167268,
        "nauc_ndcg_at_3_diff1": 0.526629,
        "nauc_ndcg_at_5_max": 0.120987,
        "nauc_ndcg_at_5_std": -0.149958,
        "nauc_ndcg_at_5_diff1": 0.499324,
        "nauc_ndcg_at_10_max": 0.205625,
        "nauc_ndcg_at_10_std": -0.045463,
        "nauc_ndcg_at_10_diff1": 0.533621,
        "nauc_ndcg_at_20_max": 0.181584,
        "nauc_ndcg_at_20_std": -0.074011,
        "nauc_ndcg_at_20_diff1": 0.536195,
        "nauc_ndcg_at_100_max": 0.144031,
        "nauc_ndcg_at_100_std": -0.099056,
        "nauc_ndcg_at_100_diff1": 0.552678,
        "nauc_ndcg_at_1000_max": 0.152585,
        "nauc_ndcg_at_1000_std": -0.090179,
        "nauc_ndcg_at_1000_diff1": 0.559277,
        "nauc_map_at_1_max": 0.010415,
        "nauc_map_at_1_std": -0.099413,
        "nauc_map_at_1_diff1": 0.422712,
        "nauc_map_at_3_max": 0.063382,
        "nauc_map_at_3_std": -0.186626,
        "nauc_map_at_3_diff1": 0.508832,
        "nauc_map_at_5_max": 0.091455,
        "nauc_map_at_5_std": -0.172426,
        "nauc_map_at_5_diff1": 0.486384,
        "nauc_map_at_10_max": 0.122837,
        "nauc_map_at_10_std": -0.129094,
        "nauc_map_at_10_diff1": 0.504899,
        "nauc_map_at_20_max": 0.122671,
        "nauc_map_at_20_std": -0.129207,
        "nauc_map_at_20_diff1": 0.510803,
        "nauc_map_at_100_max": 0.116464,
        "nauc_map_at_100_std": -0.133705,
        "nauc_map_at_100_diff1": 0.512907,
        "nauc_map_at_1000_max": 0.116261,
        "nauc_map_at_1000_std": -0.133538,
        "nauc_map_at_1000_diff1": 0.513762,
        "nauc_recall_at_1_max": 0.010415,
        "nauc_recall_at_1_std": -0.099413,
        "nauc_recall_at_1_diff1": 0.422712,
        "nauc_recall_at_3_max": 0.025851,
        "nauc_recall_at_3_std": -0.207534,
        "nauc_recall_at_3_diff1": 0.431728,
        "nauc_recall_at_5_max": 0.103556,
        "nauc_recall_at_5_std": -0.175714,
        "nauc_recall_at_5_diff1": 0.386191,
        "nauc_recall_at_10_max": 0.403609,
        "nauc_recall_at_10_std": 0.170517,
        "nauc_recall_at_10_diff1": 0.398078,
        "nauc_recall_at_20_max": 0.304455,
        "nauc_recall_at_20_std": -0.005695,
        "nauc_recall_at_20_diff1": 0.350752,
        "nauc_recall_at_100_max": -0.34008,
        "nauc_recall_at_100_std": -0.473358,
        "nauc_recall_at_100_diff1": 0.399291,
        "nauc_recall_at_1000_max": NaN,
        "nauc_recall_at_1000_std": NaN,
        "nauc_recall_at_1000_diff1": NaN,
        "nauc_precision_at_1_max": 0.180808,
        "nauc_precision_at_1_std": -0.048087,
        "nauc_precision_at_1_diff1": 0.611045,
        "nauc_precision_at_3_max": 0.235619,
        "nauc_precision_at_3_std": -0.178095,
        "nauc_precision_at_3_diff1": 0.636487,
        "nauc_precision_at_5_max": 0.301524,
        "nauc_precision_at_5_std": -0.105303,
        "nauc_precision_at_5_diff1": 0.473623,
        "nauc_precision_at_10_max": 0.521093,
        "nauc_precision_at_10_std": 0.255534,
        "nauc_precision_at_10_diff1": 0.563604,
        "nauc_precision_at_20_max": 0.463944,
        "nauc_precision_at_20_std": 0.223835,
        "nauc_precision_at_20_diff1": 0.541733,
        "nauc_precision_at_100_max": 0.34944,
        "nauc_precision_at_100_std": 0.206008,
        "nauc_precision_at_100_diff1": 0.585962,
        "nauc_precision_at_1000_max": 0.345389,
        "nauc_precision_at_1000_std": 0.262742,
        "nauc_precision_at_1000_diff1": 0.530523,
        "nauc_mrr_at_1_max": 0.180808,
        "nauc_mrr_at_1_std": -0.048087,
        "nauc_mrr_at_1_diff1": 0.611045,
        "nauc_mrr_at_3_max": 0.188577,
        "nauc_mrr_at_3_std": -0.058084,
        "nauc_mrr_at_3_diff1": 0.609722,
        "nauc_mrr_at_5_max": 0.188577,
        "nauc_mrr_at_5_std": -0.058084,
        "nauc_mrr_at_5_diff1": 0.609722,
        "nauc_mrr_at_10_max": 0.219403,
        "nauc_mrr_at_10_std": -0.021032,
        "nauc_mrr_at_10_diff1": 0.622551,
        "nauc_mrr_at_20_max": 0.208485,
        "nauc_mrr_at_20_std": -0.032746,
        "nauc_mrr_at_20_diff1": 0.61635,
        "nauc_mrr_at_100_max": 0.203617,
        "nauc_mrr_at_100_std": -0.036493,
        "nauc_mrr_at_100_diff1": 0.617978,
        "nauc_mrr_at_1000_max": 0.203729,
        "nauc_mrr_at_1000_std": -0.036416,
        "nauc_mrr_at_1000_diff1": 0.617963,
        "hit_rate_at_1": 0.48148,
        "hit_rate_at_3": 0.7037,
        "hit_rate_at_5": 0.7037,
        "hit_rate_at_10": 0.81481,
        "hit_rate_at_20": 0.88889,
        "hit_rate_at_100": 0.96296,
        "hit_rate_at_1000": 1.0,
        "main_score": 0.5969,
        "hf_subset": "default",
        "languages": [
          "eng-Latn"
        ]
      }
    ]
  },
  "evaluation_time": 70.39575934410095,
  "kg_co2_emissions": null,
  "date": 1776403821.942991
}