{
  "dataset_revision": "5377aa18f309ec440ff6325a4c2cd3362c2cb8d7",
  "task_name": "ChemRxivRetrieval",
  "mteb_version": "2.12.20",
  "scores": {
    "test": [
      {
        "ndcg_at_1": 0.8052,
        "ndcg_at_3": 0.8777,
        "ndcg_at_5": 0.8884,
        "ndcg_at_10": 0.89507,
        "ndcg_at_20": 0.8985,
        "ndcg_at_100": 0.90033,
        "ndcg_at_1000": 0.90097,
        "map_at_1": 0.8052,
        "map_at_3": 0.86093,
        "map_at_5": 0.86691,
        "map_at_10": 0.86967,
        "map_at_20": 0.87063,
        "map_at_100": 0.87092,
        "map_at_1000": 0.87095,
        "recall_at_1": 0.8052,
        "recall_at_3": 0.9258,
        "recall_at_5": 0.9516,
        "recall_at_10": 0.9722,
        "recall_at_20": 0.9856,
        "recall_at_100": 0.995,
        "recall_at_1000": 0.9998,
        "accuracy": 0.8052,
        "precision_at_1": 0.8052,
        "precision_at_3": 0.3086,
        "precision_at_5": 0.19032,
        "precision_at_10": 0.09722,
        "precision_at_20": 0.04928,
        "precision_at_100": 0.00995,
        "precision_at_1000": 0.001,
        "mrr_at_1": 0.8054,
        "mrr_at_3": 0.860967,
        "mrr_at_5": 0.867037,
        "mrr_at_10": 0.869761,
        "mrr_at_20": 0.870724,
        "mrr_at_100": 0.871011,
        "mrr_at_1000": 0.871038,
        "nauc_ndcg_at_1_max": 0.476395,
        "nauc_ndcg_at_1_std": -0.271041,
        "nauc_ndcg_at_1_diff1": 0.815964,
        "nauc_ndcg_at_3_max": 0.535924,
        "nauc_ndcg_at_3_std": -0.280027,
        "nauc_ndcg_at_3_diff1": 0.794513,
        "nauc_ndcg_at_5_max": 0.534568,
        "nauc_ndcg_at_5_std": -0.277929,
        "nauc_ndcg_at_5_diff1": 0.795938,
        "nauc_ndcg_at_10_max": 0.53553,
        "nauc_ndcg_at_10_std": -0.264995,
        "nauc_ndcg_at_10_diff1": 0.799578,
        "nauc_ndcg_at_20_max": 0.528035,
        "nauc_ndcg_at_20_std": -0.268542,
        "nauc_ndcg_at_20_diff1": 0.800474,
        "nauc_ndcg_at_100_max": 0.522924,
        "nauc_ndcg_at_100_std": -0.270317,
        "nauc_ndcg_at_100_diff1": 0.800854,
        "nauc_ndcg_at_1000_max": 0.520623,
        "nauc_ndcg_at_1000_std": -0.271096,
        "nauc_ndcg_at_1000_diff1": 0.801045,
        "nauc_map_at_1_max": 0.476395,
        "nauc_map_at_1_std": -0.271041,
        "nauc_map_at_1_diff1": 0.815964,
        "nauc_map_at_3_max": 0.517198,
        "nauc_map_at_3_std": -0.277908,
        "nauc_map_at_3_diff1": 0.80007,
        "nauc_map_at_5_max": 0.515763,
        "nauc_map_at_5_std": -0.276734,
        "nauc_map_at_5_diff1": 0.800997,
        "nauc_map_at_10_max": 0.515858,
        "nauc_map_at_10_std": -0.272029,
        "nauc_map_at_10_diff1": 0.802338,
        "nauc_map_at_20_max": 0.514052,
        "nauc_map_at_20_std": -0.272906,
        "nauc_map_at_20_diff1": 0.802574,
        "nauc_map_at_100_max": 0.513404,
        "nauc_map_at_100_std": -0.273095,
        "nauc_map_at_100_diff1": 0.802621,
        "nauc_map_at_1000_max": 0.513323,
        "nauc_map_at_1000_std": -0.273114,
        "nauc_map_at_1000_diff1": 0.802626,
        "nauc_recall_at_1_max": 0.476395,
        "nauc_recall_at_1_std": -0.271041,
        "nauc_recall_at_1_diff1": 0.815964,
        "nauc_recall_at_3_max": 0.63194,
        "nauc_recall_at_3_std": -0.29034,
        "nauc_recall_at_3_diff1": 0.766948,
        "nauc_recall_at_5_max": 0.674945,
        "nauc_recall_at_5_std": -0.285581,
        "nauc_recall_at_5_diff1": 0.759916,
        "nauc_recall_at_10_max": 0.785284,
        "nauc_recall_at_10_std": -0.155294,
        "nauc_recall_at_10_diff1": 0.773448,
        "nauc_recall_at_20_max": 0.820248,
        "nauc_recall_at_20_std": -0.143972,
        "nauc_recall_at_20_diff1": 0.771644,
        "nauc_recall_at_100_max": 0.867414,
        "nauc_recall_at_100_std": -0.098413,
        "nauc_recall_at_100_diff1": 0.754902,
        "nauc_recall_at_1000_max": 1.0,
        "nauc_recall_at_1000_std": 1.0,
        "nauc_recall_at_1000_diff1": 0.358077,
        "nauc_precision_at_1_max": 0.476395,
        "nauc_precision_at_1_std": -0.271041,
        "nauc_precision_at_1_diff1": 0.815964,
        "nauc_precision_at_3_max": 0.63194,
        "nauc_precision_at_3_std": -0.29034,
        "nauc_precision_at_3_diff1": 0.766948,
        "nauc_precision_at_5_max": 0.674945,
        "nauc_precision_at_5_std": -0.285581,
        "nauc_precision_at_5_diff1": 0.759916,
        "nauc_precision_at_10_max": 0.785284,
        "nauc_precision_at_10_std": -0.155294,
        "nauc_precision_at_10_diff1": 0.773448,
        "nauc_precision_at_20_max": 0.820248,
        "nauc_precision_at_20_std": -0.143972,
        "nauc_precision_at_20_diff1": 0.771644,
        "nauc_precision_at_100_max": 0.867414,
        "nauc_precision_at_100_std": -0.098413,
        "nauc_precision_at_100_diff1": 0.754902,
        "nauc_precision_at_1000_max": 1.0,
        "nauc_precision_at_1000_std": 1.0,
        "nauc_precision_at_1000_diff1": 0.358077,
        "nauc_mrr_at_1_max": 0.476715,
        "nauc_mrr_at_1_std": -0.271693,
        "nauc_mrr_at_1_diff1": 0.815645,
        "nauc_mrr_at_3_max": 0.517463,
        "nauc_mrr_at_3_std": -0.278158,
        "nauc_mrr_at_3_diff1": 0.799941,
        "nauc_mrr_at_5_max": 0.515913,
        "nauc_mrr_at_5_std": -0.277416,
        "nauc_mrr_at_5_diff1": 0.800862,
        "nauc_mrr_at_10_max": 0.516107,
        "nauc_mrr_at_10_std": -0.272499,
        "nauc_mrr_at_10_diff1": 0.802134,
        "nauc_mrr_at_20_max": 0.514301,
        "nauc_mrr_at_20_std": -0.273381,
        "nauc_mrr_at_20_diff1": 0.802368,
        "nauc_mrr_at_100_max": 0.513652,
        "nauc_mrr_at_100_std": -0.273568,
        "nauc_mrr_at_100_diff1": 0.802415,
        "nauc_mrr_at_1000_max": 0.513571,
        "nauc_mrr_at_1000_std": -0.273588,
        "nauc_mrr_at_1000_diff1": 0.802419,
        "hit_rate_at_1": 0.8052,
        "hit_rate_at_3": 0.9258,
        "hit_rate_at_5": 0.9516,
        "hit_rate_at_10": 0.9722,
        "hit_rate_at_20": 0.9856,
        "hit_rate_at_100": 0.995,
        "hit_rate_at_1000": 0.9998,
        "main_score": 0.89507,
        "hf_subset": "default",
        "languages": [
          "eng-Latn"
        ]
      }
    ]
  },
  "evaluation_time": 471.4003257751465,
  "kg_co2_emissions": null,
  "date": 1776404411.769856
}