{
  "dataset_revision": "5d958fb6b31055495347724d46431ba41309b03a",
  "task_name": "ChemNQRetrieval",
  "mteb_version": "2.12.15",
  "scores": {
    "test": [
      {
        "ndcg_at_1": 0.51852,
        "ndcg_at_3": 0.56302,
        "ndcg_at_5": 0.60371,
        "ndcg_at_10": 0.6252,
        "ndcg_at_20": 0.64007,
        "ndcg_at_100": 0.66473,
        "ndcg_at_1000": 0.67088,
        "map_at_1": 0.40123,
        "map_at_3": 0.51852,
        "map_at_5": 0.54444,
        "map_at_10": 0.55535,
        "map_at_20": 0.56031,
        "map_at_100": 0.56421,
        "map_at_1000": 0.56444,
        "recall_at_1": 0.40123,
        "recall_at_3": 0.62346,
        "recall_at_5": 0.71605,
        "recall_at_10": 0.7716,
        "recall_at_20": 0.82716,
        "recall_at_100": 0.95062,
        "recall_at_1000": 1.0,
        "accuracy": 0.40123,
        "precision_at_1": 0.51852,
        "precision_at_3": 0.25926,
        "precision_at_5": 0.17778,
        "precision_at_10": 0.1,
        "precision_at_20": 0.0537,
        "precision_at_100": 0.01222,
        "precision_at_1000": 0.0013,
        "mrr_at_1": 0.518519,
        "mrr_at_3": 0.598765,
        "mrr_at_5": 0.617284,
        "mrr_at_10": 0.623457,
        "mrr_at_20": 0.625772,
        "mrr_at_100": 0.629416,
        "mrr_at_1000": 0.629467,
        "nauc_ndcg_at_1_max": 0.396955,
        "nauc_ndcg_at_1_std": 0.17183,
        "nauc_ndcg_at_1_diff1": 0.309019,
        "nauc_ndcg_at_3_max": 0.185043,
        "nauc_ndcg_at_3_std": -0.003376,
        "nauc_ndcg_at_3_diff1": 0.278964,
        "nauc_ndcg_at_5_max": 0.222617,
        "nauc_ndcg_at_5_std": 0.026424,
        "nauc_ndcg_at_5_diff1": 0.226846,
        "nauc_ndcg_at_10_max": 0.341384,
        "nauc_ndcg_at_10_std": 0.165973,
        "nauc_ndcg_at_10_diff1": 0.275793,
        "nauc_ndcg_at_20_max": 0.32653,
        "nauc_ndcg_at_20_std": 0.156562,
        "nauc_ndcg_at_20_diff1": 0.34917,
        "nauc_ndcg_at_100_max": 0.274547,
        "nauc_ndcg_at_100_std": 0.099012,
        "nauc_ndcg_at_100_diff1": 0.316278,
        "nauc_ndcg_at_1000_max": 0.286676,
        "nauc_ndcg_at_1000_std": 0.107274,
        "nauc_ndcg_at_1000_diff1": 0.305342,
        "nauc_map_at_1_max": 0.212528,
        "nauc_map_at_1_std": 0.146715,
        "nauc_map_at_1_diff1": 0.217421,
        "nauc_map_at_3_max": 0.155613,
        "nauc_map_at_3_std": -0.004745,
        "nauc_map_at_3_diff1": 0.282558,
        "nauc_map_at_5_max": 0.187282,
        "nauc_map_at_5_std": 0.01546,
        "nauc_map_at_5_diff1": 0.247734,
        "nauc_map_at_10_max": 0.241238,
        "nauc_map_at_10_std": 0.0789,
        "nauc_map_at_10_diff1": 0.271507,
        "nauc_map_at_20_max": 0.237922,
        "nauc_map_at_20_std": 0.075726,
        "nauc_map_at_20_diff1": 0.28868,
        "nauc_map_at_100_max": 0.230232,
        "nauc_map_at_100_std": 0.067699,
        "nauc_map_at_100_diff1": 0.28424,
        "nauc_map_at_1000_max": 0.23023,
        "nauc_map_at_1000_std": 0.067615,
        "nauc_map_at_1000_diff1": 0.284019,
        "nauc_recall_at_1_max": 0.212528,
        "nauc_recall_at_1_std": 0.146715,
        "nauc_recall_at_1_diff1": 0.217421,
        "nauc_recall_at_3_max": 0.079765,
        "nauc_recall_at_3_std": -0.093393,
        "nauc_recall_at_3_diff1": 0.229751,
        "nauc_recall_at_5_max": 0.145878,
        "nauc_recall_at_5_std": -0.037498,
        "nauc_recall_at_5_diff1": 0.088474,
        "nauc_recall_at_10_max": 0.544267,
        "nauc_recall_at_10_std": 0.422871,
        "nauc_recall_at_10_diff1": 0.244074,
        "nauc_recall_at_20_max": 0.50756,
        "nauc_recall_at_20_std": 0.437483,
        "nauc_recall_at_20_diff1": 0.716772,
        "nauc_recall_at_100_max": -0.34008,
        "nauc_recall_at_100_std": -0.34008,
        "nauc_recall_at_100_diff1": 0.740123,
        "nauc_recall_at_1000_max": NaN,
        "nauc_recall_at_1000_std": NaN,
        "nauc_recall_at_1000_diff1": NaN,
        "nauc_precision_at_1_max": 0.396955,
        "nauc_precision_at_1_std": 0.17183,
        "nauc_precision_at_1_diff1": 0.309019,
        "nauc_precision_at_3_max": 0.235149,
        "nauc_precision_at_3_std": -0.112476,
        "nauc_precision_at_3_diff1": 0.335666,
        "nauc_precision_at_5_max": 0.340228,
        "nauc_precision_at_5_std": -0.035591,
        "nauc_precision_at_5_diff1": 0.167943,
        "nauc_precision_at_10_max": 0.629581,
        "nauc_precision_at_10_std": 0.390857,
        "nauc_precision_at_10_diff1": 0.271055,
        "nauc_precision_at_20_max": 0.587624,
        "nauc_precision_at_20_std": 0.361404,
        "nauc_precision_at_20_diff1": 0.43619,
        "nauc_precision_at_100_max": 0.423924,
        "nauc_precision_at_100_std": 0.17646,
        "nauc_precision_at_100_diff1": 0.289123,
        "nauc_precision_at_1000_max": 0.414648,
        "nauc_precision_at_1000_std": 0.184544,
        "nauc_precision_at_1000_diff1": 0.15227,
        "nauc_mrr_at_1_max": 0.396955,
        "nauc_mrr_at_1_std": 0.17183,
        "nauc_mrr_at_1_diff1": 0.309019,
        "nauc_mrr_at_3_max": 0.352778,
        "nauc_mrr_at_3_std": 0.098924,
        "nauc_mrr_at_3_diff1": 0.295047,
        "nauc_mrr_at_5_max": 0.351598,
        "nauc_mrr_at_5_std": 0.110229,
        "nauc_mrr_at_5_diff1": 0.282495,
        "nauc_mrr_at_10_max": 0.382842,
        "nauc_mrr_at_10_std": 0.149055,
        "nauc_mrr_at_10_diff1": 0.290613,
        "nauc_mrr_at_20_max": 0.378521,
        "nauc_mrr_at_20_std": 0.147214,
        "nauc_mrr_at_20_diff1": 0.306666,
        "nauc_mrr_at_100_max": 0.372444,
        "nauc_mrr_at_100_std": 0.14003,
        "nauc_mrr_at_100_diff1": 0.30245,
        "nauc_mrr_at_1000_max": 0.372612,
        "nauc_mrr_at_1000_std": 0.140157,
        "nauc_mrr_at_1000_diff1": 0.30235,
        "hit_rate_at_1": 0.51852,
        "hit_rate_at_3": 0.7037,
        "hit_rate_at_5": 0.77778,
        "hit_rate_at_10": 0.81481,
        "hit_rate_at_20": 0.85185,
        "hit_rate_at_100": 0.96296,
        "hit_rate_at_1000": 1.0,
        "main_score": 0.6252,
        "hf_subset": "default",
        "languages": [
          "eng-Latn"
        ]
      }
    ]
  },
  "evaluation_time": 71.6760687828064,
  "kg_co2_emissions": null,
  "date": 1775778917.50134
}