{
  "dataset_revision": "5377aa18f309ec440ff6325a4c2cd3362c2cb8d7",
  "task_name": "ChemRxivRetrieval",
  "mteb_version": "2.12.20",
  "scores": {
    "test": [
      {
        "ndcg_at_1": 0.8148,
        "ndcg_at_3": 0.88472,
        "ndcg_at_5": 0.89475,
        "ndcg_at_10": 0.9015,
        "ndcg_at_20": 0.90411,
        "ndcg_at_100": 0.90584,
        "ndcg_at_1000": 0.90641,
        "map_at_1": 0.8148,
        "map_at_3": 0.8684,
        "map_at_5": 0.87395,
        "map_at_10": 0.87679,
        "map_at_20": 0.87752,
        "map_at_100": 0.87779,
        "map_at_1000": 0.87781,
        "recall_at_1": 0.8148,
        "recall_at_3": 0.9316,
        "recall_at_5": 0.956,
        "recall_at_10": 0.9766,
        "recall_at_20": 0.9868,
        "recall_at_100": 0.9958,
        "recall_at_1000": 1.0,
        "accuracy": 0.8148,
        "precision_at_1": 0.8148,
        "precision_at_3": 0.31053,
        "precision_at_5": 0.1912,
        "precision_at_10": 0.09766,
        "precision_at_20": 0.04934,
        "precision_at_100": 0.00996,
        "precision_at_1000": 0.001,
        "mrr_at_1": 0.8148,
        "mrr_at_3": 0.868267,
        "mrr_at_5": 0.873997,
        "mrr_at_10": 0.876774,
        "mrr_at_20": 0.877501,
        "mrr_at_100": 0.877767,
        "mrr_at_1000": 0.877793,
        "nauc_ndcg_at_1_max": 0.499914,
        "nauc_ndcg_at_1_std": -0.272446,
        "nauc_ndcg_at_1_diff1": 0.825874,
        "nauc_ndcg_at_3_max": 0.559169,
        "nauc_ndcg_at_3_std": -0.274818,
        "nauc_ndcg_at_3_diff1": 0.805794,
        "nauc_ndcg_at_5_max": 0.557992,
        "nauc_ndcg_at_5_std": -0.27228,
        "nauc_ndcg_at_5_diff1": 0.808414,
        "nauc_ndcg_at_10_max": 0.551194,
        "nauc_ndcg_at_10_std": -0.268698,
        "nauc_ndcg_at_10_diff1": 0.809658,
        "nauc_ndcg_at_20_max": 0.546802,
        "nauc_ndcg_at_20_std": -0.267051,
        "nauc_ndcg_at_20_diff1": 0.810511,
        "nauc_ndcg_at_100_max": 0.542875,
        "nauc_ndcg_at_100_std": -0.269025,
        "nauc_ndcg_at_100_diff1": 0.811248,
        "nauc_ndcg_at_1000_max": 0.540668,
        "nauc_ndcg_at_1000_std": -0.269925,
        "nauc_ndcg_at_1000_diff1": 0.81158,
        "nauc_map_at_1_max": 0.499914,
        "nauc_map_at_1_std": -0.272446,
        "nauc_map_at_1_diff1": 0.825874,
        "nauc_map_at_3_max": 0.53982,
        "nauc_map_at_3_std": -0.274825,
        "nauc_map_at_3_diff1": 0.810778,
        "nauc_map_at_5_max": 0.538403,
        "nauc_map_at_5_std": -0.27339,
        "nauc_map_at_5_diff1": 0.812198,
        "nauc_map_at_10_max": 0.535709,
        "nauc_map_at_10_std": -0.271838,
        "nauc_map_at_10_diff1": 0.812792,
        "nauc_map_at_20_max": 0.534708,
        "nauc_map_at_20_std": -0.271554,
        "nauc_map_at_20_diff1": 0.812999,
        "nauc_map_at_100_max": 0.534252,
        "nauc_map_at_100_std": -0.271719,
        "nauc_map_at_100_diff1": 0.81308,
        "nauc_map_at_1000_max": 0.534174,
        "nauc_map_at_1000_std": -0.271719,
        "nauc_map_at_1000_diff1": 0.813088,
        "nauc_recall_at_1_max": 0.499914,
        "nauc_recall_at_1_std": -0.272446,
        "nauc_recall_at_1_diff1": 0.825874,
        "nauc_recall_at_3_max": 0.661757,
        "nauc_recall_at_3_std": -0.27417,
        "nauc_recall_at_3_diff1": 0.780586,
        "nauc_recall_at_5_max": 0.711828,
        "nauc_recall_at_5_std": -0.26252,
        "nauc_recall_at_5_diff1": 0.781581,
        "nauc_recall_at_10_max": 0.761629,
        "nauc_recall_at_10_std": -0.219676,
        "nauc_recall_at_10_diff1": 0.771138,
        "nauc_recall_at_20_max": 0.800703,
        "nauc_recall_at_20_std": -0.13306,
        "nauc_recall_at_20_diff1": 0.764607,
        "nauc_recall_at_100_max": 0.894736,
        "nauc_recall_at_100_std": -0.090258,
        "nauc_recall_at_100_diff1": 0.753235,
        "nauc_recall_at_1000_max": NaN,
        "nauc_recall_at_1000_std": NaN,
        "nauc_recall_at_1000_diff1": NaN,
        "nauc_precision_at_1_max": 0.499914,
        "nauc_precision_at_1_std": -0.272446,
        "nauc_precision_at_1_diff1": 0.825874,
        "nauc_precision_at_3_max": 0.661757,
        "nauc_precision_at_3_std": -0.27417,
        "nauc_precision_at_3_diff1": 0.780586,
        "nauc_precision_at_5_max": 0.711828,
        "nauc_precision_at_5_std": -0.26252,
        "nauc_precision_at_5_diff1": 0.781581,
        "nauc_precision_at_10_max": 0.761629,
        "nauc_precision_at_10_std": -0.219676,
        "nauc_precision_at_10_diff1": 0.771138,
        "nauc_precision_at_20_max": 0.800703,
        "nauc_precision_at_20_std": -0.13306,
        "nauc_precision_at_20_diff1": 0.764607,
        "nauc_precision_at_100_max": 0.894736,
        "nauc_precision_at_100_std": -0.090258,
        "nauc_precision_at_100_diff1": 0.753235,
        "nauc_precision_at_1000_max": 1.0,
        "nauc_precision_at_1000_std": 1.0,
        "nauc_precision_at_1000_diff1": 1.0,
        "nauc_mrr_at_1_max": 0.499914,
        "nauc_mrr_at_1_std": -0.272446,
        "nauc_mrr_at_1_diff1": 0.825874,
        "nauc_mrr_at_3_max": 0.53982,
        "nauc_mrr_at_3_std": -0.275234,
        "nauc_mrr_at_3_diff1": 0.810978,
        "nauc_mrr_at_5_max": 0.538233,
        "nauc_mrr_at_5_std": -0.273285,
        "nauc_mrr_at_5_diff1": 0.812273,
        "nauc_mrr_at_10_max": 0.535681,
        "nauc_mrr_at_10_std": -0.271912,
        "nauc_mrr_at_10_diff1": 0.812849,
        "nauc_mrr_at_20_max": 0.534678,
        "nauc_mrr_at_20_std": -0.271625,
        "nauc_mrr_at_20_diff1": 0.813055,
        "nauc_mrr_at_100_max": 0.534222,
        "nauc_mrr_at_100_std": -0.27179,
        "nauc_mrr_at_100_diff1": 0.813136,
        "nauc_mrr_at_1000_max": 0.534144,
        "nauc_mrr_at_1000_std": -0.27179,
        "nauc_mrr_at_1000_diff1": 0.813144,
        "hit_rate_at_1": 0.8148,
        "hit_rate_at_3": 0.9316,
        "hit_rate_at_5": 0.956,
        "hit_rate_at_10": 0.9766,
        "hit_rate_at_20": 0.9868,
        "hit_rate_at_100": 0.9958,
        "hit_rate_at_1000": 1.0,
        "main_score": 0.9015,
        "hf_subset": "default",
        "languages": [
          "eng-Latn"
        ]
      }
    ]
  },
  "evaluation_time": 470.09461879730225,
  "kg_co2_emissions": null,
  "date": 1776405135.617021
}