{
  "dataset_revision": "1840e8a5ac6ec752bbdd97d543ead0189bc7c25b",
  "task_name": "ChemHotpotQARetrieval",
  "mteb_version": "2.12.20",
  "scores": {
    "train": [
      {
        "ndcg_at_1": 0.83333,
        "ndcg_at_3": 0.87188,
        "ndcg_at_5": 0.88526,
        "ndcg_at_10": 0.89027,
        "ndcg_at_20": 0.89386,
        "ndcg_at_100": 0.89714,
        "ndcg_at_1000": 0.89841,
        "map_at_1": 0.81389,
        "map_at_3": 0.85833,
        "map_at_5": 0.86556,
        "map_at_10": 0.86741,
        "map_at_20": 0.86847,
        "map_at_100": 0.86904,
        "map_at_1000": 0.86907,
        "recall_at_1": 0.81389,
        "recall_at_3": 0.90278,
        "recall_at_5": 0.93611,
        "recall_at_10": 0.95278,
        "recall_at_20": 0.96667,
        "recall_at_100": 0.98333,
        "recall_at_1000": 0.99444,
        "accuracy": 0.81389,
        "precision_at_1": 0.83333,
        "precision_at_3": 0.31111,
        "precision_at_5": 0.19333,
        "precision_at_10": 0.09833,
        "precision_at_20": 0.05,
        "precision_at_100": 0.01022,
        "precision_at_1000": 0.00103,
        "mrr_at_1": 0.833333,
        "mrr_at_3": 0.867593,
        "mrr_at_5": 0.874815,
        "mrr_at_10": 0.876667,
        "mrr_at_20": 0.877407,
        "mrr_at_100": 0.877682,
        "mrr_at_1000": 0.87771,
        "nauc_ndcg_at_1_max": 0.623826,
        "nauc_ndcg_at_1_std": -0.239918,
        "nauc_ndcg_at_1_diff1": 0.922496,
        "nauc_ndcg_at_3_max": 0.493578,
        "nauc_ndcg_at_3_std": -0.346147,
        "nauc_ndcg_at_3_diff1": 0.787043,
        "nauc_ndcg_at_5_max": 0.459446,
        "nauc_ndcg_at_5_std": -0.379091,
        "nauc_ndcg_at_5_diff1": 0.777856,
        "nauc_ndcg_at_10_max": 0.459116,
        "nauc_ndcg_at_10_std": -0.36875,
        "nauc_ndcg_at_10_diff1": 0.775836,
        "nauc_ndcg_at_20_max": 0.450192,
        "nauc_ndcg_at_20_std": -0.357712,
        "nauc_ndcg_at_20_diff1": 0.777722,
        "nauc_ndcg_at_100_max": 0.469473,
        "nauc_ndcg_at_100_std": -0.321313,
        "nauc_ndcg_at_100_diff1": 0.805184,
        "nauc_ndcg_at_1000_max": 0.472336,
        "nauc_ndcg_at_1000_std": -0.324851,
        "nauc_ndcg_at_1000_diff1": 0.804602,
        "nauc_map_at_1_max": 0.490087,
        "nauc_map_at_1_std": -0.311346,
        "nauc_map_at_1_diff1": 0.832499,
        "nauc_map_at_3_max": 0.493567,
        "nauc_map_at_3_std": -0.336172,
        "nauc_map_at_3_diff1": 0.779476,
        "nauc_map_at_5_max": 0.477977,
        "nauc_map_at_5_std": -0.348794,
        "nauc_map_at_5_diff1": 0.774469,
        "nauc_map_at_10_max": 0.478147,
        "nauc_map_at_10_std": -0.345177,
        "nauc_map_at_10_diff1": 0.7738,
        "nauc_map_at_20_max": 0.476602,
        "nauc_map_at_20_std": -0.341904,
        "nauc_map_at_20_diff1": 0.774667,
        "nauc_map_at_100_max": 0.48095,
        "nauc_map_at_100_std": -0.336045,
        "nauc_map_at_100_diff1": 0.779862,
        "nauc_map_at_1000_max": 0.480992,
        "nauc_map_at_1000_std": -0.336061,
        "nauc_map_at_1000_diff1": 0.779858,
        "nauc_recall_at_1_max": 0.490087,
        "nauc_recall_at_1_std": -0.311346,
        "nauc_recall_at_1_diff1": 0.832499,
        "nauc_recall_at_3_max": 0.378217,
        "nauc_recall_at_3_std": -0.451105,
        "nauc_recall_at_3_diff1": 0.677507,
        "nauc_recall_at_5_max": 0.167154,
        "nauc_recall_at_5_std": -0.662384,
        "nauc_recall_at_5_diff1": 0.57969,
        "nauc_recall_at_10_max": 0.061542,
        "nauc_recall_at_10_std": -0.685753,
        "nauc_recall_at_10_diff1": 0.494782,
        "nauc_recall_at_20_max": -0.212807,
        "nauc_recall_at_20_std": -0.704015,
        "nauc_recall_at_20_diff1": 0.400949,
        "nauc_recall_at_100_max": -0.419701,
        "nauc_recall_at_100_std": -0.060224,
        "nauc_recall_at_100_diff1": 0.758792,
        "nauc_recall_at_1000_max": -1.739963,
        "nauc_recall_at_1000_std": -0.171335,
        "nauc_recall_at_1000_diff1": 0.554155,
        "nauc_precision_at_1_max": 0.623826,
        "nauc_precision_at_1_std": -0.239918,
        "nauc_precision_at_1_diff1": 0.922496,
        "nauc_precision_at_3_max": 0.418564,
        "nauc_precision_at_3_std": -0.17318,
        "nauc_precision_at_3_diff1": 0.448943,
        "nauc_precision_at_5_max": 0.29118,
        "nauc_precision_at_5_std": -0.219858,
        "nauc_precision_at_5_diff1": 0.304366,
        "nauc_precision_at_10_max": 0.253528,
        "nauc_precision_at_10_std": -0.138987,
        "nauc_precision_at_10_diff1": 0.193499,
        "nauc_precision_at_20_max": 0.122474,
        "nauc_precision_at_20_std": -0.003919,
        "nauc_precision_at_20_diff1": 0.061305,
        "nauc_precision_at_100_max": 0.226326,
        "nauc_precision_at_100_std": 0.377457,
        "nauc_precision_at_100_diff1": 0.161433,
        "nauc_precision_at_1000_max": 0.224186,
        "nauc_precision_at_1000_std": 0.435443,
        "nauc_precision_at_1000_diff1": 0.055258,
        "nauc_mrr_at_1_max": 0.623826,
        "nauc_mrr_at_1_std": -0.239918,
        "nauc_mrr_at_1_diff1": 0.922496,
        "nauc_mrr_at_3_max": 0.590461,
        "nauc_mrr_at_3_std": -0.276652,
        "nauc_mrr_at_3_diff1": 0.89534,
        "nauc_mrr_at_5_max": 0.579639,
        "nauc_mrr_at_5_std": -0.286548,
        "nauc_mrr_at_5_diff1": 0.896946,
        "nauc_mrr_at_10_max": 0.581407,
        "nauc_mrr_at_10_std": -0.281714,
        "nauc_mrr_at_10_diff1": 0.898143,
        "nauc_mrr_at_20_max": 0.579598,
        "nauc_mrr_at_20_std": -0.278557,
        "nauc_mrr_at_20_diff1": 0.898324,
        "nauc_mrr_at_100_max": 0.579121,
        "nauc_mrr_at_100_std": -0.275754,
        "nauc_mrr_at_100_diff1": 0.898155,
        "nauc_mrr_at_1000_max": 0.579189,
        "nauc_mrr_at_1000_std": -0.275757,
        "nauc_mrr_at_1000_diff1": 0.898179,
        "hit_rate_at_1": 0.83333,
        "hit_rate_at_3": 0.91111,
        "hit_rate_at_5": 0.94444,
        "hit_rate_at_10": 0.96111,
        "hit_rate_at_20": 0.97222,
        "hit_rate_at_100": 0.98333,
        "hit_rate_at_1000": 0.99444,
        "main_score": 0.89027,
        "hf_subset": "default",
        "languages": [
          "eng-Latn"
        ]
      }
    ],
    "dev": [
      {
        "ndcg_at_1": 0.875,
        "ndcg_at_3": 0.875,
        "ndcg_at_5": 0.875,
        "ndcg_at_10": 0.875,
        "ndcg_at_20": 0.875,
        "ndcg_at_100": 0.89652,
        "ndcg_at_1000": 0.89652,
        "map_at_1": 0.875,
        "map_at_3": 0.875,
        "map_at_5": 0.875,
        "map_at_10": 0.875,
        "map_at_20": 0.875,
        "map_at_100": 0.87727,
        "map_at_1000": 0.87727,
        "recall_at_1": 0.875,
        "recall_at_3": 0.875,
        "recall_at_5": 0.875,
        "recall_at_10": 0.875,
        "recall_at_20": 0.875,
        "recall_at_100": 1.0,
        "recall_at_1000": 1.0,
        "accuracy": 0.875,
        "precision_at_1": 0.875,
        "precision_at_3": 0.29167,
        "precision_at_5": 0.175,
        "precision_at_10": 0.0875,
        "precision_at_20": 0.04375,
        "precision_at_100": 0.01,
        "precision_at_1000": 0.001,
        "mrr_at_1": 0.875,
        "mrr_at_3": 0.875,
        "mrr_at_5": 0.875,
        "mrr_at_10": 0.875,
        "mrr_at_20": 0.875,
        "mrr_at_100": 0.877273,
        "mrr_at_1000": 0.877273,
        "nauc_ndcg_at_1_max": 0.865546,
        "nauc_ndcg_at_1_std": 0.865546,
        "nauc_ndcg_at_1_diff1": 0.865546,
        "nauc_ndcg_at_3_max": 0.865546,
        "nauc_ndcg_at_3_std": 0.865546,
        "nauc_ndcg_at_3_diff1": 0.865546,
        "nauc_ndcg_at_5_max": 0.865546,
        "nauc_ndcg_at_5_std": 0.865546,
        "nauc_ndcg_at_5_diff1": 0.865546,
        "nauc_ndcg_at_10_max": 0.865546,
        "nauc_ndcg_at_10_std": 0.865546,
        "nauc_ndcg_at_10_diff1": 0.865546,
        "nauc_ndcg_at_20_max": 0.865546,
        "nauc_ndcg_at_20_std": 0.865546,
        "nauc_ndcg_at_20_diff1": 0.865546,
        "nauc_ndcg_at_100_max": 0.865546,