{
  "dataset_revision": "1840e8a5ac6ec752bbdd97d543ead0189bc7c25b",
  "task_name": "ChemHotpotQARetrieval",
  "mteb_version": "2.12.15",
  "scores": {
    "train": [
      {
        "ndcg_at_1": 0.81667,
        "ndcg_at_3": 0.856,
        "ndcg_at_5": 0.86533,
        "ndcg_at_10": 0.87598,
        "ndcg_at_20": 0.88082,
        "ndcg_at_100": 0.88437,
        "ndcg_at_1000": 0.88583,
        "map_at_1": 0.8,
        "map_at_3": 0.84306,
        "map_at_5": 0.84833,
        "map_at_10": 0.85265,
        "map_at_20": 0.85397,
        "map_at_100": 0.85467,
        "map_at_1000": 0.85473,
        "recall_at_1": 0.8,
        "recall_at_3": 0.88611,
        "recall_at_5": 0.90833,
        "recall_at_10": 0.94167,
        "recall_at_20": 0.96111,
        "recall_at_100": 0.97778,
        "recall_at_1000": 0.98889,
        "accuracy": 0.8,
        "precision_at_1": 0.81667,
        "precision_at_3": 0.30556,
        "precision_at_5": 0.18778,
        "precision_at_10": 0.09722,
        "precision_at_20": 0.04972,
        "precision_at_100": 0.01017,
        "precision_at_1000": 0.00103,
        "mrr_at_1": 0.816667,
        "mrr_at_3": 0.850926,
        "mrr_at_5": 0.856204,
        "mrr_at_10": 0.860522,
        "mrr_at_20": 0.861551,
        "mrr_at_100": 0.861919,
        "mrr_at_1000": 0.861981,
        "nauc_ndcg_at_1_max": 0.619183,
        "nauc_ndcg_at_1_std": -0.178759,
        "nauc_ndcg_at_1_diff1": 0.90028,
        "nauc_ndcg_at_3_max": 0.540821,
        "nauc_ndcg_at_3_std": -0.280032,
        "nauc_ndcg_at_3_diff1": 0.797079,
        "nauc_ndcg_at_5_max": 0.511515,
        "nauc_ndcg_at_5_std": -0.350354,
        "nauc_ndcg_at_5_diff1": 0.790241,
        "nauc_ndcg_at_10_max": 0.497296,
        "nauc_ndcg_at_10_std": -0.323566,
        "nauc_ndcg_at_10_diff1": 0.784886,
        "nauc_ndcg_at_20_max": 0.484192,
        "nauc_ndcg_at_20_std": -0.323186,
        "nauc_ndcg_at_20_diff1": 0.784652,
        "nauc_ndcg_at_100_max": 0.508634,
        "nauc_ndcg_at_100_std": -0.297018,
        "nauc_ndcg_at_100_diff1": 0.809281,
        "nauc_ndcg_at_1000_max": 0.506896,
        "nauc_ndcg_at_1000_std": -0.293452,
        "nauc_ndcg_at_1000_diff1": 0.811461,
        "nauc_map_at_1_max": 0.50126,
        "nauc_map_at_1_std": -0.269359,
        "nauc_map_at_1_diff1": 0.830983,
        "nauc_map_at_3_max": 0.52891,
        "nauc_map_at_3_std": -0.285963,
        "nauc_map_at_3_diff1": 0.786875,
        "nauc_map_at_5_max": 0.513699,
        "nauc_map_at_5_std": -0.321495,
        "nauc_map_at_5_diff1": 0.783031,
        "nauc_map_at_10_max": 0.508313,
        "nauc_map_at_10_std": -0.313098,
        "nauc_map_at_10_diff1": 0.781057,
        "nauc_map_at_20_max": 0.505473,
        "nauc_map_at_20_std": -0.312111,
        "nauc_map_at_20_diff1": 0.780928,
        "nauc_map_at_100_max": 0.510494,
        "nauc_map_at_100_std": -0.307829,
        "nauc_map_at_100_diff1": 0.786061,
        "nauc_map_at_1000_max": 0.510394,
        "nauc_map_at_1000_std": -0.307714,
        "nauc_map_at_1000_diff1": 0.786109,
        "nauc_recall_at_1_max": 0.50126,
        "nauc_recall_at_1_std": -0.269359,
        "nauc_recall_at_1_diff1": 0.830983,
        "nauc_recall_at_3_max": 0.496459,
        "nauc_recall_at_3_std": -0.325392,
        "nauc_recall_at_3_diff1": 0.727465,
        "nauc_recall_at_5_max": 0.381391,
        "nauc_recall_at_5_std": -0.570254,
        "nauc_recall_at_5_diff1": 0.679668,
        "nauc_recall_at_10_max": 0.223934,
        "nauc_recall_at_10_std": -0.504224,
        "nauc_recall_at_10_diff1": 0.581544,
        "nauc_recall_at_20_max": -0.061891,
        "nauc_recall_at_20_std": -0.613912,
        "nauc_recall_at_20_diff1": 0.486528,
        "nauc_recall_at_100_max": 0.049603,
        "nauc_recall_at_100_std": -0.235061,
        "nauc_recall_at_100_diff1": 0.786415,
        "nauc_recall_at_1000_max": -0.514472,
        "nauc_recall_at_1000_std": 0.093371,
        "nauc_recall_at_1000_diff1": 0.934641,
        "nauc_precision_at_1_max": 0.619183,
        "nauc_precision_at_1_std": -0.178759,
        "nauc_precision_at_1_diff1": 0.90028,
        "nauc_precision_at_3_max": 0.486408,
        "nauc_precision_at_3_std": -0.103586,
        "nauc_precision_at_3_diff1": 0.490818,
        "nauc_precision_at_5_max": 0.402611,
        "nauc_precision_at_5_std": -0.251392,
        "nauc_precision_at_5_diff1": 0.419703,
        "nauc_precision_at_10_max": 0.306997,
        "nauc_precision_at_10_std": -0.088077,
        "nauc_precision_at_10_diff1": 0.257415,
        "nauc_precision_at_20_max": 0.119319,
        "nauc_precision_at_20_std": -0.008638,
        "nauc_precision_at_20_diff1": 0.076921,
        "nauc_precision_at_100_max": 0.254985,
        "nauc_precision_at_100_std": 0.307182,
        "nauc_precision_at_100_diff1": 0.161353,
        "nauc_precision_at_1000_max": 0.204392,
        "nauc_precision_at_1000_std": 0.429987,
        "nauc_precision_at_1000_diff1": 0.094097,
        "nauc_mrr_at_1_max": 0.619183,
        "nauc_mrr_at_1_std": -0.178759,
        "nauc_mrr_at_1_diff1": 0.90028,
        "nauc_mrr_at_3_max": 0.611217,
        "nauc_mrr_at_3_std": -0.217701,
        "nauc_mrr_at_3_diff1": 0.884402,
        "nauc_mrr_at_5_max": 0.598299,
        "nauc_mrr_at_5_std": -0.252471,
        "nauc_mrr_at_5_diff1": 0.88398,
        "nauc_mrr_at_10_max": 0.595377,
        "nauc_mrr_at_10_std": -0.241405,
        "nauc_mrr_at_10_diff1": 0.885176,
        "nauc_mrr_at_20_max": 0.593694,
        "nauc_mrr_at_20_std": -0.240456,
        "nauc_mrr_at_20_diff1": 0.885574,
        "nauc_mrr_at_100_max": 0.593804,
        "nauc_mrr_at_100_std": -0.239406,
        "nauc_mrr_at_100_diff1": 0.885254,
        "nauc_mrr_at_1000_max": 0.593738,
        "nauc_mrr_at_1000_std": -0.239254,
        "nauc_mrr_at_1000_diff1": 0.885351,
        "hit_rate_at_1": 0.81667,
        "hit_rate_at_3": 0.89444,
        "hit_rate_at_5": 0.91667,
        "hit_rate_at_10": 0.95,
        "hit_rate_at_20": 0.96667,
        "hit_rate_at_100": 0.97778,
        "hit_rate_at_1000": 0.98889,
        "main_score": 0.87598,
        "hf_subset": "default",
        "languages": [
          "eng-Latn"
        ]
      }
    ],
    "dev": [
      {
        "ndcg_at_1": 0.875,
        "ndcg_at_3": 0.875,
        "ndcg_at_5": 0.875,
        "ndcg_at_10": 0.875,
        "ndcg_at_20": 0.875,
        "ndcg_at_100": 0.89394,
        "ndcg_at_1000": 0.89394,
        "map_at_1": 0.875,
        "map_at_3": 0.875,
        "map_at_5": 0.875,
        "map_at_10": 0.875,
        "map_at_20": 0.875,
        "map_at_100": 0.8763,
        "map_at_1000": 0.8763,
        "recall_at_1": 0.875,
        "recall_at_3": 0.875,
        "recall_at_5": 0.875,
        "recall_at_10": 0.875,
        "recall_at_20": 0.875,
        "recall_at_100": 1.0,
        "recall_at_1000": 1.0,
        "accuracy": 0.875,
        "precision_at_1": 0.875,
        "precision_at_3": 0.29167,
        "precision_at_5": 0.175,
        "precision_at_10": 0.0875,
        "precision_at_20": 0.04375,
        "precision_at_100": 0.01,
        "precision_at_1000": 0.001,
        "mrr_at_1": 0.875,
        "mrr_at_3": 0.875,
        "mrr_at_5": 0.875,
        "mrr_at_10": 0.875,
        "mrr_at_20": 0.875,
        "mrr_at_100": 0.876302,
        "mrr_at_1000": 0.876302,
        "nauc_ndcg_at_1_max": 0.865546,
        "nauc_ndcg_at_1_std": 0.551821,
        "nauc_ndcg_at_1_diff1": 0.551821,
        "nauc_ndcg_at_3_max": 0.865546,
        "nauc_ndcg_at_3_std": 0.551821,
        "nauc_ndcg_at_3_diff1": 0.551821,
        "nauc_ndcg_at_5_max": 0.865546,
        "nauc_ndcg_at_5_std": 0.551821,
        "nauc_ndcg_at_5_diff1": 0.551821,
        "nauc_ndcg_at_10_max": 0.865546,
        "nauc_ndcg_at_10_std": 0.551821,
        "nauc_ndcg_at_10_diff1": 0.551821,
        "nauc_ndcg_at_20_max": 0.865546,
        "nauc_ndcg_at_20_std": 0.551821,
        "nauc_ndcg_at_20_diff1": 0.551821,
        "nauc_ndcg_at_100_max": 0.865546,