{
  "dataset_revision": "5d958fb6b31055495347724d46431ba41309b03a",
  "task_name": "ChemNQRetrieval",
  "mteb_version": "2.12.15",
  "scores": {
    "test": [
      {
        "ndcg_at_1": 0.44444,
        "ndcg_at_3": 0.5273,
        "ndcg_at_5": 0.58394,
        "ndcg_at_10": 0.59886,
        "ndcg_at_20": 0.6197,
        "ndcg_at_100": 0.63587,
        "ndcg_at_1000": 0.64569,
        "map_at_1": 0.34568,
        "map_at_3": 0.48457,
        "map_at_5": 0.51975,
        "map_at_10": 0.52695,
        "map_at_20": 0.53469,
        "map_at_100": 0.53792,
        "map_at_1000": 0.5385,
        "recall_at_1": 0.34568,
        "recall_at_3": 0.58642,
        "recall_at_5": 0.71605,
        "recall_at_10": 0.75309,
        "recall_at_20": 0.82716,
        "recall_at_100": 0.90123,
        "recall_at_1000": 0.96296,
        "accuracy": 0.34568,
        "precision_at_1": 0.44444,
        "precision_at_3": 0.24691,
        "precision_at_5": 0.17778,
        "precision_at_10": 0.0963,
        "precision_at_20": 0.0537,
        "precision_at_100": 0.01148,
        "precision_at_1000": 0.00126,
        "mrr_at_1": 0.444444,
        "mrr_at_3": 0.555556,
        "mrr_at_5": 0.583333,
        "mrr_at_10": 0.589506,
        "mrr_at_20": 0.591975,
        "mrr_at_100": 0.595202,
        "mrr_at_1000": 0.595487,
        "nauc_ndcg_at_1_max": 0.236794,
        "nauc_ndcg_at_1_std": -0.045046,
        "nauc_ndcg_at_1_diff1": 0.368974,
        "nauc_ndcg_at_3_max": 0.065665,
        "nauc_ndcg_at_3_std": -0.14541,
        "nauc_ndcg_at_3_diff1": 0.181645,
        "nauc_ndcg_at_5_max": 0.148329,
        "nauc_ndcg_at_5_std": -0.099276,
        "nauc_ndcg_at_5_diff1": 0.167301,
        "nauc_ndcg_at_10_max": 0.210416,
        "nauc_ndcg_at_10_std": -0.007737,
        "nauc_ndcg_at_10_diff1": 0.181106,
        "nauc_ndcg_at_20_max": 0.217637,
        "nauc_ndcg_at_20_std": 0.012611,
        "nauc_ndcg_at_20_diff1": 0.219211,
        "nauc_ndcg_at_100_max": 0.18361,
        "nauc_ndcg_at_100_std": -0.022992,
        "nauc_ndcg_at_100_diff1": 0.249267,
        "nauc_ndcg_at_1000_max": 0.165434,
        "nauc_ndcg_at_1000_std": -0.052554,
        "nauc_ndcg_at_1000_diff1": 0.23873,
        "nauc_map_at_1_max": 0.079704,
        "nauc_map_at_1_std": -0.060395,
        "nauc_map_at_1_diff1": 0.319713,
        "nauc_map_at_3_max": 0.027877,
        "nauc_map_at_3_std": -0.162619,
        "nauc_map_at_3_diff1": 0.223561,
        "nauc_map_at_5_max": 0.083138,
        "nauc_map_at_5_std": -0.134286,
        "nauc_map_at_5_diff1": 0.213759,
        "nauc_map_at_10_max": 0.112852,
        "nauc_map_at_10_std": -0.093838,
        "nauc_map_at_10_diff1": 0.221415,
        "nauc_map_at_20_max": 0.117823,
        "nauc_map_at_20_std": -0.087004,
        "nauc_map_at_20_diff1": 0.228852,
        "nauc_map_at_100_max": 0.111132,
        "nauc_map_at_100_std": -0.093951,
        "nauc_map_at_100_diff1": 0.234276,
        "nauc_map_at_1000_max": 0.110222,
        "nauc_map_at_1000_std": -0.095427,
        "nauc_map_at_1000_diff1": 0.233851,
        "nauc_recall_at_1_max": 0.079704,
        "nauc_recall_at_1_std": -0.060395,
        "nauc_recall_at_1_diff1": 0.319713,
        "nauc_recall_at_3_max": -0.019218,
        "nauc_recall_at_3_std": -0.17488,
        "nauc_recall_at_3_diff1": 0.050149,
        "nauc_recall_at_5_max": 0.165555,
        "nauc_recall_at_5_std": -0.062905,
        "nauc_recall_at_5_diff1": -0.022582,
        "nauc_recall_at_10_max": 0.377798,
        "nauc_recall_at_10_std": 0.222766,
        "nauc_recall_at_10_diff1": 0.013653,
        "nauc_recall_at_20_max": 0.438447,
        "nauc_recall_at_20_std": 0.399881,
        "nauc_recall_at_20_diff1": 0.214657,
        "nauc_recall_at_100_max": 0.188568,
        "nauc_recall_at_100_std": 0.249654,
        "nauc_recall_at_100_diff1": 0.539639,
        "nauc_recall_at_1000_max": -0.572623,
        "nauc_recall_at_1000_std": -0.572623,
        "nauc_recall_at_1000_diff1": 0.556079,
        "nauc_precision_at_1_max": 0.236794,
        "nauc_precision_at_1_std": -0.045046,
        "nauc_precision_at_1_diff1": 0.368974,
        "nauc_precision_at_3_max": 0.146624,
        "nauc_precision_at_3_std": -0.202243,
        "nauc_precision_at_3_diff1": 0.117593,
        "nauc_precision_at_5_max": 0.349023,
        "nauc_precision_at_5_std": -0.080458,
        "nauc_precision_at_5_diff1": 0.040738,
        "nauc_precision_at_10_max": 0.540933,
        "nauc_precision_at_10_std": 0.234521,
        "nauc_precision_at_10_diff1": 0.080153,
        "nauc_precision_at_20_max": 0.523017,
        "nauc_precision_at_20_std": 0.321733,
        "nauc_precision_at_20_diff1": 0.118722,
        "nauc_precision_at_100_max": 0.476969,
        "nauc_precision_at_100_std": 0.27161,
        "nauc_precision_at_100_diff1": 0.187973,
        "nauc_precision_at_1000_max": 0.316139,
        "nauc_precision_at_1000_std": 0.091695,
        "nauc_precision_at_1000_diff1": 0.110208,
        "nauc_mrr_at_1_max": 0.236794,
        "nauc_mrr_at_1_std": -0.045046,
        "nauc_mrr_at_1_diff1": 0.368974,
        "nauc_mrr_at_3_max": 0.237879,
        "nauc_mrr_at_3_std": -0.061578,
        "nauc_mrr_at_3_diff1": 0.224896,
        "nauc_mrr_at_5_max": 0.264387,
        "nauc_mrr_at_5_std": -0.041317,
        "nauc_mrr_at_5_diff1": 0.22968,
        "nauc_mrr_at_10_max": 0.280322,
        "nauc_mrr_at_10_std": -0.005697,
        "nauc_mrr_at_10_diff1": 0.230784,
        "nauc_mrr_at_20_max": 0.275073,
        "nauc_mrr_at_20_std": -0.008744,
        "nauc_mrr_at_20_diff1": 0.242621,
        "nauc_mrr_at_100_max": 0.269889,
        "nauc_mrr_at_100_std": -0.015005,
        "nauc_mrr_at_100_diff1": 0.248283,
        "nauc_mrr_at_1000_max": 0.269172,
        "nauc_mrr_at_1000_std": -0.016001,
        "nauc_mrr_at_1000_diff1": 0.247545,
        "hit_rate_at_1": 0.44444,
        "hit_rate_at_3": 0.66667,
        "hit_rate_at_5": 0.77778,
        "hit_rate_at_10": 0.81481,
        "hit_rate_at_20": 0.85185,
        "hit_rate_at_100": 0.92593,
        "hit_rate_at_1000": 0.96296,
        "main_score": 0.59886,
        "hf_subset": "default",
        "languages": [
          "eng-Latn"
        ]
      }
    ]
  },
  "evaluation_time": 70.81532883644104,
  "kg_co2_emissions": null,
  "date": 1775781696.069319
}