{
  "dataset_revision": "5d958fb6b31055495347724d46431ba41309b03a",
  "task_name": "ChemNQRetrieval",
  "mteb_version": "2.12.20",
  "scores": {
    "test": [
      {
        "ndcg_at_1": 0.40741,
        "ndcg_at_3": 0.49864,
        "ndcg_at_5": 0.53771,
        "ndcg_at_10": 0.56214,
        "ndcg_at_20": 0.59225,
        "ndcg_at_100": 0.61121,
        "ndcg_at_1000": 0.6177,
        "map_at_1": 0.29012,
        "map_at_3": 0.44444,
        "map_at_5": 0.46852,
        "map_at_10": 0.47824,
        "map_at_20": 0.48799,
        "map_at_100": 0.49161,
        "map_at_1000": 0.49199,
        "recall_at_1": 0.29012,
        "recall_at_3": 0.58642,
        "recall_at_5": 0.67901,
        "recall_at_10": 0.75309,
        "recall_at_20": 0.8642,
        "recall_at_100": 0.95062,
        "recall_at_1000": 1.0,
        "accuracy": 0.29012,
        "precision_at_1": 0.40741,
        "precision_at_3": 0.24691,
        "precision_at_5": 0.17037,
        "precision_at_10": 0.0963,
        "precision_at_20": 0.05556,
        "precision_at_100": 0.01222,
        "precision_at_1000": 0.0013,
        "mrr_at_1": 0.407407,
        "mrr_at_3": 0.524691,
        "mrr_at_5": 0.541358,
        "mrr_at_10": 0.549691,
        "mrr_at_20": 0.555527,
        "mrr_at_100": 0.558295,
        "mrr_at_1000": 0.55835,
        "nauc_ndcg_at_1_max": 0.296124,
        "nauc_ndcg_at_1_std": 0.010825,
        "nauc_ndcg_at_1_diff1": 0.28894,
        "nauc_ndcg_at_3_max": 0.308493,
        "nauc_ndcg_at_3_std": -0.033008,
        "nauc_ndcg_at_3_diff1": 0.324087,
        "nauc_ndcg_at_5_max": 0.321719,
        "nauc_ndcg_at_5_std": 0.002824,
        "nauc_ndcg_at_5_diff1": 0.305801,
        "nauc_ndcg_at_10_max": 0.402358,
        "nauc_ndcg_at_10_std": 0.069233,
        "nauc_ndcg_at_10_diff1": 0.352787,
        "nauc_ndcg_at_20_max": 0.379377,
        "nauc_ndcg_at_20_std": 0.030862,
        "nauc_ndcg_at_20_diff1": 0.309026,
        "nauc_ndcg_at_100_max": 0.354357,
        "nauc_ndcg_at_100_std": 0.006324,
        "nauc_ndcg_at_100_diff1": 0.347645,
        "nauc_ndcg_at_1000_max": 0.355839,
        "nauc_ndcg_at_1000_std": 0.018076,
        "nauc_ndcg_at_1000_diff1": 0.339314,
        "nauc_map_at_1_max": 0.155843,
        "nauc_map_at_1_std": -0.007545,
        "nauc_map_at_1_diff1": 0.344253,
        "nauc_map_at_3_max": 0.274941,
        "nauc_map_at_3_std": -0.056426,
        "nauc_map_at_3_diff1": 0.364971,
        "nauc_map_at_5_max": 0.287915,
        "nauc_map_at_5_std": -0.036195,
        "nauc_map_at_5_diff1": 0.347912,
        "nauc_map_at_10_max": 0.320984,
        "nauc_map_at_10_std": -0.008726,
        "nauc_map_at_10_diff1": 0.369851,
        "nauc_map_at_20_max": 0.315435,
        "nauc_map_at_20_std": -0.017858,
        "nauc_map_at_20_diff1": 0.358065,
        "nauc_map_at_100_max": 0.310672,
        "nauc_map_at_100_std": -0.02175,
        "nauc_map_at_100_diff1": 0.364128,
        "nauc_map_at_1000_max": 0.31043,
        "nauc_map_at_1000_std": -0.021455,
        "nauc_map_at_1000_diff1": 0.363608,
        "nauc_recall_at_1_max": 0.155843,
        "nauc_recall_at_1_std": -0.007545,
        "nauc_recall_at_1_diff1": 0.344253,
        "nauc_recall_at_3_max": 0.254812,
        "nauc_recall_at_3_std": -0.065231,
        "nauc_recall_at_3_diff1": 0.257582,
        "nauc_recall_at_5_max": 0.28663,
        "nauc_recall_at_5_std": 0.03028,
        "nauc_recall_at_5_diff1": 0.211968,
        "nauc_recall_at_10_max": 0.519054,
        "nauc_recall_at_10_std": 0.235639,
        "nauc_recall_at_10_diff1": 0.314893,
        "nauc_recall_at_20_max": 0.496111,
        "nauc_recall_at_20_std": 0.062587,
        "nauc_recall_at_20_diff1": 0.049914,
        "nauc_recall_at_100_max": 0.174292,
        "nauc_recall_at_100_std": -0.473358,
        "nauc_recall_at_100_diff1": 0.556079,
        "nauc_recall_at_1000_max": NaN,
        "nauc_recall_at_1000_std": NaN,
        "nauc_recall_at_1000_diff1": NaN,
        "nauc_precision_at_1_max": 0.296124,
        "nauc_precision_at_1_std": 0.010825,
        "nauc_precision_at_1_diff1": 0.28894,
        "nauc_precision_at_3_max": 0.386712,
        "nauc_precision_at_3_std": -0.105865,
        "nauc_precision_at_3_diff1": 0.248843,
        "nauc_precision_at_5_max": 0.416441,
        "nauc_precision_at_5_std": -0.008815,
        "nauc_precision_at_5_diff1": 0.137852,
        "nauc_precision_at_10_max": 0.671996,
        "nauc_precision_at_10_std": 0.25263,
        "nauc_precision_at_10_diff1": 0.279587,
        "nauc_precision_at_20_max": 0.614237,
        "nauc_precision_at_20_std": 0.195491,
        "nauc_precision_at_20_diff1": 0.130169,
        "nauc_precision_at_100_max": 0.521684,
        "nauc_precision_at_100_std": 0.148523,
        "nauc_precision_at_100_diff1": 0.168837,
        "nauc_precision_at_1000_max": 0.440297,
        "nauc_precision_at_1000_std": 0.209289,
        "nauc_precision_at_1000_diff1": 0.051177,
        "nauc_mrr_at_1_max": 0.296124,
        "nauc_mrr_at_1_std": 0.010825,
        "nauc_mrr_at_1_diff1": 0.28894,
        "nauc_mrr_at_3_max": 0.379164,
        "nauc_mrr_at_3_std": 0.054097,
        "nauc_mrr_at_3_diff1": 0.249925,
        "nauc_mrr_at_5_max": 0.3705,
        "nauc_mrr_at_5_std": 0.06298,
        "nauc_mrr_at_5_diff1": 0.258025,
        "nauc_mrr_at_10_max": 0.394904,
        "nauc_mrr_at_10_std": 0.083419,
        "nauc_mrr_at_10_diff1": 0.270661,
        "nauc_mrr_at_20_max": 0.382377,
        "nauc_mrr_at_20_std": 0.068785,
        "nauc_mrr_at_20_diff1": 0.258311,
        "nauc_mrr_at_100_max": 0.37914,
        "nauc_mrr_at_100_std": 0.065394,
        "nauc_mrr_at_100_diff1": 0.264374,
        "nauc_mrr_at_1000_max": 0.379188,
        "nauc_mrr_at_1000_std": 0.06551,
        "nauc_mrr_at_1000_diff1": 0.264321,
        "hit_rate_at_1": 0.40741,
        "hit_rate_at_3": 0.66667,
        "hit_rate_at_5": 0.74074,
        "hit_rate_at_10": 0.81481,
        "hit_rate_at_20": 0.88889,
        "hit_rate_at_100": 0.96296,
        "hit_rate_at_1000": 1.0,
        "main_score": 0.56214,
        "hf_subset": "default",
        "languages": [
          "eng-Latn"
        ]
      }
    ]
  },
  "evaluation_time": 69.63576102256775,
  "kg_co2_emissions": null,
  "date": 1776449180.895643
}