{
  "dataset_revision": "5377aa18f309ec440ff6325a4c2cd3362c2cb8d7",
  "task_name": "ChemRxivRetrieval",
  "mteb_version": "2.12.16",
  "scores": {
    "test": [
      {
        "ndcg_at_1": 0.68,
        "ndcg_at_3": 0.77745,
        "ndcg_at_5": 0.79781,
        "ndcg_at_10": 0.8091,
        "ndcg_at_20": 0.81507,
        "ndcg_at_100": 0.82073,
        "ndcg_at_1000": 0.82264,
        "map_at_1": 0.68,
        "map_at_3": 0.75403,
        "map_at_5": 0.76538,
        "map_at_10": 0.77014,
        "map_at_20": 0.77181,
        "map_at_100": 0.77266,
        "map_at_1000": 0.77273,
        "recall_at_1": 0.68,
        "recall_at_3": 0.845,
        "recall_at_5": 0.8942,
        "recall_at_10": 0.9286,
        "recall_at_20": 0.952,
        "recall_at_100": 0.9816,
        "recall_at_1000": 0.9964,
        "accuracy": 0.68,
        "precision_at_1": 0.68,
        "precision_at_3": 0.28167,
        "precision_at_5": 0.17884,
        "precision_at_10": 0.09286,
        "precision_at_20": 0.0476,
        "precision_at_100": 0.00982,
        "precision_at_1000": 0.001,
        "mrr_at_1": 0.6802,
        "mrr_at_3": 0.7542,
        "mrr_at_5": 0.76553,
        "mrr_at_10": 0.77029,
        "mrr_at_20": 0.771955,
        "mrr_at_100": 0.772806,
        "mrr_at_1000": 0.772882,
        "nauc_ndcg_at_1_max": 0.377626,
        "nauc_ndcg_at_1_std": -0.15175,
        "nauc_ndcg_at_1_diff1": 0.736213,
        "nauc_ndcg_at_3_max": 0.420931,
        "nauc_ndcg_at_3_std": -0.118284,
        "nauc_ndcg_at_3_diff1": 0.698948,
        "nauc_ndcg_at_5_max": 0.433148,
        "nauc_ndcg_at_5_std": -0.106965,
        "nauc_ndcg_at_5_diff1": 0.69936,
        "nauc_ndcg_at_10_max": 0.435089,
        "nauc_ndcg_at_10_std": -0.101083,
        "nauc_ndcg_at_10_diff1": 0.706259,
        "nauc_ndcg_at_20_max": 0.430654,
        "nauc_ndcg_at_20_std": -0.101718,
        "nauc_ndcg_at_20_diff1": 0.708555,
        "nauc_ndcg_at_100_max": 0.424185,
        "nauc_ndcg_at_100_std": -0.107283,
        "nauc_ndcg_at_100_diff1": 0.710355,
        "nauc_ndcg_at_1000_max": 0.4215,
        "nauc_ndcg_at_1000_std": -0.110543,
        "nauc_ndcg_at_1000_diff1": 0.710382,
        "nauc_map_at_1_max": 0.377626,
        "nauc_map_at_1_std": -0.15175,
        "nauc_map_at_1_diff1": 0.736213,
        "nauc_map_at_3_max": 0.408925,
        "nauc_map_at_3_std": -0.128257,
        "nauc_map_at_3_diff1": 0.708889,
        "nauc_map_at_5_max": 0.414412,
        "nauc_map_at_5_std": -0.123155,
        "nauc_map_at_5_diff1": 0.709515,
        "nauc_map_at_10_max": 0.414734,
        "nauc_map_at_10_std": -0.121486,
        "nauc_map_at_10_diff1": 0.712113,
        "nauc_map_at_20_max": 0.413567,
        "nauc_map_at_20_std": -0.121758,
        "nauc_map_at_20_diff1": 0.712672,
        "nauc_map_at_100_max": 0.41266,
        "nauc_map_at_100_std": -0.122372,
        "nauc_map_at_100_diff1": 0.71289,
        "nauc_map_at_1000_max": 0.412591,
        "nauc_map_at_1000_std": -0.122451,
        "nauc_map_at_1000_diff1": 0.712902,
        "nauc_recall_at_1_max": 0.377626,
        "nauc_recall_at_1_std": -0.15175,
        "nauc_recall_at_1_diff1": 0.736213,
        "nauc_recall_at_3_max": 0.470985,
        "nauc_recall_at_3_std": -0.076248,
        "nauc_recall_at_3_diff1": 0.657762,
        "nauc_recall_at_5_max": 0.541521,
        "nauc_recall_at_5_std": -0.012372,
        "nauc_recall_at_5_diff1": 0.643115,
        "nauc_recall_at_10_max": 0.605799,
        "nauc_recall_at_10_std": 0.075662,
        "nauc_recall_at_10_diff1": 0.667875,
        "nauc_recall_at_20_max": 0.629219,
        "nauc_recall_at_20_std": 0.152041,
        "nauc_recall_at_20_diff1": 0.68033,
        "nauc_recall_at_100_max": 0.666763,
        "nauc_recall_at_100_std": 0.288023,
        "nauc_recall_at_100_diff1": 0.717863,
        "nauc_recall_at_1000_max": 0.705415,
        "nauc_recall_at_1000_std": 0.727176,
        "nauc_recall_at_1000_diff1": 0.727928,
        "nauc_precision_at_1_max": 0.377626,
        "nauc_precision_at_1_std": -0.15175,
        "nauc_precision_at_1_diff1": 0.736213,
        "nauc_precision_at_3_max": 0.470985,
        "nauc_precision_at_3_std": -0.076248,
        "nauc_precision_at_3_diff1": 0.657762,
        "nauc_precision_at_5_max": 0.541521,
        "nauc_precision_at_5_std": -0.012372,
        "nauc_precision_at_5_diff1": 0.643115,
        "nauc_precision_at_10_max": 0.605799,
        "nauc_precision_at_10_std": 0.075662,
        "nauc_precision_at_10_diff1": 0.667875,
        "nauc_precision_at_20_max": 0.629219,
        "nauc_precision_at_20_std": 0.152041,
        "nauc_precision_at_20_diff1": 0.68033,
        "nauc_precision_at_100_max": 0.666763,
        "nauc_precision_at_100_std": 0.288023,
        "nauc_precision_at_100_diff1": 0.717863,
        "nauc_precision_at_1000_max": 0.705415,
        "nauc_precision_at_1000_std": 0.727176,
        "nauc_precision_at_1000_diff1": 0.727928,
        "nauc_mrr_at_1_max": 0.379069,
        "nauc_mrr_at_1_std": -0.15096,
        "nauc_mrr_at_1_diff1": 0.735775,
        "nauc_mrr_at_3_max": 0.410526,
        "nauc_mrr_at_3_std": -0.127507,
        "nauc_mrr_at_3_diff1": 0.708477,
        "nauc_mrr_at_5_max": 0.415597,
        "nauc_mrr_at_5_std": -0.122502,
        "nauc_mrr_at_5_diff1": 0.709108,
        "nauc_mrr_at_10_max": 0.415941,
        "nauc_mrr_at_10_std": -0.120823,
        "nauc_mrr_at_10_diff1": 0.711701,
        "nauc_mrr_at_20_max": 0.414784,
        "nauc_mrr_at_20_std": -0.121089,
        "nauc_mrr_at_20_diff1": 0.712258,
        "nauc_mrr_at_100_max": 0.413882,
        "nauc_mrr_at_100_std": -0.1217,
        "nauc_mrr_at_100_diff1": 0.712474,
        "nauc_mrr_at_1000_max": 0.413813,
        "nauc_mrr_at_1000_std": -0.121779,
        "nauc_mrr_at_1000_diff1": 0.712486,
        "hit_rate_at_1": 0.68,
        "hit_rate_at_3": 0.845,
        "hit_rate_at_5": 0.8942,
        "hit_rate_at_10": 0.9286,
        "hit_rate_at_20": 0.952,
        "hit_rate_at_100": 0.9816,
        "hit_rate_at_1000": 0.9964,
        "main_score": 0.8091,
        "hf_subset": "default",
        "languages": [
          "eng-Latn"
        ]
      }
    ]
  },
  "evaluation_time": 435.20280623435974,
  "kg_co2_emissions": null,
  "date": 1778638161.604427
}