{
  "dataset_revision": "1840e8a5ac6ec752bbdd97d543ead0189bc7c25b",
  "task_name": "ChemHotpotQARetrieval",
  "mteb_version": "2.12.16",
  "scores": {
    "train": [
      {
        "ndcg_at_1": 0.86667,
        "ndcg_at_3": 0.89972,
        "ndcg_at_5": 0.90641,
        "ndcg_at_10": 0.91359,
        "ndcg_at_20": 0.91818,
        "ndcg_at_100": 0.9187,
        "ndcg_at_1000": 0.92076,
        "map_at_1": 0.85,
        "map_at_3": 0.88843,
        "map_at_5": 0.89204,
        "map_at_10": 0.89499,
        "map_at_20": 0.89656,
        "map_at_100": 0.89662,
        "map_at_1000": 0.89669,
        "recall_at_1": 0.85,
        "recall_at_3": 0.925,
        "recall_at_5": 0.94167,
        "recall_at_10": 0.96389,
        "recall_at_20": 0.98056,
        "recall_at_100": 0.98333,
        "recall_at_1000": 1.0,
        "accuracy": 0.85,
        "precision_at_1": 0.86667,
        "precision_at_3": 0.31852,
        "precision_at_5": 0.19444,
        "precision_at_10": 0.09944,
        "precision_at_20": 0.05083,
        "precision_at_100": 0.01022,
        "precision_at_1000": 0.00104,
        "mrr_at_1": 0.866667,
        "mrr_at_3": 0.896296,
        "mrr_at_5": 0.899907,
        "mrr_at_10": 0.902862,
        "mrr_at_20": 0.903721,
        "mrr_at_100": 0.903721,
        "mrr_at_1000": 0.903792,
        "nauc_ndcg_at_1_max": 0.400881,
        "nauc_ndcg_at_1_std": -0.622165,
        "nauc_ndcg_at_1_diff1": 0.898448,
        "nauc_ndcg_at_3_max": 0.220883,
        "nauc_ndcg_at_3_std": -0.814765,
        "nauc_ndcg_at_3_diff1": 0.7692,
        "nauc_ndcg_at_5_max": 0.211743,
        "nauc_ndcg_at_5_std": -0.801903,
        "nauc_ndcg_at_5_diff1": 0.752269,
        "nauc_ndcg_at_10_max": 0.179611,
        "nauc_ndcg_at_10_std": -0.753022,
        "nauc_ndcg_at_10_diff1": 0.739676,
        "nauc_ndcg_at_20_max": 0.174004,
        "nauc_ndcg_at_20_std": -0.767927,
        "nauc_ndcg_at_20_diff1": 0.758979,
        "nauc_ndcg_at_100_max": 0.186504,
        "nauc_ndcg_at_100_std": -0.76098,
        "nauc_ndcg_at_100_diff1": 0.774928,
        "nauc_ndcg_at_1000_max": 0.21363,
        "nauc_ndcg_at_1000_std": -0.759787,
        "nauc_ndcg_at_1000_diff1": 0.77675,
        "nauc_map_at_1_max": 0.233051,
        "nauc_map_at_1_std": -0.67529,
        "nauc_map_at_1_diff1": 0.788815,
        "nauc_map_at_3_max": 0.228243,
        "nauc_map_at_3_std": -0.787132,
        "nauc_map_at_3_diff1": 0.750414,
        "nauc_map_at_5_max": 0.224183,
        "nauc_map_at_5_std": -0.781323,
        "nauc_map_at_5_diff1": 0.74181,
        "nauc_map_at_10_max": 0.213621,
        "nauc_map_at_10_std": -0.763016,
        "nauc_map_at_10_diff1": 0.737319,
        "nauc_map_at_20_max": 0.214251,
        "nauc_map_at_20_std": -0.766423,
        "nauc_map_at_20_diff1": 0.743381,
        "nauc_map_at_100_max": 0.215424,
        "nauc_map_at_100_std": -0.765769,
        "nauc_map_at_100_diff1": 0.744834,
        "nauc_map_at_1000_max": 0.215899,
        "nauc_map_at_1000_std": -0.76579,
        "nauc_map_at_1000_diff1": 0.744877,
        "nauc_recall_at_1_max": 0.233051,
        "nauc_recall_at_1_std": -0.67529,
        "nauc_recall_at_1_diff1": 0.788815,
        "nauc_recall_at_3_max": 0.048881,
        "nauc_recall_at_3_std": -0.978888,
        "nauc_recall_at_3_diff1": 0.671249,
        "nauc_recall_at_5_max": -0.035725,
        "nauc_recall_at_5_std": -0.966853,
        "nauc_recall_at_5_diff1": 0.57732,
        "nauc_recall_at_10_max": -0.41927,
        "nauc_recall_at_10_std": -0.732421,
        "nauc_recall_at_10_diff1": 0.377541,
        "nauc_recall_at_20_max": -1.039683,
        "nauc_recall_at_20_std": -0.972456,
        "nauc_recall_at_20_diff1": 0.364479,
        "nauc_recall_at_100_max": -0.922969,
        "nauc_recall_at_100_std": -0.844538,
        "nauc_recall_at_100_diff1": 0.715219,
        "nauc_recall_at_1000_max": NaN,
        "nauc_recall_at_1000_std": NaN,
        "nauc_recall_at_1000_diff1": NaN,
        "nauc_precision_at_1_max": 0.400881,
        "nauc_precision_at_1_std": -0.622165,
        "nauc_precision_at_1_diff1": 0.898448,
        "nauc_precision_at_3_max": 0.247316,
        "nauc_precision_at_3_std": -0.533611,
        "nauc_precision_at_3_diff1": 0.401261,
        "nauc_precision_at_5_max": 0.228953,
        "nauc_precision_at_5_std": -0.441994,
        "nauc_precision_at_5_diff1": 0.288715,
        "nauc_precision_at_10_max": 0.109025,
        "nauc_precision_at_10_std": -0.139043,
        "nauc_precision_at_10_diff1": 0.083613,
        "nauc_precision_at_20_max": 0.100146,
        "nauc_precision_at_20_std": 0.062943,
        "nauc_precision_at_20_diff1": 0.038141,
        "nauc_precision_at_100_max": 0.203291,
        "nauc_precision_at_100_std": 0.170352,
        "nauc_precision_at_100_diff1": 0.148393,
        "nauc_precision_at_1000_max": 0.480701,
        "nauc_precision_at_1000_std": 0.42033,
        "nauc_precision_at_1000_diff1": 0.008778,
        "nauc_mrr_at_1_max": 0.400881,
        "nauc_mrr_at_1_std": -0.622165,
        "nauc_mrr_at_1_diff1": 0.898448,
        "nauc_mrr_at_3_max": 0.346818,
        "nauc_mrr_at_3_std": -0.725582,
        "nauc_mrr_at_3_diff1": 0.890362,
        "nauc_mrr_at_5_max": 0.346848,
        "nauc_mrr_at_5_std": -0.717097,
        "nauc_mrr_at_5_diff1": 0.886319,
        "nauc_mrr_at_10_max": 0.33934,
        "nauc_mrr_at_10_std": -0.695473,
        "nauc_mrr_at_10_diff1": 0.885999,
        "nauc_mrr_at_20_max": 0.333854,
        "nauc_mrr_at_20_std": -0.701213,
        "nauc_mrr_at_20_diff1": 0.885509,
        "nauc_mrr_at_100_max": 0.333854,
        "nauc_mrr_at_100_std": -0.701213,
        "nauc_mrr_at_100_diff1": 0.885509,
        "nauc_mrr_at_1000_max": 0.334449,
        "nauc_mrr_at_1000_std": -0.701187,
        "nauc_mrr_at_1000_diff1": 0.885659,
        "hit_rate_at_1": 0.86667,
        "hit_rate_at_3": 0.93333,
        "hit_rate_at_5": 0.95,
        "hit_rate_at_10": 0.97222,
        "hit_rate_at_20": 0.98333,
        "hit_rate_at_100": 0.98333,
        "hit_rate_at_1000": 1.0,
        "main_score": 0.91359,
        "hf_subset": "default",
        "languages": [
          "eng-Latn"
        ]
      }
    ],
    "dev": [
      {
        "ndcg_at_1": 0.875,
        "ndcg_at_3": 0.875,
        "ndcg_at_5": 0.875,
        "ndcg_at_10": 0.875,
        "ndcg_at_20": 0.90783,
        "ndcg_at_100": 0.90783,
        "ndcg_at_1000": 0.90783,
        "map_at_1": 0.875,
        "map_at_3": 0.875,
        "map_at_5": 0.875,
        "map_at_10": 0.875,
        "map_at_20": 0.88462,
        "map_at_100": 0.88462,
        "map_at_1000": 0.88462,
        "recall_at_1": 0.875,
        "recall_at_3": 0.875,
        "recall_at_5": 0.875,
        "recall_at_10": 0.875,
        "recall_at_20": 1.0,
        "recall_at_100": 1.0,
        "recall_at_1000": 1.0,
        "accuracy": 0.875,
        "precision_at_1": 0.875,
        "precision_at_3": 0.29167,
        "precision_at_5": 0.175,
        "precision_at_10": 0.0875,
        "precision_at_20": 0.05,
        "precision_at_100": 0.01,
        "precision_at_1000": 0.001,
        "mrr_at_1": 0.875,
        "mrr_at_3": 0.875,
        "mrr_at_5": 0.875,
        "mrr_at_10": 0.875,
        "mrr_at_20": 0.884615,
        "mrr_at_100": 0.884615,
        "mrr_at_1000": 0.884615,
        "nauc_ndcg_at_1_max": 1.0,
        "nauc_ndcg_at_1_std": 0.128291,
        "nauc_ndcg_at_1_diff1": 1.0,
        "nauc_ndcg_at_3_max": 1.0,
        "nauc_ndcg_at_3_std": 0.128291,
        "nauc_ndcg_at_3_diff1": 1.0,
        "nauc_ndcg_at_5_max": 1.0,
        "nauc_ndcg_at_5_std": 0.128291,
        "nauc_ndcg_at_5_diff1": 1.0,
        "nauc_ndcg_at_10_max": 1.0,
        "nauc_ndcg_at_10_std": 0.128291,
        "nauc_ndcg_at_10_diff1": 1.0,
        "nauc_ndcg_at_20_max": 1.0,
        "nauc_ndcg_at_20_std": 0.128291,
        "nauc_ndcg_at_20_diff1": 1.0,
        "nauc_ndcg_at_100_max": 1.0,
        "nauc_ndcg_at_100_std": 0.128291,
        "nauc_ndcg_at_100_diff1": 1.0,