{
  "dataset_revision": "5d958fb6b31055495347724d46431ba41309b03a",
  "task_name": "ChemNQRetrieval",
  "mteb_version": "2.12.15",
  "scores": {
    "test": [
      {
        "ndcg_at_1": 0.44444,
        "ndcg_at_3": 0.52245,
        "ndcg_at_5": 0.57584,
        "ndcg_at_10": 0.59077,
        "ndcg_at_20": 0.61141,
        "ndcg_at_100": 0.62746,
        "ndcg_at_1000": 0.64097,
        "map_at_1": 0.34568,
        "map_at_3": 0.4784,
        "map_at_5": 0.50988,
        "map_at_10": 0.51708,
        "map_at_20": 0.52466,
        "map_at_100": 0.52781,
        "map_at_1000": 0.52841,
        "recall_at_1": 0.34568,
        "recall_at_3": 0.58642,
        "recall_at_5": 0.71605,
        "recall_at_10": 0.75309,
        "recall_at_20": 0.82716,
        "recall_at_100": 0.90123,
        "recall_at_1000": 1.0,
        "accuracy": 0.34568,
        "precision_at_1": 0.44444,
        "precision_at_3": 0.24691,
        "precision_at_5": 0.17778,
        "precision_at_10": 0.0963,
        "precision_at_20": 0.0537,
        "precision_at_100": 0.01148,
        "precision_at_1000": 0.0013,
        "mrr_at_1": 0.444444,
        "mrr_at_3": 0.549383,
        "mrr_at_5": 0.573457,
        "mrr_at_10": 0.57963,
        "mrr_at_20": 0.581944,
        "mrr_at_100": 0.585098,
        "mrr_at_1000": 0.585411,
        "nauc_ndcg_at_1_max": 0.26872,
        "nauc_ndcg_at_1_std": 0.054961,
        "nauc_ndcg_at_1_diff1": 0.371063,
        "nauc_ndcg_at_3_max": 0.109458,
        "nauc_ndcg_at_3_std": -0.086874,
        "nauc_ndcg_at_3_diff1": 0.246954,
        "nauc_ndcg_at_5_max": 0.187052,
        "nauc_ndcg_at_5_std": -0.044581,
        "nauc_ndcg_at_5_diff1": 0.237603,
        "nauc_ndcg_at_10_max": 0.248987,
        "nauc_ndcg_at_10_std": 0.046691,
        "nauc_ndcg_at_10_diff1": 0.235815,
        "nauc_ndcg_at_20_max": 0.258216,
        "nauc_ndcg_at_20_std": 0.069998,
        "nauc_ndcg_at_20_diff1": 0.280663,
        "nauc_ndcg_at_100_max": 0.227476,
        "nauc_ndcg_at_100_std": 0.038716,
        "nauc_ndcg_at_100_diff1": 0.288252,
        "nauc_ndcg_at_1000_max": 0.218664,
        "nauc_ndcg_at_1000_std": 0.021107,
        "nauc_ndcg_at_1000_diff1": 0.274578,
        "nauc_map_at_1_max": 0.141495,
        "nauc_map_at_1_std": 0.036944,
        "nauc_map_at_1_diff1": 0.343291,
        "nauc_map_at_3_max": 0.08295,
        "nauc_map_at_3_std": -0.086974,
        "nauc_map_at_3_diff1": 0.284986,
        "nauc_map_at_5_max": 0.131438,
        "nauc_map_at_5_std": -0.064751,
        "nauc_map_at_5_diff1": 0.275918,
        "nauc_map_at_10_max": 0.160918,
        "nauc_map_at_10_std": -0.024603,
        "nauc_map_at_10_diff1": 0.276033,
        "nauc_map_at_20_max": 0.167037,
        "nauc_map_at_20_std": -0.016451,
        "nauc_map_at_20_diff1": 0.282706,
        "nauc_map_at_100_max": 0.16109,
        "nauc_map_at_100_std": -0.022438,
        "nauc_map_at_100_diff1": 0.284083,
        "nauc_map_at_1000_max": 0.160142,
        "nauc_map_at_1000_std": -0.023641,
        "nauc_map_at_1000_diff1": 0.283663,
        "nauc_recall_at_1_max": 0.141495,
        "nauc_recall_at_1_std": 0.036944,
        "nauc_recall_at_1_diff1": 0.343291,
        "nauc_recall_at_3_max": 2e-05,
        "nauc_recall_at_3_std": -0.17488,
        "nauc_recall_at_3_diff1": 0.150406,
        "nauc_recall_at_5_max": 0.19031,
        "nauc_recall_at_5_std": -0.062905,
        "nauc_recall_at_5_diff1": 0.106426,
        "nauc_recall_at_10_max": 0.405218,
        "nauc_recall_at_10_std": 0.222766,
        "nauc_recall_at_10_diff1": 0.102568,
        "nauc_recall_at_20_max": 0.475086,
        "nauc_recall_at_20_std": 0.399881,
        "nauc_recall_at_20_diff1": 0.39002,
        "nauc_recall_at_100_max": 0.249654,
        "nauc_recall_at_100_std": 0.249654,
        "nauc_recall_at_100_diff1": 0.539639,
        "nauc_recall_at_1000_max": NaN,
        "nauc_recall_at_1000_std": NaN,
        "nauc_recall_at_1000_diff1": NaN,
        "nauc_precision_at_1_max": 0.26872,
        "nauc_precision_at_1_std": 0.054961,
        "nauc_precision_at_1_diff1": 0.371063,
        "nauc_precision_at_3_max": 0.12847,
        "nauc_precision_at_3_std": -0.18904,
        "nauc_precision_at_3_diff1": 0.162821,
        "nauc_precision_at_5_max": 0.330418,
        "nauc_precision_at_5_std": -0.066927,
        "nauc_precision_at_5_diff1": 0.087091,
        "nauc_precision_at_10_max": 0.523136,
        "nauc_precision_at_10_std": 0.247464,
        "nauc_precision_at_10_diff1": 0.066994,
        "nauc_precision_at_20_max": 0.506566,
        "nauc_precision_at_20_std": 0.333697,
        "nauc_precision_at_20_diff1": 0.104363,
        "nauc_precision_at_100_max": 0.457506,
        "nauc_precision_at_100_std": 0.285765,
        "nauc_precision_at_100_diff1": 0.094548,
        "nauc_precision_at_1000_max": 0.335315,
        "nauc_precision_at_1000_std": 0.168638,
        "nauc_precision_at_1000_diff1": -0.022884,
        "nauc_mrr_at_1_max": 0.26872,
        "nauc_mrr_at_1_std": 0.054961,
        "nauc_mrr_at_1_diff1": 0.371063,
        "nauc_mrr_at_3_max": 0.272397,
        "nauc_mrr_at_3_std": 0.014301,
        "nauc_mrr_at_3_diff1": 0.254257,
        "nauc_mrr_at_5_max": 0.289724,
        "nauc_mrr_at_5_std": 0.027865,
        "nauc_mrr_at_5_diff1": 0.258123,
        "nauc_mrr_at_10_max": 0.305711,
        "nauc_mrr_at_10_std": 0.063788,
        "nauc_mrr_at_10_diff1": 0.254631,
        "nauc_mrr_at_20_max": 0.301063,
        "nauc_mrr_at_20_std": 0.061456,
        "nauc_mrr_at_20_diff1": 0.269741,
        "nauc_mrr_at_100_max": 0.296365,
        "nauc_mrr_at_100_std": 0.056161,
        "nauc_mrr_at_100_diff1": 0.271008,
        "nauc_mrr_at_1000_max": 0.295839,
        "nauc_mrr_at_1000_std": 0.055381,
        "nauc_mrr_at_1000_diff1": 0.2703,
        "hit_rate_at_1": 0.44444,
        "hit_rate_at_3": 0.66667,
        "hit_rate_at_5": 0.77778,
        "hit_rate_at_10": 0.81481,
        "hit_rate_at_20": 0.85185,
        "hit_rate_at_100": 0.92593,
        "hit_rate_at_1000": 1.0,
        "main_score": 0.59077,
        "hf_subset": "default",
        "languages": [
          "eng-Latn"
        ]
      }
    ]
  },
  "evaluation_time": 70.82786870002747,
  "kg_co2_emissions": null,
  "date": 1775781001.208731
}