{
  "dataset_revision": "1840e8a5ac6ec752bbdd97d543ead0189bc7c25b",
  "task_name": "ChemHotpotQARetrieval",
  "mteb_version": "2.12.15",
  "scores": {
    "train": [
      {
        "ndcg_at_1": 0.81111,
        "ndcg_at_3": 0.85951,
        "ndcg_at_5": 0.86644,
        "ndcg_at_10": 0.87508,
        "ndcg_at_20": 0.88023,
        "ndcg_at_100": 0.88384,
        "ndcg_at_1000": 0.88528,
        "map_at_1": 0.79444,
        "map_at_3": 0.84398,
        "map_at_5": 0.84787,
        "map_at_10": 0.85123,
        "map_at_20": 0.85279,
        "map_at_100": 0.85352,
        "map_at_1000": 0.85358,
        "recall_at_1": 0.79444,
        "recall_at_3": 0.89722,
        "recall_at_5": 0.91389,
        "recall_at_10": 0.94167,
        "recall_at_20": 0.96111,
        "recall_at_100": 0.97778,
        "recall_at_1000": 0.98889,
        "accuracy": 0.79444,
        "precision_at_1": 0.81111,
        "precision_at_3": 0.30926,
        "precision_at_5": 0.18889,
        "precision_at_10": 0.09722,
        "precision_at_20": 0.04972,
        "precision_at_100": 0.01017,
        "precision_at_1000": 0.00103,
        "mrr_at_1": 0.811111,
        "mrr_at_3": 0.851852,
        "mrr_at_5": 0.855741,
        "mrr_at_10": 0.859096,
        "mrr_at_20": 0.860383,
        "mrr_at_100": 0.860775,
        "mrr_at_1000": 0.860831,
        "nauc_ndcg_at_1_max": 0.611693,
        "nauc_ndcg_at_1_std": -0.209106,
        "nauc_ndcg_at_1_diff1": 0.904533,
        "nauc_ndcg_at_3_max": 0.50683,
        "nauc_ndcg_at_3_std": -0.344903,
        "nauc_ndcg_at_3_diff1": 0.792835,
        "nauc_ndcg_at_5_max": 0.484716,
        "nauc_ndcg_at_5_std": -0.393163,
        "nauc_ndcg_at_5_diff1": 0.794614,
        "nauc_ndcg_at_10_max": 0.478065,
        "nauc_ndcg_at_10_std": -0.352868,
        "nauc_ndcg_at_10_diff1": 0.785977,
        "nauc_ndcg_at_20_max": 0.464283,
        "nauc_ndcg_at_20_std": -0.35463,
        "nauc_ndcg_at_20_diff1": 0.785528,
        "nauc_ndcg_at_100_max": 0.488343,
        "nauc_ndcg_at_100_std": -0.329297,
        "nauc_ndcg_at_100_diff1": 0.810404,
        "nauc_ndcg_at_1000_max": 0.486399,
        "nauc_ndcg_at_1000_std": -0.326211,
        "nauc_ndcg_at_1000_diff1": 0.813756,
        "nauc_map_at_1_max": 0.495894,
        "nauc_map_at_1_std": -0.295932,
        "nauc_map_at_1_diff1": 0.838494,
        "nauc_map_at_3_max": 0.504816,
        "nauc_map_at_3_std": -0.332098,
        "nauc_map_at_3_diff1": 0.787279,
        "nauc_map_at_5_max": 0.493604,
        "nauc_map_at_5_std": -0.355276,
        "nauc_map_at_5_diff1": 0.787977,
        "nauc_map_at_10_max": 0.491487,
        "nauc_map_at_10_std": -0.340618,
        "nauc_map_at_10_diff1": 0.784881,
        "nauc_map_at_20_max": 0.488339,
        "nauc_map_at_20_std": -0.340525,
        "nauc_map_at_20_diff1": 0.784819,
        "nauc_map_at_100_max": 0.49343,
        "nauc_map_at_100_std": -0.336296,
        "nauc_map_at_100_diff1": 0.790117,
        "nauc_map_at_1000_max": 0.493335,
        "nauc_map_at_1000_std": -0.336204,
        "nauc_map_at_1000_diff1": 0.790186,
        "nauc_recall_at_1_max": 0.495894,
        "nauc_recall_at_1_std": -0.295932,
        "nauc_recall_at_1_diff1": 0.838494,
        "nauc_recall_at_3_max": 0.411404,
        "nauc_recall_at_3_std": -0.47245,
        "nauc_recall_at_3_diff1": 0.693585,
        "nauc_recall_at_5_max": 0.311933,
        "nauc_recall_at_5_std": -0.668097,
        "nauc_recall_at_5_diff1": 0.675115,
        "nauc_recall_at_10_max": 0.18792,
        "nauc_recall_at_10_std": -0.541572,
        "nauc_recall_at_10_diff1": 0.56287,
        "nauc_recall_at_20_max": -0.103908,
        "nauc_recall_at_20_std": -0.669935,
        "nauc_recall_at_20_diff1": 0.458517,
        "nauc_recall_at_100_max": -0.023926,
        "nauc_recall_at_100_std": -0.3331,
        "nauc_recall_at_100_diff1": 0.737395,
        "nauc_recall_at_1000_max": -0.661531,
        "nauc_recall_at_1000_std": -0.102708,
        "nauc_recall_at_1000_diff1": 0.934641,
        "nauc_precision_at_1_max": 0.611693,
        "nauc_precision_at_1_std": -0.209106,
        "nauc_precision_at_1_diff1": 0.904533,
        "nauc_precision_at_3_max": 0.425276,
        "nauc_precision_at_3_std": -0.199914,
        "nauc_precision_at_3_diff1": 0.442909,
        "nauc_precision_at_5_max": 0.356268,
        "nauc_precision_at_5_std": -0.308535,
        "nauc_precision_at_5_diff1": 0.397697,
        "nauc_precision_at_10_max": 0.288568,
        "nauc_precision_at_10_std": -0.112648,
        "nauc_precision_at_10_diff1": 0.236939,
        "nauc_precision_at_20_max": 0.110744,
        "nauc_precision_at_20_std": -0.035316,
        "nauc_precision_at_20_diff1": 0.054689,
        "nauc_precision_at_100_max": 0.247194,
        "nauc_precision_at_100_std": 0.282944,
        "nauc_precision_at_100_diff1": 0.141155,
        "nauc_precision_at_1000_max": 0.195503,
        "nauc_precision_at_1000_std": 0.402331,
        "nauc_precision_at_1000_diff1": 0.084878,
        "nauc_mrr_at_1_max": 0.611693,
        "nauc_mrr_at_1_std": -0.209106,
        "nauc_mrr_at_1_diff1": 0.904533,
        "nauc_mrr_at_3_max": 0.588651,
        "nauc_mrr_at_3_std": -0.264762,
        "nauc_mrr_at_3_diff1": 0.884081,
        "nauc_mrr_at_5_max": 0.579277,
        "nauc_mrr_at_5_std": -0.287132,
        "nauc_mrr_at_5_diff1": 0.887545,
        "nauc_mrr_at_10_max": 0.579197,
        "nauc_mrr_at_10_std": -0.270064,
        "nauc_mrr_at_10_diff1": 0.886785,
        "nauc_mrr_at_20_max": 0.577013,
        "nauc_mrr_at_20_std": -0.269841,
        "nauc_mrr_at_20_diff1": 0.887439,
        "nauc_mrr_at_100_max": 0.577081,
        "nauc_mrr_at_100_std": -0.268893,
        "nauc_mrr_at_100_diff1": 0.887107,
        "nauc_mrr_at_1000_max": 0.577017,
        "nauc_mrr_at_1000_std": -0.268767,
        "nauc_mrr_at_1000_diff1": 0.887221,
        "hit_rate_at_1": 0.81111,
        "hit_rate_at_3": 0.90556,
        "hit_rate_at_5": 0.92222,
        "hit_rate_at_10": 0.95,
        "hit_rate_at_20": 0.96667,
        "hit_rate_at_100": 0.97778,
        "hit_rate_at_1000": 0.98889,
        "main_score": 0.87508,
        "hf_subset": "default",
        "languages": [
          "eng-Latn"
        ]
      }
    ],
    "dev": [
      {
        "ndcg_at_1": 0.875,
        "ndcg_at_3": 0.875,
        "ndcg_at_5": 0.875,
        "ndcg_at_10": 0.875,
        "ndcg_at_20": 0.875,
        "ndcg_at_100": 0.89461,
        "ndcg_at_1000": 0.89461,
        "map_at_1": 0.875,
        "map_at_3": 0.875,
        "map_at_5": 0.875,
        "map_at_10": 0.875,
        "map_at_20": 0.875,
        "map_at_100": 0.87652,
        "map_at_1000": 0.87652,
        "recall_at_1": 0.875,
        "recall_at_3": 0.875,
        "recall_at_5": 0.875,
        "recall_at_10": 0.875,
        "recall_at_20": 0.875,
        "recall_at_100": 1.0,
        "recall_at_1000": 1.0,
        "accuracy": 0.875,
        "precision_at_1": 0.875,
        "precision_at_3": 0.29167,
        "precision_at_5": 0.175,
        "precision_at_10": 0.0875,
        "precision_at_20": 0.04375,
        "precision_at_100": 0.01,
        "precision_at_1000": 0.001,
        "mrr_at_1": 0.875,
        "mrr_at_3": 0.875,
        "mrr_at_5": 0.875,
        "mrr_at_10": 0.875,
        "mrr_at_20": 0.875,
        "mrr_at_100": 0.876524,
        "mrr_at_1000": 0.876524,
        "nauc_ndcg_at_1_max": 1.0,
        "nauc_ndcg_at_1_std": 0.551821,
        "nauc_ndcg_at_1_diff1": 0.865546,
        "nauc_ndcg_at_3_max": 1.0,
        "nauc_ndcg_at_3_std": 0.551821,
        "nauc_ndcg_at_3_diff1": 0.865546,
        "nauc_ndcg_at_5_max": 1.0,
        "nauc_ndcg_at_5_std": 0.551821,
        "nauc_ndcg_at_5_diff1": 0.865546,
        "nauc_ndcg_at_10_max": 1.0,
        "nauc_ndcg_at_10_std": 0.551821,
        "nauc_ndcg_at_10_diff1": 0.865546,
        "nauc_ndcg_at_20_max": 1.0,
        "nauc_ndcg_at_20_std": 0.551821,
        "nauc_ndcg_at_20_diff1": 0.865546,
        "nauc_ndcg_at_100_max": 1.0,
        "nauc_ndcg_at_100_std": 0.551821,