{
  "dataset_revision": "5377aa18f309ec440ff6325a4c2cd3362c2cb8d7",
  "task_name": "ChemRxivRetrieval",
  "mteb_version": "2.12.15",
  "scores": {
    "test": [
      {
        "ndcg_at_1": 0.811,
        "ndcg_at_3": 0.88099,
        "ndcg_at_5": 0.89097,
        "ndcg_at_10": 0.89768,
        "ndcg_at_20": 0.90061,
        "ndcg_at_100": 0.90256,
        "ndcg_at_1000": 0.90326,
        "map_at_1": 0.811,
        "map_at_3": 0.8645,
        "map_at_5": 0.8701,
        "map_at_10": 0.8729,
        "map_at_20": 0.87373,
        "map_at_100": 0.87402,
        "map_at_1000": 0.87405,
        "recall_at_1": 0.811,
        "recall_at_3": 0.9284,
        "recall_at_5": 0.9524,
        "recall_at_10": 0.973,
        "recall_at_20": 0.9844,
        "recall_at_100": 0.9946,
        "recall_at_1000": 1.0,
        "accuracy": 0.811,
        "precision_at_1": 0.811,
        "precision_at_3": 0.30947,
        "precision_at_5": 0.19048,
        "precision_at_10": 0.0973,
        "precision_at_20": 0.04922,
        "precision_at_100": 0.00995,
        "precision_at_1000": 0.001,
        "mrr_at_1": 0.811,
        "mrr_at_3": 0.8645,
        "mrr_at_5": 0.87014,
        "mrr_at_10": 0.872907,
        "mrr_at_20": 0.873732,
        "mrr_at_100": 0.874025,
        "mrr_at_1000": 0.874054,
        "nauc_ndcg_at_1_max": 0.539933,
        "nauc_ndcg_at_1_std": -0.222362,
        "nauc_ndcg_at_1_diff1": 0.838724,
        "nauc_ndcg_at_3_max": 0.603164,
        "nauc_ndcg_at_3_std": -0.211886,
        "nauc_ndcg_at_3_diff1": 0.819046,
        "nauc_ndcg_at_5_max": 0.607945,
        "nauc_ndcg_at_5_std": -0.211052,
        "nauc_ndcg_at_5_diff1": 0.825225,
        "nauc_ndcg_at_10_max": 0.598855,
        "nauc_ndcg_at_10_std": -0.210814,
        "nauc_ndcg_at_10_diff1": 0.824613,
        "nauc_ndcg_at_20_max": 0.593357,
        "nauc_ndcg_at_20_std": -0.206969,
        "nauc_ndcg_at_20_diff1": 0.823193,
        "nauc_ndcg_at_100_max": 0.588328,
        "nauc_ndcg_at_100_std": -0.208541,
        "nauc_ndcg_at_100_diff1": 0.82431,
        "nauc_ndcg_at_1000_max": 0.586008,
        "nauc_ndcg_at_1000_std": -0.211785,
        "nauc_ndcg_at_1000_diff1": 0.825166,
        "nauc_map_at_1_max": 0.539933,
        "nauc_map_at_1_std": -0.222362,
        "nauc_map_at_1_diff1": 0.838724,
        "nauc_map_at_3_max": 0.582929,
        "nauc_map_at_3_std": -0.21531,
        "nauc_map_at_3_diff1": 0.823932,
        "nauc_map_at_5_max": 0.584339,
        "nauc_map_at_5_std": -0.215158,
        "nauc_map_at_5_diff1": 0.827077,
        "nauc_map_at_10_max": 0.580606,
        "nauc_map_at_10_std": -0.215401,
        "nauc_map_at_10_diff1": 0.826842,
        "nauc_map_at_20_max": 0.579217,
        "nauc_map_at_20_std": -0.214686,
        "nauc_map_at_20_diff1": 0.826529,
        "nauc_map_at_100_max": 0.578648,
        "nauc_map_at_100_std": -0.214799,
        "nauc_map_at_100_diff1": 0.826684,
        "nauc_map_at_1000_max": 0.578572,
        "nauc_map_at_1000_std": -0.214903,
        "nauc_map_at_1000_diff1": 0.826714,
        "nauc_recall_at_1_max": 0.539933,
        "nauc_recall_at_1_std": -0.222362,
        "nauc_recall_at_1_diff1": 0.838724,
        "nauc_recall_at_3_max": 0.708407,
        "nauc_recall_at_3_std": -0.194021,
        "nauc_recall_at_3_diff1": 0.794716,
        "nauc_recall_at_5_max": 0.786087,
        "nauc_recall_at_5_std": -0.179656,
        "nauc_recall_at_5_diff1": 0.815118,
        "nauc_recall_at_10_max": 0.823706,
        "nauc_recall_at_10_std": -0.147802,
        "nauc_recall_at_10_diff1": 0.802352,
        "nauc_recall_at_20_max": 0.859746,
        "nauc_recall_at_20_std": -0.004058,
        "nauc_recall_at_20_diff1": 0.753053,
        "nauc_recall_at_100_max": 0.895131,
        "nauc_recall_at_100_std": 0.218124,
        "nauc_recall_at_100_diff1": 0.715444,
        "nauc_recall_at_1000_max": NaN,
        "nauc_recall_at_1000_std": NaN,
        "nauc_recall_at_1000_diff1": NaN,
        "nauc_precision_at_1_max": 0.539933,
        "nauc_precision_at_1_std": -0.222362,
        "nauc_precision_at_1_diff1": 0.838724,
        "nauc_precision_at_3_max": 0.708407,
        "nauc_precision_at_3_std": -0.194021,
        "nauc_precision_at_3_diff1": 0.794716,
        "nauc_precision_at_5_max": 0.786087,
        "nauc_precision_at_5_std": -0.179656,
        "nauc_precision_at_5_diff1": 0.815118,
        "nauc_precision_at_10_max": 0.823706,
        "nauc_precision_at_10_std": -0.147802,
        "nauc_precision_at_10_diff1": 0.802352,
        "nauc_precision_at_20_max": 0.859746,
        "nauc_precision_at_20_std": -0.004058,
        "nauc_precision_at_20_diff1": 0.753053,
        "nauc_precision_at_100_max": 0.895131,
        "nauc_precision_at_100_std": 0.218124,
        "nauc_precision_at_100_diff1": 0.715444,
        "nauc_precision_at_1000_max": 1.0,
        "nauc_precision_at_1000_std": 1.0,
        "nauc_precision_at_1000_diff1": 1.0,
        "nauc_mrr_at_1_max": 0.539933,
        "nauc_mrr_at_1_std": -0.222362,
        "nauc_mrr_at_1_diff1": 0.838724,
        "nauc_mrr_at_3_max": 0.582929,
        "nauc_mrr_at_3_std": -0.21531,
        "nauc_mrr_at_3_diff1": 0.823932,
        "nauc_mrr_at_5_max": 0.584205,
        "nauc_mrr_at_5_std": -0.214856,
        "nauc_mrr_at_5_diff1": 0.827022,
        "nauc_mrr_at_10_max": 0.580583,
        "nauc_mrr_at_10_std": -0.21535,
        "nauc_mrr_at_10_diff1": 0.826833,
        "nauc_mrr_at_20_max": 0.579194,
        "nauc_mrr_at_20_std": -0.214634,
        "nauc_mrr_at_20_diff1": 0.82652,
        "nauc_mrr_at_100_max": 0.578624,
        "nauc_mrr_at_100_std": -0.214747,
        "nauc_mrr_at_100_diff1": 0.826674,
        "nauc_mrr_at_1000_max": 0.578549,
        "nauc_mrr_at_1000_std": -0.214851,
        "nauc_mrr_at_1000_diff1": 0.826705,
        "hit_rate_at_1": 0.811,
        "hit_rate_at_3": 0.9284,
        "hit_rate_at_5": 0.9524,
        "hit_rate_at_10": 0.973,
        "hit_rate_at_20": 0.9844,
        "hit_rate_at_100": 0.9946,
        "hit_rate_at_1000": 1.0,
        "main_score": 0.89768,
        "hf_subset": "default",
        "languages": [
          "eng-Latn"
        ]
      }
    ]
  },
  "evaluation_time": 515.4243061542511,
  "kg_co2_emissions": null,
  "date": 1775781608.366996
}