{
  "dataset_revision": "1840e8a5ac6ec752bbdd97d543ead0189bc7c25b",
  "task_name": "ChemHotpotQARetrieval",
  "mteb_version": "2.12.15",
  "scores": {
    "train": [
      {
        "ndcg_at_1": 0.82778,
        "ndcg_at_3": 0.87027,
        "ndcg_at_5": 0.87721,
        "ndcg_at_10": 0.88607,
        "ndcg_at_20": 0.89043,
        "ndcg_at_100": 0.89444,
        "ndcg_at_1000": 0.89508,
        "map_at_1": 0.80833,
        "map_at_3": 0.85648,
        "map_at_5": 0.86037,
        "map_at_10": 0.86394,
        "map_at_20": 0.86522,
        "map_at_100": 0.866,
        "map_at_1000": 0.86601,
        "recall_at_1": 0.80833,
        "recall_at_3": 0.90278,
        "recall_at_5": 0.91944,
        "recall_at_10": 0.94722,
        "recall_at_20": 0.96389,
        "recall_at_100": 0.98333,
        "recall_at_1000": 0.98889,
        "accuracy": 0.80833,
        "precision_at_1": 0.82778,
        "precision_at_3": 0.31111,
        "precision_at_5": 0.19,
        "precision_at_10": 0.09778,
        "precision_at_20": 0.04972,
        "precision_at_100": 0.01022,
        "precision_at_1000": 0.00103,
        "mrr_at_1": 0.827778,
        "mrr_at_3": 0.864815,
        "mrr_at_5": 0.868704,
        "mrr_at_10": 0.872275,
        "mrr_at_20": 0.873552,
        "mrr_at_100": 0.87383,
        "mrr_at_1000": 0.873843,
        "nauc_ndcg_at_1_max": 0.608234,
        "nauc_ndcg_at_1_std": -0.198114,
        "nauc_ndcg_at_1_diff1": 0.891176,
        "nauc_ndcg_at_3_max": 0.477347,
        "nauc_ndcg_at_3_std": -0.34211,
        "nauc_ndcg_at_3_diff1": 0.770015,
        "nauc_ndcg_at_5_max": 0.451703,
        "nauc_ndcg_at_5_std": -0.41259,
        "nauc_ndcg_at_5_diff1": 0.761572,
        "nauc_ndcg_at_10_max": 0.439394,
        "nauc_ndcg_at_10_std": -0.400254,
        "nauc_ndcg_at_10_diff1": 0.76073,
        "nauc_ndcg_at_20_max": 0.430289,
        "nauc_ndcg_at_20_std": -0.395286,
        "nauc_ndcg_at_20_diff1": 0.758325,
        "nauc_ndcg_at_100_max": 0.451504,
        "nauc_ndcg_at_100_std": -0.355073,
        "nauc_ndcg_at_100_diff1": 0.785735,
        "nauc_ndcg_at_1000_max": 0.452093,
        "nauc_ndcg_at_1000_std": -0.35376,
        "nauc_ndcg_at_1000_diff1": 0.787194,
        "nauc_map_at_1_max": 0.483238,
        "nauc_map_at_1_std": -0.290354,
        "nauc_map_at_1_diff1": 0.818326,
        "nauc_map_at_3_max": 0.475155,
        "nauc_map_at_3_std": -0.335168,
        "nauc_map_at_3_diff1": 0.760492,
        "nauc_map_at_5_max": 0.46231,
        "nauc_map_at_5_std": -0.369823,
        "nauc_map_at_5_diff1": 0.755825,
        "nauc_map_at_10_max": 0.458449,
        "nauc_map_at_10_std": -0.363922,
        "nauc_map_at_10_diff1": 0.755276,
        "nauc_map_at_20_max": 0.456545,
        "nauc_map_at_20_std": -0.361983,
        "nauc_map_at_20_diff1": 0.754674,
        "nauc_map_at_100_max": 0.461124,
        "nauc_map_at_100_std": -0.354997,
        "nauc_map_at_100_diff1": 0.759991,
        "nauc_map_at_1000_max": 0.461135,
        "nauc_map_at_1000_std": -0.354976,
        "nauc_map_at_1000_diff1": 0.760011,
        "nauc_recall_at_1_max": 0.483238,
        "nauc_recall_at_1_std": -0.290354,
        "nauc_recall_at_1_diff1": 0.818326,
        "nauc_recall_at_3_max": 0.367372,
        "nauc_recall_at_3_std": -0.460503,
        "nauc_recall_at_3_diff1": 0.674615,
        "nauc_recall_at_5_max": 0.252857,
        "nauc_recall_at_5_std": -0.732429,
        "nauc_recall_at_5_diff1": 0.62341,
        "nauc_recall_at_10_max": 0.067989,
        "nauc_recall_at_10_std": -0.827682,
        "nauc_recall_at_10_diff1": 0.546587,
        "nauc_recall_at_20_max": -0.207103,
        "nauc_recall_at_20_std": -0.979782,
        "nauc_recall_at_20_diff1": 0.420276,
        "nauc_recall_at_100_max": -0.419701,
        "nauc_recall_at_100_std": -0.5831,
        "nauc_recall_at_100_diff1": 0.764239,
        "nauc_recall_at_1000_max": -0.80859,
        "nauc_recall_at_1000_std": -0.592904,
        "nauc_recall_at_1000_diff1": 0.869281,
        "nauc_precision_at_1_max": 0.608234,
        "nauc_precision_at_1_std": -0.198114,
        "nauc_precision_at_1_diff1": 0.891176,
        "nauc_precision_at_3_max": 0.403009,
        "nauc_precision_at_3_std": -0.141887,
        "nauc_precision_at_3_diff1": 0.423831,
        "nauc_precision_at_5_max": 0.326379,
        "nauc_precision_at_5_std": -0.293049,
        "nauc_precision_at_5_diff1": 0.351148,
        "nauc_precision_at_10_max": 0.233554,
        "nauc_precision_at_10_std": -0.206685,
        "nauc_precision_at_10_diff1": 0.211366,
        "nauc_precision_at_20_max": 0.125576,
        "nauc_precision_at_20_std": -0.133578,
        "nauc_precision_at_20_diff1": 0.058631,
        "nauc_precision_at_100_max": 0.215254,
        "nauc_precision_at_100_std": 0.351622,
        "nauc_precision_at_100_diff1": 0.120098,
        "nauc_precision_at_1000_max": 0.205182,
        "nauc_precision_at_1000_std": 0.416159,
        "nauc_precision_at_1000_diff1": 0.089487,
        "nauc_mrr_at_1_max": 0.608234,
        "nauc_mrr_at_1_std": -0.198114,
        "nauc_mrr_at_1_diff1": 0.891176,
        "nauc_mrr_at_3_max": 0.573289,
        "nauc_mrr_at_3_std": -0.254941,
        "nauc_mrr_at_3_diff1": 0.86949,
        "nauc_mrr_at_5_max": 0.562731,
        "nauc_mrr_at_5_std": -0.289113,
        "nauc_mrr_at_5_diff1": 0.867914,
        "nauc_mrr_at_10_max": 0.561566,
        "nauc_mrr_at_10_std": -0.280512,
        "nauc_mrr_at_10_diff1": 0.870597,
        "nauc_mrr_at_20_max": 0.560633,
        "nauc_mrr_at_20_std": -0.277581,
        "nauc_mrr_at_20_diff1": 0.871171,
        "nauc_mrr_at_100_max": 0.560183,
        "nauc_mrr_at_100_std": -0.274848,
        "nauc_mrr_at_100_diff1": 0.870875,
        "nauc_mrr_at_1000_max": 0.560204,
        "nauc_mrr_at_1000_std": -0.274817,
        "nauc_mrr_at_1000_diff1": 0.870909,
        "hit_rate_at_1": 0.82778,
        "hit_rate_at_3": 0.91111,
        "hit_rate_at_5": 0.92778,
        "hit_rate_at_10": 0.95556,
        "hit_rate_at_20": 0.97222,
        "hit_rate_at_100": 0.98333,
        "hit_rate_at_1000": 0.98889,
        "main_score": 0.88607,
        "hf_subset": "default",
        "languages": [
          "eng-Latn"
        ]
      }
    ],
    "dev": [
      {
        "ndcg_at_1": 0.875,
        "ndcg_at_3": 0.875,
        "ndcg_at_5": 0.875,
        "ndcg_at_10": 0.875,
        "ndcg_at_20": 0.875,
        "ndcg_at_100": 0.89591,
        "ndcg_at_1000": 0.89591,
        "map_at_1": 0.875,
        "map_at_3": 0.875,
        "map_at_5": 0.875,
        "map_at_10": 0.875,
        "map_at_20": 0.875,
        "map_at_100": 0.87702,
        "map_at_1000": 0.87702,
        "recall_at_1": 0.875,
        "recall_at_3": 0.875,
        "recall_at_5": 0.875,
        "recall_at_10": 0.875,
        "recall_at_20": 0.875,
        "recall_at_100": 1.0,
        "recall_at_1000": 1.0,
        "accuracy": 0.875,
        "precision_at_1": 0.875,
        "precision_at_3": 0.29167,
        "precision_at_5": 0.175,
        "precision_at_10": 0.0875,
        "precision_at_20": 0.04375,
        "precision_at_100": 0.01,
        "precision_at_1000": 0.001,
        "mrr_at_1": 0.875,
        "mrr_at_3": 0.875,
        "mrr_at_5": 0.875,
        "mrr_at_10": 0.875,
        "mrr_at_20": 0.875,
        "mrr_at_100": 0.877016,
        "mrr_at_1000": 0.877016,
        "nauc_ndcg_at_1_max": 1.0,
        "nauc_ndcg_at_1_std": 0.865546,
        "nauc_ndcg_at_1_diff1": 0.551821,
        "nauc_ndcg_at_3_max": 1.0,
        "nauc_ndcg_at_3_std": 0.865546,
        "nauc_ndcg_at_3_diff1": 0.551821,
        "nauc_ndcg_at_5_max": 1.0,
        "nauc_ndcg_at_5_std": 0.865546,
        "nauc_ndcg_at_5_diff1": 0.551821,
        "nauc_ndcg_at_10_max": 1.0,
        "nauc_ndcg_at_10_std": 0.865546,
        "nauc_ndcg_at_10_diff1": 0.551821,
        "nauc_ndcg_at_20_max": 1.0,
        "nauc_ndcg_at_20_std": 0.865546,
        "nauc_ndcg_at_20_diff1": 0.551821,
        "nauc_ndcg_at_100_max": 1.0,
        "nauc_ndcg_at_100_std": 0.865546,