{
  "dataset_revision": "5377aa18f309ec440ff6325a4c2cd3362c2cb8d7",
  "task_name": "ChemRxivRetrieval",
  "mteb_version": "2.12.15",
  "scores": {
    "test": [
      {
        "ndcg_at_1": 0.8034,
        "ndcg_at_3": 0.87447,
        "ndcg_at_5": 0.887,
        "ndcg_at_10": 0.89314,
        "ndcg_at_20": 0.89666,
        "ndcg_at_100": 0.89856,
        "ndcg_at_1000": 0.89917,
        "map_at_1": 0.8034,
        "map_at_3": 0.8578,
        "map_at_5": 0.8648,
        "map_at_10": 0.86737,
        "map_at_20": 0.86836,
        "map_at_100": 0.86864,
        "map_at_1000": 0.86866,
        "recall_at_1": 0.8034,
        "recall_at_3": 0.9224,
        "recall_at_5": 0.9526,
        "recall_at_10": 0.9714,
        "recall_at_20": 0.9852,
        "recall_at_100": 0.9952,
        "recall_at_1000": 1.0,
        "accuracy": 0.8034,
        "precision_at_1": 0.8034,
        "precision_at_3": 0.30747,
        "precision_at_5": 0.19052,
        "precision_at_10": 0.09714,
        "precision_at_20": 0.04926,
        "precision_at_100": 0.00995,
        "precision_at_1000": 0.001,
        "mrr_at_1": 0.8036,
        "mrr_at_3": 0.857967,
        "mrr_at_5": 0.864957,
        "mrr_at_10": 0.867494,
        "mrr_at_20": 0.86848,
        "mrr_at_100": 0.86876,
        "mrr_at_1000": 0.868783,
        "nauc_ndcg_at_1_max": 0.506424,
        "nauc_ndcg_at_1_std": -0.222948,
        "nauc_ndcg_at_1_diff1": 0.830895,
        "nauc_ndcg_at_3_max": 0.572259,
        "nauc_ndcg_at_3_std": -0.206321,
        "nauc_ndcg_at_3_diff1": 0.81064,
        "nauc_ndcg_at_5_max": 0.567304,
        "nauc_ndcg_at_5_std": -0.211672,
        "nauc_ndcg_at_5_diff1": 0.813201,
        "nauc_ndcg_at_10_max": 0.564044,
        "nauc_ndcg_at_10_std": -0.21197,
        "nauc_ndcg_at_10_diff1": 0.814627,
        "nauc_ndcg_at_20_max": 0.557689,
        "nauc_ndcg_at_20_std": -0.213012,
        "nauc_ndcg_at_20_diff1": 0.814914,
        "nauc_ndcg_at_100_max": 0.553211,
        "nauc_ndcg_at_100_std": -0.210305,
        "nauc_ndcg_at_100_diff1": 0.815573,
        "nauc_ndcg_at_1000_max": 0.55098,
        "nauc_ndcg_at_1000_std": -0.213369,
        "nauc_ndcg_at_1000_diff1": 0.816263,
        "nauc_map_at_1_max": 0.506424,
        "nauc_map_at_1_std": -0.222948,
        "nauc_map_at_1_diff1": 0.830895,
        "nauc_map_at_3_max": 0.551049,
        "nauc_map_at_3_std": -0.213179,
        "nauc_map_at_3_diff1": 0.816,
        "nauc_map_at_5_max": 0.547435,
        "nauc_map_at_5_std": -0.215827,
        "nauc_map_at_5_diff1": 0.817376,
        "nauc_map_at_10_max": 0.54597,
        "nauc_map_at_10_std": -0.216125,
        "nauc_map_at_10_diff1": 0.817952,
        "nauc_map_at_20_max": 0.544431,
        "nauc_map_at_20_std": -0.216391,
        "nauc_map_at_20_diff1": 0.818015,
        "nauc_map_at_100_max": 0.543926,
        "nauc_map_at_100_std": -0.215992,
        "nauc_map_at_100_diff1": 0.8181,
        "nauc_map_at_1000_max": 0.543858,
        "nauc_map_at_1000_std": -0.216066,
        "nauc_map_at_1000_diff1": 0.818113,
        "nauc_recall_at_1_max": 0.506424,
        "nauc_recall_at_1_std": -0.222948,
        "nauc_recall_at_1_diff1": 0.830895,
        "nauc_recall_at_3_max": 0.679076,
        "nauc_recall_at_3_std": -0.170687,
        "nauc_recall_at_3_diff1": 0.7845,
        "nauc_recall_at_5_max": 0.721346,
        "nauc_recall_at_5_std": -0.180127,
        "nauc_recall_at_5_diff1": 0.783282,
        "nauc_recall_at_10_max": 0.785956,
        "nauc_recall_at_10_std": -0.16017,
        "nauc_recall_at_10_diff1": 0.779038,
        "nauc_recall_at_20_max": 0.827378,
        "nauc_recall_at_20_std": -0.138264,
        "nauc_recall_at_20_diff1": 0.754959,
        "nauc_recall_at_100_max": 0.899335,
        "nauc_recall_at_100_std": 0.281046,
        "nauc_recall_at_100_diff1": 0.697265,
        "nauc_recall_at_1000_max": NaN,
        "nauc_recall_at_1000_std": NaN,
        "nauc_recall_at_1000_diff1": NaN,
        "nauc_precision_at_1_max": 0.506424,
        "nauc_precision_at_1_std": -0.222948,
        "nauc_precision_at_1_diff1": 0.830895,
        "nauc_precision_at_3_max": 0.679076,
        "nauc_precision_at_3_std": -0.170687,
        "nauc_precision_at_3_diff1": 0.7845,
        "nauc_precision_at_5_max": 0.721346,
        "nauc_precision_at_5_std": -0.180127,
        "nauc_precision_at_5_diff1": 0.783282,
        "nauc_precision_at_10_max": 0.785956,
        "nauc_precision_at_10_std": -0.16017,
        "nauc_precision_at_10_diff1": 0.779038,
        "nauc_precision_at_20_max": 0.827378,
        "nauc_precision_at_20_std": -0.138264,
        "nauc_precision_at_20_diff1": 0.754959,
        "nauc_precision_at_100_max": 0.899335,
        "nauc_precision_at_100_std": 0.281046,
        "nauc_precision_at_100_diff1": 0.697265,
        "nauc_precision_at_1000_max": 1.0,
        "nauc_precision_at_1000_std": 1.0,
        "nauc_precision_at_1000_diff1": 1.0,
        "nauc_mrr_at_1_max": 0.507516,
        "nauc_mrr_at_1_std": -0.221266,
        "nauc_mrr_at_1_diff1": 0.830593,
        "nauc_mrr_at_3_max": 0.551597,
        "nauc_mrr_at_3_std": -0.212492,
        "nauc_mrr_at_3_diff1": 0.815695,
        "nauc_mrr_at_5_max": 0.548084,
        "nauc_mrr_at_5_std": -0.214267,
        "nauc_mrr_at_5_diff1": 0.817071,
        "nauc_mrr_at_10_max": 0.546717,
        "nauc_mrr_at_10_std": -0.214937,
        "nauc_mrr_at_10_diff1": 0.817689,
        "nauc_mrr_at_20_max": 0.545182,
        "nauc_mrr_at_20_std": -0.215194,
        "nauc_mrr_at_20_diff1": 0.81775,
        "nauc_mrr_at_100_max": 0.544679,
        "nauc_mrr_at_100_std": -0.214791,
        "nauc_mrr_at_100_diff1": 0.817835,
        "nauc_mrr_at_1000_max": 0.544611,
        "nauc_mrr_at_1000_std": -0.214866,
        "nauc_mrr_at_1000_diff1": 0.817847,
        "hit_rate_at_1": 0.8034,
        "hit_rate_at_3": 0.9224,
        "hit_rate_at_5": 0.9526,
        "hit_rate_at_10": 0.9714,
        "hit_rate_at_20": 0.9852,
        "hit_rate_at_100": 0.9952,
        "hit_rate_at_1000": 1.0,
        "main_score": 0.89314,
        "hf_subset": "default",
        "languages": [
          "eng-Latn"
        ]
      }
    ]
  },
  "evaluation_time": 513.3266274929047,
  "kg_co2_emissions": null,
  "date": 1775778828.998504
}