{
  "dataset_revision": "5377aa18f309ec440ff6325a4c2cd3362c2cb8d7",
  "task_name": "ChemRxivRetrieval",
  "mteb_version": "2.12.16",
  "scores": {
    "test": [
      {
        "ndcg_at_1": 0.6802,
        "ndcg_at_3": 0.77715,
        "ndcg_at_5": 0.79781,
        "ndcg_at_10": 0.8091,
        "ndcg_at_20": 0.815,
        "ndcg_at_100": 0.82067,
        "ndcg_at_1000": 0.82257,
        "map_at_1": 0.6802,
        "map_at_3": 0.75383,
        "map_at_5": 0.76534,
        "map_at_10": 0.77009,
        "map_at_20": 0.77173,
        "map_at_100": 0.77259,
        "map_at_1000": 0.77266,
        "recall_at_1": 0.6802,
        "recall_at_3": 0.8444,
        "recall_at_5": 0.8944,
        "recall_at_10": 0.9288,
        "recall_at_20": 0.952,
        "recall_at_100": 0.9816,
        "recall_at_1000": 0.9964,
        "accuracy": 0.6802,
        "precision_at_1": 0.6802,
        "precision_at_3": 0.28147,
        "precision_at_5": 0.17888,
        "precision_at_10": 0.09288,
        "precision_at_20": 0.0476,
        "precision_at_100": 0.00982,
        "precision_at_1000": 0.001,
        "mrr_at_1": 0.6802,
        "mrr_at_3": 0.7539,
        "mrr_at_5": 0.76539,
        "mrr_at_10": 0.77014,
        "mrr_at_20": 0.771784,
        "mrr_at_100": 0.772635,
        "mrr_at_1000": 0.772711,
        "nauc_ndcg_at_1_max": 0.378657,
        "nauc_ndcg_at_1_std": -0.151187,
        "nauc_ndcg_at_1_diff1": 0.735706,
        "nauc_ndcg_at_3_max": 0.422172,
        "nauc_ndcg_at_3_std": -0.117544,
        "nauc_ndcg_at_3_diff1": 0.699043,
        "nauc_ndcg_at_5_max": 0.433932,
        "nauc_ndcg_at_5_std": -0.106805,
        "nauc_ndcg_at_5_diff1": 0.69935,
        "nauc_ndcg_at_10_max": 0.435733,
        "nauc_ndcg_at_10_std": -0.100223,
        "nauc_ndcg_at_10_diff1": 0.706541,
        "nauc_ndcg_at_20_max": 0.431429,
        "nauc_ndcg_at_20_std": -0.101162,
        "nauc_ndcg_at_20_diff1": 0.708566,
        "nauc_ndcg_at_100_max": 0.424993,
        "nauc_ndcg_at_100_std": -0.106697,
        "nauc_ndcg_at_100_diff1": 0.71034,
        "nauc_ndcg_at_1000_max": 0.42232,
        "nauc_ndcg_at_1000_std": -0.109877,
        "nauc_ndcg_at_1000_diff1": 0.71037,
        "nauc_map_at_1_max": 0.378657,
        "nauc_map_at_1_std": -0.151187,
        "nauc_map_at_1_diff1": 0.735706,
        "nauc_map_at_3_max": 0.409997,
        "nauc_map_at_3_std": -0.127438,
        "nauc_map_at_3_diff1": 0.708877,
        "nauc_map_at_5_max": 0.415228,
        "nauc_map_at_5_std": -0.122607,
        "nauc_map_at_5_diff1": 0.709442,
        "nauc_map_at_10_max": 0.415497,
        "nauc_map_at_10_std": -0.120696,
        "nauc_map_at_10_diff1": 0.712125,
        "nauc_map_at_20_max": 0.414369,
        "nauc_map_at_20_std": -0.121041,
        "nauc_map_at_20_diff1": 0.712614,
        "nauc_map_at_100_max": 0.413465,
        "nauc_map_at_100_std": -0.121649,
        "nauc_map_at_100_diff1": 0.712831,
        "nauc_map_at_1000_max": 0.413396,
        "nauc_map_at_1000_std": -0.121724,
        "nauc_map_at_1000_diff1": 0.712843,
        "nauc_recall_at_1_max": 0.378657,
        "nauc_recall_at_1_std": -0.151187,
        "nauc_recall_at_1_diff1": 0.735706,
        "nauc_recall_at_3_max": 0.472881,
        "nauc_recall_at_3_std": -0.076023,
        "nauc_recall_at_3_diff1": 0.658355,
        "nauc_recall_at_5_max": 0.542359,
        "nauc_recall_at_5_std": -0.014517,
        "nauc_recall_at_5_diff1": 0.64328,
        "nauc_recall_at_10_max": 0.605918,
        "nauc_recall_at_10_std": 0.078008,
        "nauc_recall_at_10_diff1": 0.670554,
        "nauc_recall_at_20_max": 0.629881,
        "nauc_recall_at_20_std": 0.150407,
        "nauc_recall_at_20_diff1": 0.680875,
        "nauc_recall_at_100_max": 0.668894,
        "nauc_recall_at_100_std": 0.283761,
        "nauc_recall_at_100_diff1": 0.717863,
        "nauc_recall_at_1000_max": 0.716309,
        "nauc_recall_at_1000_std": 0.727176,
        "nauc_recall_at_1000_diff1": 0.727928,
        "nauc_precision_at_1_max": 0.378657,
        "nauc_precision_at_1_std": -0.151187,
        "nauc_precision_at_1_diff1": 0.735706,
        "nauc_precision_at_3_max": 0.472881,
        "nauc_precision_at_3_std": -0.076023,
        "nauc_precision_at_3_diff1": 0.658355,
        "nauc_precision_at_5_max": 0.542359,
        "nauc_precision_at_5_std": -0.014517,
        "nauc_precision_at_5_diff1": 0.64328,
        "nauc_precision_at_10_max": 0.605918,
        "nauc_precision_at_10_std": 0.078008,
        "nauc_precision_at_10_diff1": 0.670554,
        "nauc_precision_at_20_max": 0.629881,
        "nauc_precision_at_20_std": 0.150407,
        "nauc_precision_at_20_diff1": 0.680875,
        "nauc_precision_at_100_max": 0.668894,
        "nauc_precision_at_100_std": 0.283761,
        "nauc_precision_at_100_diff1": 0.717863,
        "nauc_precision_at_1000_max": 0.716309,
        "nauc_precision_at_1000_std": 0.727176,
        "nauc_precision_at_1000_diff1": 0.727928,
        "nauc_mrr_at_1_max": 0.378657,
        "nauc_mrr_at_1_std": -0.151187,
        "nauc_mrr_at_1_diff1": 0.735706,
        "nauc_mrr_at_3_max": 0.410688,
        "nauc_mrr_at_3_std": -0.127189,
        "nauc_mrr_at_3_diff1": 0.708747,
        "nauc_mrr_at_5_max": 0.415458,
        "nauc_mrr_at_5_std": -0.122479,
        "nauc_mrr_at_5_diff1": 0.709329,
        "nauc_mrr_at_10_max": 0.415728,
        "nauc_mrr_at_10_std": -0.12057,
        "nauc_mrr_at_10_diff1": 0.712014,
        "nauc_mrr_at_20_max": 0.414601,
        "nauc_mrr_at_20_std": -0.120915,
        "nauc_mrr_at_20_diff1": 0.712502,
        "nauc_mrr_at_100_max": 0.413697,
        "nauc_mrr_at_100_std": -0.12152,
        "nauc_mrr_at_100_diff1": 0.712718,
        "nauc_mrr_at_1000_max": 0.413629,
        "nauc_mrr_at_1000_std": -0.121595,
        "nauc_mrr_at_1000_diff1": 0.712731,
        "hit_rate_at_1": 0.6802,
        "hit_rate_at_3": 0.8444,
        "hit_rate_at_5": 0.8944,
        "hit_rate_at_10": 0.9288,
        "hit_rate_at_20": 0.952,
        "hit_rate_at_100": 0.9816,
        "hit_rate_at_1000": 0.9964,
        "main_score": 0.8091,
        "hf_subset": "default",
        "languages": [
          "eng-Latn"
        ]
      }
    ]
  },
  "evaluation_time": 435.2616832256317,
  "kg_co2_emissions": null,
  "date": 1778633917.797538
}