{
  "dataset_revision": "5377aa18f309ec440ff6325a4c2cd3362c2cb8d7",
  "task_name": "ChemRxivRetrieval",
  "mteb_version": "2.12.16",
  "scores": {
    "test": [
      {
        "ndcg_at_1": 0.6806,
        "ndcg_at_3": 0.77755,
        "ndcg_at_5": 0.79798,
        "ndcg_at_10": 0.80927,
        "ndcg_at_20": 0.81524,
        "ndcg_at_100": 0.8209,
        "ndcg_at_1000": 0.82281,
        "map_at_1": 0.6806,
        "map_at_3": 0.75423,
        "map_at_5": 0.76562,
        "map_at_10": 0.77038,
        "map_at_20": 0.77205,
        "map_at_100": 0.7729,
        "map_at_1000": 0.77297,
        "recall_at_1": 0.6806,
        "recall_at_3": 0.8448,
        "recall_at_5": 0.8942,
        "recall_at_10": 0.9286,
        "recall_at_20": 0.952,
        "recall_at_100": 0.9816,
        "recall_at_1000": 0.9964,
        "accuracy": 0.6806,
        "precision_at_1": 0.6806,
        "precision_at_3": 0.2816,
        "precision_at_5": 0.17884,
        "precision_at_10": 0.09286,
        "precision_at_20": 0.0476,
        "precision_at_100": 0.00982,
        "precision_at_1000": 0.001,
        "mrr_at_1": 0.6806,
        "mrr_at_3": 0.754233,
        "mrr_at_5": 0.765653,
        "mrr_at_10": 0.770413,
        "mrr_at_20": 0.772078,
        "mrr_at_100": 0.772929,
        "mrr_at_1000": 0.773005,
        "nauc_ndcg_at_1_max": 0.379678,
        "nauc_ndcg_at_1_std": -0.151277,
        "nauc_ndcg_at_1_diff1": 0.734579,
        "nauc_ndcg_at_3_max": 0.422028,
        "nauc_ndcg_at_3_std": -0.118035,
        "nauc_ndcg_at_3_diff1": 0.698045,
        "nauc_ndcg_at_5_max": 0.434261,
        "nauc_ndcg_at_5_std": -0.106922,
        "nauc_ndcg_at_5_diff1": 0.698499,
        "nauc_ndcg_at_10_max": 0.436277,
        "nauc_ndcg_at_10_std": -0.101021,
        "nauc_ndcg_at_10_diff1": 0.7054,
        "nauc_ndcg_at_20_max": 0.431884,
        "nauc_ndcg_at_20_std": -0.101648,
        "nauc_ndcg_at_20_diff1": 0.707623,
        "nauc_ndcg_at_100_max": 0.425454,
        "nauc_ndcg_at_100_std": -0.107211,
        "nauc_ndcg_at_100_diff1": 0.709394,
        "nauc_ndcg_at_1000_max": 0.422783,
        "nauc_ndcg_at_1000_std": -0.110403,
        "nauc_ndcg_at_1000_diff1": 0.709409,
        "nauc_map_at_1_max": 0.379678,
        "nauc_map_at_1_std": -0.151277,
        "nauc_map_at_1_diff1": 0.734579,
        "nauc_map_at_3_max": 0.410215,
        "nauc_map_at_3_std": -0.127959,
        "nauc_map_at_3_diff1": 0.707843,
        "nauc_map_at_5_max": 0.415725,
        "nauc_map_at_5_std": -0.122977,
        "nauc_map_at_5_diff1": 0.708493,
        "nauc_map_at_10_max": 0.416078,
        "nauc_map_at_10_std": -0.121294,
        "nauc_map_at_10_diff1": 0.711088,
        "nauc_map_at_20_max": 0.414921,
        "nauc_map_at_20_std": -0.121562,
        "nauc_map_at_20_diff1": 0.71163,
        "nauc_map_at_100_max": 0.414019,
        "nauc_map_at_100_std": -0.122174,
        "nauc_map_at_100_diff1": 0.711846,
        "nauc_map_at_1000_max": 0.413951,
        "nauc_map_at_1000_std": -0.12225,
        "nauc_map_at_1000_diff1": 0.711857,
        "nauc_recall_at_1_max": 0.379678,
        "nauc_recall_at_1_std": -0.151277,
        "nauc_recall_at_1_diff1": 0.734579,
        "nauc_recall_at_3_max": 0.471253,
        "nauc_recall_at_3_std": -0.076257,
        "nauc_recall_at_3_diff1": 0.657473,
        "nauc_recall_at_5_max": 0.541521,
        "nauc_recall_at_5_std": -0.013118,
        "nauc_recall_at_5_diff1": 0.643115,
        "nauc_recall_at_10_max": 0.605799,
        "nauc_recall_at_10_std": 0.074563,
        "nauc_recall_at_10_diff1": 0.668287,
        "nauc_recall_at_20_max": 0.629219,
        "nauc_recall_at_20_std": 0.150407,
        "nauc_recall_at_20_diff1": 0.68033,
        "nauc_recall_at_100_max": 0.666763,
        "nauc_recall_at_100_std": 0.283761,
        "nauc_recall_at_100_diff1": 0.717863,
        "nauc_recall_at_1000_max": 0.705415,
        "nauc_recall_at_1000_std": 0.727176,
        "nauc_recall_at_1000_diff1": 0.727928,
        "nauc_precision_at_1_max": 0.379678,
        "nauc_precision_at_1_std": -0.151277,
        "nauc_precision_at_1_diff1": 0.734579,
        "nauc_precision_at_3_max": 0.471253,
        "nauc_precision_at_3_std": -0.076257,
        "nauc_precision_at_3_diff1": 0.657473,
        "nauc_precision_at_5_max": 0.541521,
        "nauc_precision_at_5_std": -0.013118,
        "nauc_precision_at_5_diff1": 0.643115,
        "nauc_precision_at_10_max": 0.605799,
        "nauc_precision_at_10_std": 0.074563,
        "nauc_precision_at_10_diff1": 0.668287,
        "nauc_precision_at_20_max": 0.629219,
        "nauc_precision_at_20_std": 0.150407,
        "nauc_precision_at_20_diff1": 0.68033,
        "nauc_precision_at_100_max": 0.666763,
        "nauc_precision_at_100_std": 0.283761,
        "nauc_precision_at_100_diff1": 0.717863,
        "nauc_precision_at_1000_max": 0.705415,
        "nauc_precision_at_1000_std": 0.727176,
        "nauc_precision_at_1000_diff1": 0.727928,
        "nauc_mrr_at_1_max": 0.379678,
        "nauc_mrr_at_1_std": -0.151277,
        "nauc_mrr_at_1_diff1": 0.734579,
        "nauc_mrr_at_3_max": 0.410907,
        "nauc_mrr_at_3_std": -0.128212,
        "nauc_mrr_at_3_diff1": 0.707831,
        "nauc_mrr_at_5_max": 0.415955,
        "nauc_mrr_at_5_std": -0.122981,
        "nauc_mrr_at_5_diff1": 0.708411,
        "nauc_mrr_at_10_max": 0.416309,
        "nauc_mrr_at_10_std": -0.121303,
        "nauc_mrr_at_10_diff1": 0.711008,
        "nauc_mrr_at_20_max": 0.415153,
        "nauc_mrr_at_20_std": -0.121571,
        "nauc_mrr_at_20_diff1": 0.71155,
        "nauc_mrr_at_100_max": 0.414252,
        "nauc_mrr_at_100_std": -0.122182,
        "nauc_mrr_at_100_diff1": 0.711765,
        "nauc_mrr_at_1000_max": 0.414183,
        "nauc_mrr_at_1000_std": -0.122258,
        "nauc_mrr_at_1000_diff1": 0.711776,
        "hit_rate_at_1": 0.6806,
        "hit_rate_at_3": 0.8448,
        "hit_rate_at_5": 0.8942,
        "hit_rate_at_10": 0.9286,
        "hit_rate_at_20": 0.952,
        "hit_rate_at_100": 0.9816,
        "hit_rate_at_1000": 0.9964,
        "main_score": 0.80927,
        "hf_subset": "default",
        "languages": [
          "eng-Latn"
        ]
      }
    ]
  },
  "evaluation_time": 435.450382232666,
  "kg_co2_emissions": null,
  "date": 1778635739.296934
}