{
  "dataset_revision": "5377aa18f309ec440ff6325a4c2cd3362c2cb8d7",
  "task_name": "ChemRxivRetrieval",
  "mteb_version": "2.12.16",
  "scores": {
    "test": [
      {
        "ndcg_at_1": 0.8134,
        "ndcg_at_3": 0.88288,
        "ndcg_at_5": 0.89281,
        "ndcg_at_10": 0.8989,
        "ndcg_at_20": 0.90185,
        "ndcg_at_100": 0.90394,
        "ndcg_at_1000": 0.90454,
        "map_at_1": 0.8134,
        "map_at_3": 0.86643,
        "map_at_5": 0.87202,
        "map_at_10": 0.87458,
        "map_at_20": 0.8754,
        "map_at_100": 0.87571,
        "map_at_1000": 0.87573,
        "recall_at_1": 0.8134,
        "recall_at_3": 0.9302,
        "recall_at_5": 0.954,
        "recall_at_10": 0.9726,
        "recall_at_20": 0.9842,
        "recall_at_100": 0.9952,
        "recall_at_1000": 1.0,
        "accuracy": 0.8134,
        "precision_at_1": 0.8134,
        "precision_at_3": 0.31007,
        "precision_at_5": 0.1908,
        "precision_at_10": 0.09726,
        "precision_at_20": 0.04921,
        "precision_at_100": 0.00995,
        "precision_at_1000": 0.001,
        "mrr_at_1": 0.8134,
        "mrr_at_3": 0.866433,
        "mrr_at_5": 0.872063,
        "mrr_at_10": 0.874591,
        "mrr_at_20": 0.875404,
        "mrr_at_100": 0.875718,
        "mrr_at_1000": 0.875738,
        "nauc_ndcg_at_1_max": 0.523792,
        "nauc_ndcg_at_1_std": -0.241695,
        "nauc_ndcg_at_1_diff1": 0.833336,
        "nauc_ndcg_at_3_max": 0.598308,
        "nauc_ndcg_at_3_std": -0.226875,
        "nauc_ndcg_at_3_diff1": 0.813579,
        "nauc_ndcg_at_5_max": 0.599312,
        "nauc_ndcg_at_5_std": -0.224984,
        "nauc_ndcg_at_5_diff1": 0.817949,
        "nauc_ndcg_at_10_max": 0.591771,
        "nauc_ndcg_at_10_std": -0.228466,
        "nauc_ndcg_at_10_diff1": 0.820139,
        "nauc_ndcg_at_20_max": 0.586454,
        "nauc_ndcg_at_20_std": -0.219569,
        "nauc_ndcg_at_20_diff1": 0.81896,
        "nauc_ndcg_at_100_max": 0.580054,
        "nauc_ndcg_at_100_std": -0.223147,
        "nauc_ndcg_at_100_diff1": 0.820203,
        "nauc_ndcg_at_1000_max": 0.577901,
        "nauc_ndcg_at_1000_std": -0.226926,
        "nauc_ndcg_at_1000_diff1": 0.820744,
        "nauc_map_at_1_max": 0.523792,
        "nauc_map_at_1_std": -0.241695,
        "nauc_map_at_1_diff1": 0.833336,
        "nauc_map_at_3_max": 0.575252,
        "nauc_map_at_3_std": -0.231408,
        "nauc_map_at_3_diff1": 0.819098,
        "nauc_map_at_5_max": 0.574896,
        "nauc_map_at_5_std": -0.230527,
        "nauc_map_at_5_diff1": 0.821493,
        "nauc_map_at_10_max": 0.571692,
        "nauc_map_at_10_std": -0.232077,
        "nauc_map_at_10_diff1": 0.822295,
        "nauc_map_at_20_max": 0.5704,
        "nauc_map_at_20_std": -0.230287,
        "nauc_map_at_20_diff1": 0.822051,
        "nauc_map_at_100_max": 0.569644,
        "nauc_map_at_100_std": -0.230733,
        "nauc_map_at_100_diff1": 0.822222,
        "nauc_map_at_1000_max": 0.569585,
        "nauc_map_at_1000_std": -0.230835,
        "nauc_map_at_1000_diff1": 0.822236,
        "nauc_recall_at_1_max": 0.523792,
        "nauc_recall_at_1_std": -0.241695,
        "nauc_recall_at_1_diff1": 0.833336,
        "nauc_recall_at_3_max": 0.718993,
        "nauc_recall_at_3_std": -0.203186,
        "nauc_recall_at_3_diff1": 0.78517,
        "nauc_recall_at_5_max": 0.784379,
        "nauc_recall_at_5_std": -0.182909,
        "nauc_recall_at_5_diff1": 0.793115,
        "nauc_recall_at_10_max": 0.831507,
        "nauc_recall_at_10_std": -0.185937,
        "nauc_recall_at_10_diff1": 0.800415,
        "nauc_recall_at_20_max": 0.882554,
        "nauc_recall_at_20_std": 0.060916,
        "nauc_recall_at_20_diff1": 0.758424,
        "nauc_recall_at_100_max": 0.908185,
        "nauc_recall_at_100_std": 0.345783,
        "nauc_recall_at_100_diff1": 0.738815,
        "nauc_recall_at_1000_max": NaN,
        "nauc_recall_at_1000_std": NaN,
        "nauc_recall_at_1000_diff1": NaN,
        "nauc_precision_at_1_max": 0.523792,
        "nauc_precision_at_1_std": -0.241695,
        "nauc_precision_at_1_diff1": 0.833336,
        "nauc_precision_at_3_max": 0.718993,
        "nauc_precision_at_3_std": -0.203186,
        "nauc_precision_at_3_diff1": 0.78517,
        "nauc_precision_at_5_max": 0.784379,
        "nauc_precision_at_5_std": -0.182909,
        "nauc_precision_at_5_diff1": 0.793115,
        "nauc_precision_at_10_max": 0.831507,
        "nauc_precision_at_10_std": -0.185937,
        "nauc_precision_at_10_diff1": 0.800415,
        "nauc_precision_at_20_max": 0.882554,
        "nauc_precision_at_20_std": 0.060916,
        "nauc_precision_at_20_diff1": 0.758424,
        "nauc_precision_at_100_max": 0.908185,
        "nauc_precision_at_100_std": 0.345783,
        "nauc_precision_at_100_diff1": 0.738815,
        "nauc_precision_at_1000_max": 1.0,
        "nauc_precision_at_1000_std": 1.0,
        "nauc_precision_at_1000_diff1": 1.0,
        "nauc_mrr_at_1_max": 0.523792,
        "nauc_mrr_at_1_std": -0.241695,
        "nauc_mrr_at_1_diff1": 0.833336,
        "nauc_mrr_at_3_max": 0.575252,
        "nauc_mrr_at_3_std": -0.231408,
        "nauc_mrr_at_3_diff1": 0.819098,
        "nauc_mrr_at_5_max": 0.574757,
        "nauc_mrr_at_5_std": -0.230226,
        "nauc_mrr_at_5_diff1": 0.821434,
        "nauc_mrr_at_10_max": 0.571668,
        "nauc_mrr_at_10_std": -0.232026,
        "nauc_mrr_at_10_diff1": 0.822285,
        "nauc_mrr_at_20_max": 0.570376,
        "nauc_mrr_at_20_std": -0.230236,
        "nauc_mrr_at_20_diff1": 0.822041,
        "nauc_mrr_at_100_max": 0.569619,
        "nauc_mrr_at_100_std": -0.230681,
        "nauc_mrr_at_100_diff1": 0.822212,
        "nauc_mrr_at_1000_max": 0.569561,
        "nauc_mrr_at_1000_std": -0.230783,
        "nauc_mrr_at_1000_diff1": 0.822226,
        "hit_rate_at_1": 0.8134,
        "hit_rate_at_3": 0.9302,
        "hit_rate_at_5": 0.954,
        "hit_rate_at_10": 0.9726,
        "hit_rate_at_20": 0.9842,
        "hit_rate_at_100": 0.9952,
        "hit_rate_at_1000": 1.0,
        "main_score": 0.8989,
        "hf_subset": "default",
        "languages": [
          "eng-Latn"
        ]
      }
    ]
  },
  "evaluation_time": 435.5232627391815,
  "kg_co2_emissions": null,
  "date": 1778643705.959545
}