{
  "dataset_revision": "5d958fb6b31055495347724d46431ba41309b03a",
  "task_name": "ChemNQRetrieval",
  "mteb_version": "2.12.16",
  "scores": {
    "test": [
      {
        "ndcg_at_1": 0.44444,
        "ndcg_at_3": 0.51716,
        "ndcg_at_5": 0.56601,
        "ndcg_at_10": 0.5926,
        "ndcg_at_20": 0.61601,
        "ndcg_at_100": 0.6238,
        "ndcg_at_1000": 0.63731,
        "map_at_1": 0.32716,
        "map_at_3": 0.46914,
        "map_at_5": 0.49784,
        "map_at_10": 0.51183,
        "map_at_20": 0.51871,
        "map_at_100": 0.52014,
        "map_at_1000": 0.52075,
        "recall_at_1": 0.32716,
        "recall_at_3": 0.58642,
        "recall_at_5": 0.69753,
        "recall_at_10": 0.7716,
        "recall_at_20": 0.8642,
        "recall_at_100": 0.90123,
        "recall_at_1000": 1.0,
        "accuracy": 0.32716,
        "precision_at_1": 0.44444,
        "precision_at_3": 0.24691,
        "precision_at_5": 0.17778,
        "precision_at_10": 0.1,
        "precision_at_20": 0.05556,
        "precision_at_100": 0.01148,
        "precision_at_1000": 0.0013,
        "mrr_at_1": 0.444444,
        "mrr_at_3": 0.549383,
        "mrr_at_5": 0.575309,
        "mrr_at_10": 0.581481,
        "mrr_at_20": 0.585718,
        "mrr_at_100": 0.587142,
        "mrr_at_1000": 0.587429,
        "nauc_ndcg_at_1_max": 0.367244,
        "nauc_ndcg_at_1_std": 0.042502,
        "nauc_ndcg_at_1_diff1": 0.375378,
        "nauc_ndcg_at_3_max": 0.109246,
        "nauc_ndcg_at_3_std": -0.107892,
        "nauc_ndcg_at_3_diff1": 0.166748,
        "nauc_ndcg_at_5_max": 0.269229,
        "nauc_ndcg_at_5_std": 0.057006,
        "nauc_ndcg_at_5_diff1": 0.192838,
        "nauc_ndcg_at_10_max": 0.285788,
        "nauc_ndcg_at_10_std": 0.057501,
        "nauc_ndcg_at_10_diff1": 0.176485,
        "nauc_ndcg_at_20_max": 0.271706,
        "nauc_ndcg_at_20_std": 0.064042,
        "nauc_ndcg_at_20_diff1": 0.266996,
        "nauc_ndcg_at_100_max": 0.257556,
        "nauc_ndcg_at_100_std": 0.048623,
        "nauc_ndcg_at_100_diff1": 0.252698,
        "nauc_ndcg_at_1000_max": 0.255537,
        "nauc_ndcg_at_1000_std": 0.031757,
        "nauc_ndcg_at_1000_diff1": 0.241078,
        "nauc_map_at_1_max": 0.191898,
        "nauc_map_at_1_std": 0.030898,
        "nauc_map_at_1_diff1": 0.296791,
        "nauc_map_at_3_max": 0.086816,
        "nauc_map_at_3_std": -0.113503,
        "nauc_map_at_3_diff1": 0.209766,
        "nauc_map_at_5_max": 0.182038,
        "nauc_map_at_5_std": -0.027474,
        "nauc_map_at_5_diff1": 0.223501,
        "nauc_map_at_10_max": 0.19414,
        "nauc_map_at_10_std": -0.023211,
        "nauc_map_at_10_diff1": 0.218603,
        "nauc_map_at_20_max": 0.192803,
        "nauc_map_at_20_std": -0.015952,
        "nauc_map_at_20_diff1": 0.238429,
        "nauc_map_at_100_max": 0.190245,
        "nauc_map_at_100_std": -0.01871,
        "nauc_map_at_100_diff1": 0.236091,
        "nauc_map_at_1000_max": 0.189687,
        "nauc_map_at_1000_std": -0.019864,
        "nauc_map_at_1000_diff1": 0.23578,
        "nauc_recall_at_1_max": 0.191898,
        "nauc_recall_at_1_std": 0.030898,
        "nauc_recall_at_1_diff1": 0.296791,
        "nauc_recall_at_3_max": -0.038962,
        "nauc_recall_at_3_std": -0.170766,
        "nauc_recall_at_3_diff1": -0.005499,
        "nauc_recall_at_5_max": 0.322019,
        "nauc_recall_at_5_std": 0.217186,
        "nauc_recall_at_5_diff1": 0.027901,
        "nauc_recall_at_10_max": 0.423639,
        "nauc_recall_at_10_std": 0.257025,
        "nauc_recall_at_10_diff1": -0.051904,
        "nauc_recall_at_20_max": 0.342639,
        "nauc_recall_at_20_std": 0.341441,
        "nauc_recall_at_20_diff1": 0.548779,
        "nauc_recall_at_100_max": 0.188568,
        "nauc_recall_at_100_std": 0.249654,
        "nauc_recall_at_100_diff1": 0.46519,
        "nauc_recall_at_1000_max": NaN,
        "nauc_recall_at_1000_std": NaN,
        "nauc_recall_at_1000_diff1": NaN,
        "nauc_precision_at_1_max": 0.367244,
        "nauc_precision_at_1_std": 0.042502,
        "nauc_precision_at_1_diff1": 0.375378,
        "nauc_precision_at_3_max": 0.131337,
        "nauc_precision_at_3_std": -0.185855,
        "nauc_precision_at_3_diff1": 0.149598,
        "nauc_precision_at_5_max": 0.480735,
        "nauc_precision_at_5_std": 0.192869,
        "nauc_precision_at_5_diff1": 0.165005,
        "nauc_precision_at_10_max": 0.520877,
        "nauc_precision_at_10_std": 0.227652,
        "nauc_precision_at_10_diff1": 0.123115,
        "nauc_precision_at_20_max": 0.498959,
        "nauc_precision_at_20_std": 0.309899,
        "nauc_precision_at_20_diff1": 0.332026,
        "nauc_precision_at_100_max": 0.476969,
        "nauc_precision_at_100_std": 0.285765,
        "nauc_precision_at_100_diff1": 0.293671,
        "nauc_precision_at_1000_max": 0.400699,
        "nauc_precision_at_1000_std": 0.168638,
        "nauc_precision_at_1000_diff1": 0.189255,
        "nauc_mrr_at_1_max": 0.367244,
        "nauc_mrr_at_1_std": 0.042502,
        "nauc_mrr_at_1_diff1": 0.375378,
        "nauc_mrr_at_3_max": 0.309532,
        "nauc_mrr_at_3_std": -0.013196,
        "nauc_mrr_at_3_diff1": 0.241806,
        "nauc_mrr_at_5_max": 0.385278,
        "nauc_mrr_at_5_std": 0.089337,
        "nauc_mrr_at_5_diff1": 0.261594,
        "nauc_mrr_at_10_max": 0.370468,
        "nauc_mrr_at_10_std": 0.07285,
        "nauc_mrr_at_10_diff1": 0.250629,
        "nauc_mrr_at_20_max": 0.364963,
        "nauc_mrr_at_20_std": 0.065969,
        "nauc_mrr_at_20_diff1": 0.270443,
        "nauc_mrr_at_100_max": 0.363236,
        "nauc_mrr_at_100_std": 0.063606,
        "nauc_mrr_at_100_diff1": 0.26826,
        "nauc_mrr_at_1000_max": 0.362854,
        "nauc_mrr_at_1000_std": 0.062934,
        "nauc_mrr_at_1000_diff1": 0.267647,
        "hit_rate_at_1": 0.44444,
        "hit_rate_at_3": 0.66667,
        "hit_rate_at_5": 0.77778,
        "hit_rate_at_10": 0.81481,
        "hit_rate_at_20": 0.88889,
        "hit_rate_at_100": 0.92593,
        "hit_rate_at_1000": 1.0,
        "main_score": 0.5926,
        "hf_subset": "default",
        "languages": [
          "eng-Latn"
        ]
      }
    ]
  },
  "evaluation_time": 61.66601085662842,
  "kg_co2_emissions": null,
  "date": 1778643183.642365
}