{
  "dataset_revision": "1840e8a5ac6ec752bbdd97d543ead0189bc7c25b",
  "task_name": "ChemHotpotQARetrieval",
  "mteb_version": "2.12.16",
  "scores": {
    "train": [
      {
        "ndcg_at_1": 0.81111,
        "ndcg_at_3": 0.84792,
        "ndcg_at_5": 0.86418,
        "ndcg_at_10": 0.86778,
        "ndcg_at_20": 0.87571,
        "ndcg_at_100": 0.87933,
        "ndcg_at_1000": 0.88082,
        "map_at_1": 0.79167,
        "map_at_3": 0.83426,
        "map_at_5": 0.84343,
        "map_at_10": 0.84491,
        "map_at_20": 0.84723,
        "map_at_100": 0.84798,
        "map_at_1000": 0.84805,
        "recall_at_1": 0.79167,
        "recall_at_3": 0.88056,
        "recall_at_5": 0.91944,
        "recall_at_10": 0.93056,
        "recall_at_20": 0.96111,
        "recall_at_100": 0.97778,
        "recall_at_1000": 0.98889,
        "accuracy": 0.79167,
        "precision_at_1": 0.81111,
        "precision_at_3": 0.3037,
        "precision_at_5": 0.19,
        "precision_at_10": 0.09611,
        "precision_at_20": 0.04972,
        "precision_at_100": 0.01017,
        "precision_at_1000": 0.00103,
        "mrr_at_1": 0.811111,
        "mrr_at_3": 0.842593,
        "mrr_at_5": 0.851759,
        "mrr_at_10": 0.853247,
        "mrr_at_20": 0.855282,
        "mrr_at_100": 0.855673,
        "mrr_at_1000": 0.855742,
        "nauc_ndcg_at_1_max": 0.614707,
        "nauc_ndcg_at_1_std": -0.207512,
        "nauc_ndcg_at_1_diff1": 0.896851,
        "nauc_ndcg_at_3_max": 0.549653,
        "nauc_ndcg_at_3_std": -0.288302,
        "nauc_ndcg_at_3_diff1": 0.795715,
        "nauc_ndcg_at_5_max": 0.508596,
        "nauc_ndcg_at_5_std": -0.330752,
        "nauc_ndcg_at_5_diff1": 0.78105,
        "nauc_ndcg_at_10_max": 0.500422,
        "nauc_ndcg_at_10_std": -0.322331,
        "nauc_ndcg_at_10_diff1": 0.776595,
        "nauc_ndcg_at_20_max": 0.490036,
        "nauc_ndcg_at_20_std": -0.314499,
        "nauc_ndcg_at_20_diff1": 0.778773,
        "nauc_ndcg_at_100_max": 0.516114,
        "nauc_ndcg_at_100_std": -0.285134,
        "nauc_ndcg_at_100_diff1": 0.804062,
        "nauc_ndcg_at_1000_max": 0.514468,
        "nauc_ndcg_at_1000_std": -0.281472,
        "nauc_ndcg_at_1000_diff1": 0.806125,
        "nauc_map_at_1_max": 0.507955,
        "nauc_map_at_1_std": -0.279748,
        "nauc_map_at_1_diff1": 0.83522,
        "nauc_map_at_3_max": 0.539288,
        "nauc_map_at_3_std": -0.282766,
        "nauc_map_at_3_diff1": 0.788664,
        "nauc_map_at_5_max": 0.518073,
        "nauc_map_at_5_std": -0.30494,
        "nauc_map_at_5_diff1": 0.781058,
        "nauc_map_at_10_max": 0.515301,
        "nauc_map_at_10_std": -0.301237,
        "nauc_map_at_10_diff1": 0.779453,
        "nauc_map_at_20_max": 0.513064,
        "nauc_map_at_20_std": -0.298852,
        "nauc_map_at_20_diff1": 0.779652,
        "nauc_map_at_100_max": 0.518656,
        "nauc_map_at_100_std": -0.293652,
        "nauc_map_at_100_diff1": 0.78526,
        "nauc_map_at_1000_max": 0.518547,
        "nauc_map_at_1000_std": -0.293522,
        "nauc_map_at_1000_diff1": 0.78531,
        "nauc_recall_at_1_max": 0.507955,
        "nauc_recall_at_1_std": -0.279748,
        "nauc_recall_at_1_diff1": 0.83522,
        "nauc_recall_at_3_max": 0.49696,
        "nauc_recall_at_3_std": -0.373117,
        "nauc_recall_at_3_diff1": 0.71798,
        "nauc_recall_at_5_max": 0.310876,
        "nauc_recall_at_5_std": -0.558437,
        "nauc_recall_at_5_diff1": 0.615522,
        "nauc_recall_at_10_max": 0.233296,
        "nauc_recall_at_10_std": -0.552923,
        "nauc_recall_at_10_diff1": 0.564463,
        "nauc_recall_at_20_max": -0.089903,
        "nauc_recall_at_20_std": -0.655929,
        "nauc_recall_at_20_diff1": 0.446845,
        "nauc_recall_at_100_max": 0.049603,
        "nauc_recall_at_100_std": -0.235061,
        "nauc_recall_at_100_diff1": 0.74965,
        "nauc_recall_at_1000_max": -0.514472,
        "nauc_recall_at_1000_std": 0.093371,
        "nauc_recall_at_1000_diff1": 0.861111,
        "nauc_precision_at_1_max": 0.614707,
        "nauc_precision_at_1_std": -0.207512,
        "nauc_precision_at_1_diff1": 0.896851,
        "nauc_precision_at_3_max": 0.490278,
        "nauc_precision_at_3_std": -0.133734,
        "nauc_precision_at_3_diff1": 0.491047,
        "nauc_precision_at_5_max": 0.357721,
        "nauc_precision_at_5_std": -0.19121,
        "nauc_precision_at_5_diff1": 0.347055,
        "nauc_precision_at_10_max": 0.308942,
        "nauc_precision_at_10_std": -0.146478,
        "nauc_precision_at_10_diff1": 0.281622,
        "nauc_precision_at_20_max": 0.117414,
        "nauc_precision_at_20_std": -0.015308,
        "nauc_precision_at_20_diff1": 0.058024,
        "nauc_precision_at_100_max": 0.265372,
        "nauc_precision_at_100_std": 0.319301,
        "nauc_precision_at_100_diff1": 0.152264,
        "nauc_precision_at_1000_max": 0.216245,
        "nauc_precision_at_1000_std": 0.443815,
        "nauc_precision_at_1000_diff1": 0.083726,
        "nauc_mrr_at_1_max": 0.614707,
        "nauc_mrr_at_1_std": -0.207512,
        "nauc_mrr_at_1_diff1": 0.896851,
        "nauc_mrr_at_3_max": 0.618095,
        "nauc_mrr_at_3_std": -0.228,
        "nauc_mrr_at_3_diff1": 0.878842,
        "nauc_mrr_at_5_max": 0.60077,
        "nauc_mrr_at_5_std": -0.247831,
        "nauc_mrr_at_5_diff1": 0.876494,
        "nauc_mrr_at_10_max": 0.598743,
        "nauc_mrr_at_10_std": -0.243338,
        "nauc_mrr_at_10_diff1": 0.875828,
        "nauc_mrr_at_20_max": 0.598,
        "nauc_mrr_at_20_std": -0.239888,
        "nauc_mrr_at_20_diff1": 0.877445,
        "nauc_mrr_at_100_max": 0.598365,
        "nauc_mrr_at_100_std": -0.238159,
        "nauc_mrr_at_100_diff1": 0.877257,
        "nauc_mrr_at_1000_max": 0.598291,
        "nauc_mrr_at_1000_std": -0.237994,
        "nauc_mrr_at_1000_diff1": 0.877355,
        "hit_rate_at_1": 0.81111,
        "hit_rate_at_3": 0.88889,
        "hit_rate_at_5": 0.92778,
        "hit_rate_at_10": 0.93889,
        "hit_rate_at_20": 0.96667,
        "hit_rate_at_100": 0.97778,
        "hit_rate_at_1000": 0.98889,
        "main_score": 0.86778,
        "hf_subset": "default",
        "languages": [
          "eng-Latn"
        ]
      }
    ],
    "dev": [
      {
        "ndcg_at_1": 0.875,
        "ndcg_at_3": 0.875,
        "ndcg_at_5": 0.875,
        "ndcg_at_10": 0.875,
        "ndcg_at_20": 0.875,
        "ndcg_at_100": 0.875,
        "ndcg_at_1000": 0.89225,
        "map_at_1": 0.875,
        "map_at_3": 0.875,
        "map_at_5": 0.875,
        "map_at_10": 0.875,
        "map_at_20": 0.875,
        "map_at_100": 0.875,
        "map_at_1000": 0.87583,
        "recall_at_1": 0.875,
        "recall_at_3": 0.875,
        "recall_at_5": 0.875,
        "recall_at_10": 0.875,
        "recall_at_20": 0.875,
        "recall_at_100": 0.875,
        "recall_at_1000": 1.0,
        "accuracy": 0.875,
        "precision_at_1": 0.875,
        "precision_at_3": 0.29167,
        "precision_at_5": 0.175,
        "precision_at_10": 0.0875,
        "precision_at_20": 0.04375,
        "precision_at_100": 0.00875,
        "precision_at_1000": 0.001,
        "mrr_at_1": 0.875,
        "mrr_at_3": 0.875,
        "mrr_at_5": 0.875,
        "mrr_at_10": 0.875,
        "mrr_at_20": 0.875,
        "mrr_at_100": 0.875,
        "mrr_at_1000": 0.875828,
        "nauc_ndcg_at_1_max": 1.0,
        "nauc_ndcg_at_1_std": 0.551821,
        "nauc_ndcg_at_1_diff1": 0.865546,
        "nauc_ndcg_at_3_max": 1.0,
        "nauc_ndcg_at_3_std": 0.551821,
        "nauc_ndcg_at_3_diff1": 0.865546,
        "nauc_ndcg_at_5_max": 1.0,
        "nauc_ndcg_at_5_std": 0.551821,
        "nauc_ndcg_at_5_diff1": 0.865546,
        "nauc_ndcg_at_10_max": 1.0,
        "nauc_ndcg_at_10_std": 0.551821,
        "nauc_ndcg_at_10_diff1": 0.865546,
        "nauc_ndcg_at_20_max": 1.0,
        "nauc_ndcg_at_20_std": 0.551821,
        "nauc_ndcg_at_20_diff1": 0.865546,
        "nauc_ndcg_at_100_max": 1.0,
        "nauc_ndcg_at_100_std": 0.551821,