{
  "dataset_revision": "5d958fb6b31055495347724d46431ba41309b03a",
  "task_name": "ChemNQRetrieval",
  "mteb_version": "2.12.15",
  "scores": {
    "test": [
      {
        "ndcg_at_1": 0.44444,
        "ndcg_at_3": 0.55905,
        "ndcg_at_5": 0.58378,
        "ndcg_at_10": 0.60448,
        "ndcg_at_20": 0.62956,
        "ndcg_at_100": 0.64529,
        "ndcg_at_1000": 0.6515,
        "map_at_1": 0.32716,
        "map_at_3": 0.5,
        "map_at_5": 0.51667,
        "map_at_10": 0.52672,
        "map_at_20": 0.5352,
        "map_at_100": 0.53702,
        "map_at_1000": 0.53728,
        "recall_at_1": 0.32716,
        "recall_at_3": 0.66049,
        "recall_at_5": 0.71605,
        "recall_at_10": 0.7716,
        "recall_at_20": 0.8642,
        "recall_at_100": 0.95062,
        "recall_at_1000": 1.0,
        "accuracy": 0.32716,
        "precision_at_1": 0.44444,
        "precision_at_3": 0.2716,
        "precision_at_5": 0.17778,
        "precision_at_10": 0.1,
        "precision_at_20": 0.05556,
        "precision_at_100": 0.01222,
        "precision_at_1000": 0.0013,
        "mrr_at_1": 0.444444,
        "mrr_at_3": 0.580247,
        "mrr_at_5": 0.589506,
        "mrr_at_10": 0.594797,
        "mrr_at_20": 0.599912,
        "mrr_at_100": 0.601482,
        "mrr_at_1000": 0.601534,
        "nauc_ndcg_at_1_max": 0.429129,
        "nauc_ndcg_at_1_std": 0.000334,
        "nauc_ndcg_at_1_diff1": 0.485486,
        "nauc_ndcg_at_3_max": 0.224393,
        "nauc_ndcg_at_3_std": -0.09393,
        "nauc_ndcg_at_3_diff1": 0.272094,
        "nauc_ndcg_at_5_max": 0.299221,
        "nauc_ndcg_at_5_std": -0.045502,
        "nauc_ndcg_at_5_diff1": 0.252474,
        "nauc_ndcg_at_10_max": 0.345096,
        "nauc_ndcg_at_10_std": 0.037311,
        "nauc_ndcg_at_10_diff1": 0.26203,
        "nauc_ndcg_at_20_max": 0.351193,
        "nauc_ndcg_at_20_std": 0.05861,
        "nauc_ndcg_at_20_diff1": 0.338033,
        "nauc_ndcg_at_100_max": 0.32442,
        "nauc_ndcg_at_100_std": 0.015705,
        "nauc_ndcg_at_100_diff1": 0.336517,
        "nauc_ndcg_at_1000_max": 0.340499,
        "nauc_ndcg_at_1000_std": 0.022267,
        "nauc_ndcg_at_1000_diff1": 0.34045,
        "nauc_map_at_1_max": 0.234744,
        "nauc_map_at_1_std": -0.001257,
        "nauc_map_at_1_diff1": 0.386788,
        "nauc_map_at_3_max": 0.207487,
        "nauc_map_at_3_std": -0.090645,
        "nauc_map_at_3_diff1": 0.314889,
        "nauc_map_at_5_max": 0.260691,
        "nauc_map_at_5_std": -0.059793,
        "nauc_map_at_5_diff1": 0.298852,
        "nauc_map_at_10_max": 0.279043,
        "nauc_map_at_10_std": -0.027083,
        "nauc_map_at_10_diff1": 0.302197,
        "nauc_map_at_20_max": 0.289079,
        "nauc_map_at_20_std": -0.0131,
        "nauc_map_at_20_diff1": 0.327321,
        "nauc_map_at_100_max": 0.286252,
        "nauc_map_at_100_std": -0.017323,
        "nauc_map_at_100_diff1": 0.327204,
        "nauc_map_at_1000_max": 0.28644,
        "nauc_map_at_1000_std": -0.017481,
        "nauc_map_at_1000_diff1": 0.327695,
        "nauc_recall_at_1_max": 0.234744,
        "nauc_recall_at_1_std": -0.001257,
        "nauc_recall_at_1_diff1": 0.386788,
        "nauc_recall_at_3_max": 0.032504,
        "nauc_recall_at_3_std": -0.186053,
        "nauc_recall_at_3_diff1": 0.050819,
        "nauc_recall_at_5_max": 0.195725,
        "nauc_recall_at_5_std": -0.081471,
        "nauc_recall_at_5_diff1": -0.014253,
        "nauc_recall_at_10_max": 0.349224,
        "nauc_recall_at_10_std": 0.183263,
        "nauc_recall_at_10_diff1": -0.017387,
        "nauc_recall_at_20_max": 0.342639,
        "nauc_recall_at_20_std": 0.341441,
        "nauc_recall_at_20_diff1": 0.350752,
        "nauc_recall_at_100_max": -0.401166,
        "nauc_recall_at_100_std": -0.34008,
        "nauc_recall_at_100_diff1": 0.273904,
        "nauc_recall_at_1000_max": NaN,
        "nauc_recall_at_1000_std": NaN,
        "nauc_recall_at_1000_diff1": NaN,
        "nauc_precision_at_1_max": 0.429129,
        "nauc_precision_at_1_std": 0.000334,
        "nauc_precision_at_1_diff1": 0.485486,
        "nauc_precision_at_3_max": 0.27393,
        "nauc_precision_at_3_std": -0.217857,
        "nauc_precision_at_3_diff1": 0.253764,
        "nauc_precision_at_5_max": 0.427166,
        "nauc_precision_at_5_std": -0.089826,
        "nauc_precision_at_5_diff1": 0.151258,
        "nauc_precision_at_10_max": 0.475519,
        "nauc_precision_at_10_std": 0.174602,
        "nauc_precision_at_10_diff1": 0.13003,
        "nauc_precision_at_20_max": 0.537954,
        "nauc_precision_at_20_std": 0.288083,
        "nauc_precision_at_20_diff1": 0.318173,
        "nauc_precision_at_100_max": 0.428612,
        "nauc_precision_at_100_std": 0.134352,
        "nauc_precision_at_100_diff1": 0.312644,
        "nauc_precision_at_1000_max": 0.442255,
        "nauc_precision_at_1000_std": 0.14539,
        "nauc_precision_at_1000_diff1": 0.292286,
        "nauc_mrr_at_1_max": 0.429129,
        "nauc_mrr_at_1_std": 0.000334,
        "nauc_mrr_at_1_diff1": 0.485486,
        "nauc_mrr_at_3_max": 0.41839,
        "nauc_mrr_at_3_std": 0.000777,
        "nauc_mrr_at_3_diff1": 0.364913,
        "nauc_mrr_at_5_max": 0.433328,
        "nauc_mrr_at_5_std": 0.018682,
        "nauc_mrr_at_5_diff1": 0.369621,
        "nauc_mrr_at_10_max": 0.449351,
        "nauc_mrr_at_10_std": 0.050345,
        "nauc_mrr_at_10_diff1": 0.37763,
        "nauc_mrr_at_20_max": 0.442196,
        "nauc_mrr_at_20_std": 0.045045,
        "nauc_mrr_at_20_diff1": 0.390208,
        "nauc_mrr_at_100_max": 0.440191,
        "nauc_mrr_at_100_std": 0.041499,
        "nauc_mrr_at_100_diff1": 0.389773,
        "nauc_mrr_at_1000_max": 0.440374,
        "nauc_mrr_at_1000_std": 0.04161,
        "nauc_mrr_at_1000_diff1": 0.389743,
        "hit_rate_at_1": 0.44444,
        "hit_rate_at_3": 0.74074,
        "hit_rate_at_5": 0.77778,
        "hit_rate_at_10": 0.81481,
        "hit_rate_at_20": 0.88889,
        "hit_rate_at_100": 0.96296,
        "hit_rate_at_1000": 1.0,
        "main_score": 0.60448,
        "hf_subset": "default",
        "languages": [
          "eng-Latn"
        ]
      }
    ]
  },
  "evaluation_time": 70.34743762016296,
  "kg_co2_emissions": null,
  "date": 1775765709.622657
}