{
  "dataset_revision": "1840e8a5ac6ec752bbdd97d543ead0189bc7c25b",
  "task_name": "ChemHotpotQARetrieval",
  "mteb_version": "2.12.15",
  "scores": {
    "train": [
      {
        "ndcg_at_1": 0.82222,
        "ndcg_at_3": 0.8542,
        "ndcg_at_5": 0.86304,
        "ndcg_at_10": 0.87735,
        "ndcg_at_20": 0.88045,
        "ndcg_at_100": 0.88469,
        "ndcg_at_1000": 0.8861,
        "map_at_1": 0.80278,
        "map_at_3": 0.84259,
        "map_at_5": 0.84731,
        "map_at_10": 0.85319,
        "map_at_20": 0.8542,
        "map_at_100": 0.8551,
        "map_at_1000": 0.85515,
        "recall_at_1": 0.80278,
        "recall_at_3": 0.88056,
        "recall_at_5": 0.90278,
        "recall_at_10": 0.94722,
        "recall_at_20": 0.95833,
        "recall_at_100": 0.97778,
        "recall_at_1000": 0.98889,
        "accuracy": 0.80278,
        "precision_at_1": 0.82222,
        "precision_at_3": 0.3037,
        "precision_at_5": 0.18667,
        "precision_at_10": 0.09778,
        "precision_at_20": 0.04944,
        "precision_at_100": 0.01017,
        "precision_at_1000": 0.00103,
        "mrr_at_1": 0.822222,
        "mrr_at_3": 0.850926,
        "mrr_at_5": 0.855648,
        "mrr_at_10": 0.861528,
        "mrr_at_20": 0.862538,
        "mrr_at_100": 0.862903,
        "mrr_at_1000": 0.862953,
        "nauc_ndcg_at_1_max": 0.622663,
        "nauc_ndcg_at_1_std": -0.202494,
        "nauc_ndcg_at_1_diff1": 0.898644,
        "nauc_ndcg_at_3_max": 0.559158,
        "nauc_ndcg_at_3_std": -0.257612,
        "nauc_ndcg_at_3_diff1": 0.79661,
        "nauc_ndcg_at_5_max": 0.538224,
        "nauc_ndcg_at_5_std": -0.295558,
        "nauc_ndcg_at_5_diff1": 0.795611,
        "nauc_ndcg_at_10_max": 0.514123,
        "nauc_ndcg_at_10_std": -0.300589,
        "nauc_ndcg_at_10_diff1": 0.780677,
        "nauc_ndcg_at_20_max": 0.506983,
        "nauc_ndcg_at_20_std": -0.318225,
        "nauc_ndcg_at_20_diff1": 0.782549,
        "nauc_ndcg_at_100_max": 0.528519,
        "nauc_ndcg_at_100_std": -0.277126,
        "nauc_ndcg_at_100_diff1": 0.810074,
        "nauc_ndcg_at_1000_max": 0.527134,
        "nauc_ndcg_at_1000_std": -0.273415,
        "nauc_ndcg_at_1000_diff1": 0.811176,
        "nauc_map_at_1_max": 0.504369,
        "nauc_map_at_1_std": -0.274748,
        "nauc_map_at_1_diff1": 0.823351,
        "nauc_map_at_3_max": 0.545251,
        "nauc_map_at_3_std": -0.260073,
        "nauc_map_at_3_diff1": 0.783693,
        "nauc_map_at_5_max": 0.534508,
        "nauc_map_at_5_std": -0.278698,
        "nauc_map_at_5_diff1": 0.782805,
        "nauc_map_at_10_max": 0.52587,
        "nauc_map_at_10_std": -0.278983,
        "nauc_map_at_10_diff1": 0.776728,
        "nauc_map_at_20_max": 0.52404,
        "nauc_map_at_20_std": -0.283558,
        "nauc_map_at_20_diff1": 0.777202,
        "nauc_map_at_100_max": 0.528263,
        "nauc_map_at_100_std": -0.277008,
        "nauc_map_at_100_diff1": 0.782702,
        "nauc_map_at_1000_max": 0.528191,
        "nauc_map_at_1000_std": -0.276903,
        "nauc_map_at_1000_diff1": 0.782703,
        "nauc_recall_at_1_max": 0.504369,
        "nauc_recall_at_1_std": -0.274748,
        "nauc_recall_at_1_diff1": 0.823351,
        "nauc_recall_at_3_max": 0.512801,
        "nauc_recall_at_3_std": -0.323442,
        "nauc_recall_at_3_diff1": 0.730249,
        "nauc_recall_at_5_max": 0.428853,
        "nauc_recall_at_5_std": -0.463315,
        "nauc_recall_at_5_diff1": 0.70723,
        "nauc_recall_at_10_max": 0.170008,
        "nauc_recall_at_10_std": -0.645904,
        "nauc_recall_at_10_diff1": 0.530272,
        "nauc_recall_at_20_max": 0.008123,
        "nauc_recall_at_20_std": -0.911204,
        "nauc_recall_at_20_diff1": 0.481886,
        "nauc_recall_at_100_max": 0.049603,
        "nauc_recall_at_100_std": -0.480159,
        "nauc_recall_at_100_diff1": 0.823179,
        "nauc_recall_at_1000_max": -0.514472,
        "nauc_recall_at_1000_std": -0.396825,
        "nauc_recall_at_1000_diff1": 0.934641,
        "nauc_precision_at_1_max": 0.622663,
        "nauc_precision_at_1_std": -0.202494,
        "nauc_precision_at_1_diff1": 0.898644,
        "nauc_precision_at_3_max": 0.506435,
        "nauc_precision_at_3_std": -0.109271,
        "nauc_precision_at_3_diff1": 0.508796,
        "nauc_precision_at_5_max": 0.444571,
        "nauc_precision_at_5_std": -0.182452,
        "nauc_precision_at_5_diff1": 0.459414,
        "nauc_precision_at_10_max": 0.290476,
        "nauc_precision_at_10_std": -0.150231,
        "nauc_precision_at_10_diff1": 0.217607,
        "nauc_precision_at_20_max": 0.215382,
        "nauc_precision_at_20_std": -0.227269,
        "nauc_precision_at_20_diff1": 0.141354,
        "nauc_precision_at_100_max": 0.277491,
        "nauc_precision_at_100_std": 0.246588,
        "nauc_precision_at_100_diff1": 0.197103,
        "nauc_precision_at_1000_max": 0.230073,
        "nauc_precision_at_1000_std": 0.360847,
        "nauc_precision_at_1000_diff1": 0.124518,
        "nauc_mrr_at_1_max": 0.622663,
        "nauc_mrr_at_1_std": -0.202494,
        "nauc_mrr_at_1_diff1": 0.898644,
        "nauc_mrr_at_3_max": 0.633724,
        "nauc_mrr_at_3_std": -0.194548,
        "nauc_mrr_at_3_diff1": 0.888856,
        "nauc_mrr_at_5_max": 0.625232,
        "nauc_mrr_at_5_std": -0.212065,
        "nauc_mrr_at_5_diff1": 0.891264,
        "nauc_mrr_at_10_max": 0.620151,
        "nauc_mrr_at_10_std": -0.209407,
        "nauc_mrr_at_10_diff1": 0.889672,
        "nauc_mrr_at_20_max": 0.618944,
        "nauc_mrr_at_20_std": -0.2137,
        "nauc_mrr_at_20_diff1": 0.89104,
        "nauc_mrr_at_100_max": 0.618544,
        "nauc_mrr_at_100_std": -0.210532,
        "nauc_mrr_at_100_diff1": 0.890737,
        "nauc_mrr_at_1000_max": 0.618502,
        "nauc_mrr_at_1000_std": -0.210396,
        "nauc_mrr_at_1000_diff1": 0.890779,
        "hit_rate_at_1": 0.82222,
        "hit_rate_at_3": 0.88889,
        "hit_rate_at_5": 0.91111,
        "hit_rate_at_10": 0.95556,
        "hit_rate_at_20": 0.96667,
        "hit_rate_at_100": 0.97778,
        "hit_rate_at_1000": 0.98889,
        "main_score": 0.87735,
        "hf_subset": "default",
        "languages": [
          "eng-Latn"
        ]
      }
    ],
    "dev": [
      {
        "ndcg_at_1": 0.875,
        "ndcg_at_3": 0.875,
        "ndcg_at_5": 0.875,
        "ndcg_at_10": 0.875,
        "ndcg_at_20": 0.875,
        "ndcg_at_100": 0.875,
        "ndcg_at_1000": 0.8934,
        "map_at_1": 0.875,
        "map_at_3": 0.875,
        "map_at_5": 0.875,
        "map_at_10": 0.875,
        "map_at_20": 0.875,
        "map_at_100": 0.875,
        "map_at_1000": 0.87614,
        "recall_at_1": 0.875,
        "recall_at_3": 0.875,
        "recall_at_5": 0.875,
        "recall_at_10": 0.875,
        "recall_at_20": 0.875,
        "recall_at_100": 0.875,
        "recall_at_1000": 1.0,
        "accuracy": 0.875,
        "precision_at_1": 0.875,
        "precision_at_3": 0.29167,
        "precision_at_5": 0.175,
        "precision_at_10": 0.0875,
        "precision_at_20": 0.04375,
        "precision_at_100": 0.00875,
        "precision_at_1000": 0.001,
        "mrr_at_1": 0.875,
        "mrr_at_3": 0.875,
        "mrr_at_5": 0.875,
        "mrr_at_10": 0.875,
        "mrr_at_20": 0.875,
        "mrr_at_100": 0.875,
        "mrr_at_1000": 0.876136,
        "nauc_ndcg_at_1_max": 1.0,
        "nauc_ndcg_at_1_std": 0.551821,
        "nauc_ndcg_at_1_diff1": 0.865546,
        "nauc_ndcg_at_3_max": 1.0,
        "nauc_ndcg_at_3_std": 0.551821,
        "nauc_ndcg_at_3_diff1": 0.865546,
        "nauc_ndcg_at_5_max": 1.0,
        "nauc_ndcg_at_5_std": 0.551821,
        "nauc_ndcg_at_5_diff1": 0.865546,
        "nauc_ndcg_at_10_max": 1.0,
        "nauc_ndcg_at_10_std": 0.551821,
        "nauc_ndcg_at_10_diff1": 0.865546,
        "nauc_ndcg_at_20_max": 1.0,
        "nauc_ndcg_at_20_std": 0.551821,
        "nauc_ndcg_at_20_diff1": 0.865546,
        "nauc_ndcg_at_100_max": 1.0,
        "nauc_ndcg_at_100_std": 0.551821,