{
  "dataset_revision": "5d958fb6b31055495347724d46431ba41309b03a",
  "task_name": "ChemNQRetrieval",
  "mteb_version": "2.12.15",
  "scores": {
    "test": [
      {
        "ndcg_at_1": 0.44444,
        "ndcg_at_3": 0.56787,
        "ndcg_at_5": 0.57665,
        "ndcg_at_10": 0.59139,
        "ndcg_at_20": 0.62129,
        "ndcg_at_100": 0.63772,
        "ndcg_at_1000": 0.64406,
        "map_at_1": 0.32716,
        "map_at_3": 0.5,
        "map_at_5": 0.50741,
        "map_at_10": 0.51468,
        "map_at_20": 0.52513,
        "map_at_100": 0.52731,
        "map_at_1000": 0.52763,
        "recall_at_1": 0.32716,
        "recall_at_3": 0.69753,
        "recall_at_5": 0.71605,
        "recall_at_10": 0.75309,
        "recall_at_20": 0.8642,
        "recall_at_100": 0.95062,
        "recall_at_1000": 1.0,
        "accuracy": 0.32716,
        "precision_at_1": 0.44444,
        "precision_at_3": 0.28395,
        "precision_at_5": 0.17778,
        "precision_at_10": 0.0963,
        "precision_at_20": 0.05556,
        "precision_at_100": 0.01222,
        "precision_at_1000": 0.0013,
        "mrr_at_1": 0.444444,
        "mrr_at_3": 0.580247,
        "mrr_at_5": 0.580247,
        "mrr_at_10": 0.585538,
        "mrr_at_20": 0.589774,
        "mrr_at_100": 0.591642,
        "mrr_at_1000": 0.591693,
        "nauc_ndcg_at_1_max": 0.364032,
        "nauc_ndcg_at_1_std": 0.000334,
        "nauc_ndcg_at_1_diff1": 0.494979,
        "nauc_ndcg_at_3_max": 0.169596,
        "nauc_ndcg_at_3_std": -0.086215,
        "nauc_ndcg_at_3_diff1": 0.457093,
        "nauc_ndcg_at_5_max": 0.22429,
        "nauc_ndcg_at_5_std": -0.067489,
        "nauc_ndcg_at_5_diff1": 0.431728,
        "nauc_ndcg_at_10_max": 0.265269,
        "nauc_ndcg_at_10_std": 0.026673,
        "nauc_ndcg_at_10_diff1": 0.418131,
        "nauc_ndcg_at_20_max": 0.276507,
        "nauc_ndcg_at_20_std": 0.045733,
        "nauc_ndcg_at_20_diff1": 0.481667,
        "nauc_ndcg_at_100_max": 0.243953,
        "nauc_ndcg_at_100_std": 0.000703,
        "nauc_ndcg_at_100_diff1": 0.478936,
        "nauc_ndcg_at_1000_max": 0.263612,
        "nauc_ndcg_at_1000_std": 0.006653,
        "nauc_ndcg_at_1000_diff1": 0.470389,
        "nauc_map_at_1_max": 0.163863,
        "nauc_map_at_1_std": -0.014834,
        "nauc_map_at_1_diff1": 0.411504,
        "nauc_map_at_3_max": 0.151363,
        "nauc_map_at_3_std": -0.100804,
        "nauc_map_at_3_diff1": 0.472849,
        "nauc_map_at_5_max": 0.194047,
        "nauc_map_at_5_std": -0.086076,
        "nauc_map_at_5_diff1": 0.452732,
        "nauc_map_at_10_max": 0.211833,
        "nauc_map_at_10_std": -0.044288,
        "nauc_map_at_10_diff1": 0.447029,
        "nauc_map_at_20_max": 0.226893,
        "nauc_map_at_20_std": -0.030559,
        "nauc_map_at_20_diff1": 0.465913,
        "nauc_map_at_100_max": 0.223392,
        "nauc_map_at_100_std": -0.035619,
        "nauc_map_at_100_diff1": 0.466317,
        "nauc_map_at_1000_max": 0.223217,
        "nauc_map_at_1000_std": -0.035858,
        "nauc_map_at_1000_diff1": 0.466071,
        "nauc_recall_at_1_max": 0.163863,
        "nauc_recall_at_1_std": -0.014834,
        "nauc_recall_at_1_diff1": 0.411504,
        "nauc_recall_at_3_max": -0.020717,
        "nauc_recall_at_3_std": -0.137727,
        "nauc_recall_at_3_diff1": 0.322694,
        "nauc_recall_at_5_max": 0.110415,
        "nauc_recall_at_5_std": -0.100037,
        "nauc_recall_at_5_diff1": 0.281373,
        "nauc_recall_at_10_max": 0.218694,
        "nauc_recall_at_10_std": 0.181635,
        "nauc_recall_at_10_diff1": 0.218066,
        "nauc_recall_at_20_max": 0.200893,
        "nauc_recall_at_20_std": 0.341441,
        "nauc_recall_at_20_diff1": 0.620166,
        "nauc_recall_at_100_max": -0.766918,
        "nauc_recall_at_100_std": -0.34008,
        "nauc_recall_at_100_diff1": 0.740123,
        "nauc_recall_at_1000_max": NaN,
        "nauc_recall_at_1000_std": NaN,
        "nauc_recall_at_1000_diff1": NaN,
        "nauc_precision_at_1_max": 0.364032,
        "nauc_precision_at_1_std": 0.000334,
        "nauc_precision_at_1_diff1": 0.494979,
        "nauc_precision_at_3_max": 0.264317,
        "nauc_precision_at_3_std": -0.171395,
        "nauc_precision_at_3_diff1": 0.503263,
        "nauc_precision_at_5_max": 0.384098,
        "nauc_precision_at_5_std": -0.089826,
        "nauc_precision_at_5_diff1": 0.353543,
        "nauc_precision_at_10_max": 0.470075,
        "nauc_precision_at_10_std": 0.22556,
        "nauc_precision_at_10_diff1": 0.238484,
        "nauc_precision_at_20_max": 0.519482,
        "nauc_precision_at_20_std": 0.309899,
        "nauc_precision_at_20_diff1": 0.37112,
        "nauc_precision_at_100_max": 0.379233,
        "nauc_precision_at_100_std": 0.159354,
        "nauc_precision_at_100_diff1": 0.274832,
        "nauc_precision_at_1000_max": 0.414648,
        "nauc_precision_at_1000_std": 0.168638,
        "nauc_precision_at_1000_diff1": 0.138982,
        "nauc_mrr_at_1_max": 0.364032,
        "nauc_mrr_at_1_std": 0.000334,
        "nauc_mrr_at_1_diff1": 0.494979,
        "nauc_mrr_at_3_max": 0.351984,
        "nauc_mrr_at_3_std": 0.006829,
        "nauc_mrr_at_3_diff1": 0.460921,
        "nauc_mrr_at_5_max": 0.351984,
        "nauc_mrr_at_5_std": 0.006829,
        "nauc_mrr_at_5_diff1": 0.460921,
        "nauc_mrr_at_10_max": 0.36671,
        "nauc_mrr_at_10_std": 0.037845,
        "nauc_mrr_at_10_diff1": 0.456956,
        "nauc_mrr_at_20_max": 0.35878,
        "nauc_mrr_at_20_std": 0.033398,
        "nauc_mrr_at_20_diff1": 0.465211,
        "nauc_mrr_at_100_max": 0.356688,
        "nauc_mrr_at_100_std": 0.029223,
        "nauc_mrr_at_100_diff1": 0.465809,
        "nauc_mrr_at_1000_max": 0.356966,
        "nauc_mrr_at_1000_std": 0.029329,
        "nauc_mrr_at_1000_diff1": 0.465738,
        "hit_rate_at_1": 0.44444,
        "hit_rate_at_3": 0.77778,
        "hit_rate_at_5": 0.77778,
        "hit_rate_at_10": 0.81481,
        "hit_rate_at_20": 0.88889,
        "hit_rate_at_100": 0.96296,
        "hit_rate_at_1000": 1.0,
        "main_score": 0.59139,
        "hf_subset": "default",
        "languages": [
          "eng-Latn"
        ]
      }
    ]
  },
  "evaluation_time": 70.44958662986755,
  "kg_co2_emissions": null,
  "date": 1775765008.884517
}