{
  "dataset_revision": "5d958fb6b31055495347724d46431ba41309b03a",
  "task_name": "ChemNQRetrieval",
  "mteb_version": "2.12.15",
  "scores": {
    "test": [
      {
        "ndcg_at_1": 0.44444,
        "ndcg_at_3": 0.53612,
        "ndcg_at_5": 0.5449,
        "ndcg_at_10": 0.57735,
        "ndcg_at_20": 0.61335,
        "ndcg_at_100": 0.63227,
        "ndcg_at_1000": 0.63868,
        "map_at_1": 0.34568,
        "map_at_3": 0.48457,
        "map_at_5": 0.49198,
        "map_at_10": 0.50542,
        "map_at_20": 0.51815,
        "map_at_100": 0.52174,
        "map_at_1000": 0.52214,
        "recall_at_1": 0.34568,
        "recall_at_3": 0.62346,
        "recall_at_5": 0.64198,
        "recall_at_10": 0.73457,
        "recall_at_20": 0.8642,
        "recall_at_100": 0.95062,
        "recall_at_1000": 1.0,
        "accuracy": 0.34568,
        "precision_at_1": 0.44444,
        "precision_at_3": 0.25926,
        "precision_at_5": 0.16296,
        "precision_at_10": 0.09259,
        "precision_at_20": 0.05556,
        "precision_at_100": 0.01222,
        "precision_at_1000": 0.0013,
        "mrr_at_1": 0.444444,
        "mrr_at_3": 0.555556,
        "mrr_at_5": 0.555556,
        "mrr_at_10": 0.571649,
        "mrr_at_20": 0.57705,
        "mrr_at_100": 0.579823,
        "mrr_at_1000": 0.579869,
        "nauc_ndcg_at_1_max": 0.262565,
        "nauc_ndcg_at_1_std": 0.093658,
        "nauc_ndcg_at_1_diff1": 0.435184,
        "nauc_ndcg_at_3_max": 0.162557,
        "nauc_ndcg_at_3_std": -0.052359,
        "nauc_ndcg_at_3_diff1": 0.338382,
        "nauc_ndcg_at_5_max": 0.199724,
        "nauc_ndcg_at_5_std": -0.036398,
        "nauc_ndcg_at_5_diff1": 0.321709,
        "nauc_ndcg_at_10_max": 0.267451,
        "nauc_ndcg_at_10_std": 0.041509,
        "nauc_ndcg_at_10_diff1": 0.298635,
        "nauc_ndcg_at_20_max": 0.284366,
        "nauc_ndcg_at_20_std": 0.040921,
        "nauc_ndcg_at_20_diff1": 0.309184,
        "nauc_ndcg_at_100_max": 0.259044,
        "nauc_ndcg_at_100_std": 0.025923,
        "nauc_ndcg_at_100_diff1": 0.343998,
        "nauc_ndcg_at_1000_max": 0.263141,
        "nauc_ndcg_at_1000_std": 0.037577,
        "nauc_ndcg_at_1000_diff1": 0.345409,
        "nauc_map_at_1_max": 0.172538,
        "nauc_map_at_1_std": 0.116711,
        "nauc_map_at_1_diff1": 0.312393,
        "nauc_map_at_3_max": 0.168164,
        "nauc_map_at_3_std": -0.037106,
        "nauc_map_at_3_diff1": 0.325841,
        "nauc_map_at_5_max": 0.198086,
        "nauc_map_at_5_std": -0.024122,
        "nauc_map_at_5_diff1": 0.312308,
        "nauc_map_at_10_max": 0.222411,
        "nauc_map_at_10_std": 0.005925,
        "nauc_map_at_10_diff1": 0.300111,
        "nauc_map_at_20_max": 0.236765,
        "nauc_map_at_20_std": 0.015039,
        "nauc_map_at_20_diff1": 0.31059,
        "nauc_map_at_100_max": 0.232012,
        "nauc_map_at_100_std": 0.013009,
        "nauc_map_at_100_diff1": 0.315435,
        "nauc_map_at_1000_max": 0.231749,
        "nauc_map_at_1000_std": 0.013312,
        "nauc_map_at_1000_diff1": 0.316183,
        "nauc_recall_at_1_max": 0.172538,
        "nauc_recall_at_1_std": 0.116711,
        "nauc_recall_at_1_diff1": 0.312393,
        "nauc_recall_at_3_max": 0.029764,
        "nauc_recall_at_3_std": -0.17449,
        "nauc_recall_at_3_diff1": 0.290836,
        "nauc_recall_at_5_max": 0.107559,
        "nauc_recall_at_5_std": -0.141916,
        "nauc_recall_at_5_diff1": 0.251301,
        "nauc_recall_at_10_max": 0.277803,
        "nauc_recall_at_10_std": 0.065774,
        "nauc_recall_at_10_diff1": 0.113281,
        "nauc_recall_at_20_max": 0.359934,
        "nauc_recall_at_20_std": -0.005695,
        "nauc_recall_at_20_diff1": 0.035334,
        "nauc_recall_at_100_max": -0.042286,
        "nauc_recall_at_100_std": -0.473358,
        "nauc_recall_at_100_diff1": 0.399291,
        "nauc_recall_at_1000_max": NaN,
        "nauc_recall_at_1000_std": NaN,
        "nauc_recall_at_1000_diff1": NaN,
        "nauc_precision_at_1_max": 0.262565,
        "nauc_precision_at_1_std": 0.093658,
        "nauc_precision_at_1_diff1": 0.435184,
        "nauc_precision_at_3_max": 0.222532,
        "nauc_precision_at_3_std": -0.192006,
        "nauc_precision_at_3_diff1": 0.376238,
        "nauc_precision_at_5_max": 0.290313,
        "nauc_precision_at_5_std": -0.117219,
        "nauc_precision_at_5_diff1": 0.262604,
        "nauc_precision_at_10_max": 0.529956,
        "nauc_precision_at_10_std": 0.097396,
        "nauc_precision_at_10_diff1": 0.253562,
        "nauc_precision_at_20_max": 0.57073,
        "nauc_precision_at_20_std": 0.163677,
        "nauc_precision_at_20_diff1": 0.260908,
        "nauc_precision_at_100_max": 0.492136,
        "nauc_precision_at_100_std": 0.137064,
        "nauc_precision_at_100_diff1": 0.379612,
        "nauc_precision_at_1000_max": 0.440297,
        "nauc_precision_at_1000_std": 0.198634,
        "nauc_precision_at_1000_diff1": 0.338649,
        "nauc_mrr_at_1_max": 0.262565,
        "nauc_mrr_at_1_std": 0.093658,
        "nauc_mrr_at_1_diff1": 0.435184,
        "nauc_mrr_at_3_max": 0.256801,
        "nauc_mrr_at_3_std": 0.042295,
        "nauc_mrr_at_3_diff1": 0.394388,
        "nauc_mrr_at_5_max": 0.256801,
        "nauc_mrr_at_5_std": 0.042295,
        "nauc_mrr_at_5_diff1": 0.394388,
        "nauc_mrr_at_10_max": 0.299572,
        "nauc_mrr_at_10_std": 0.089703,
        "nauc_mrr_at_10_diff1": 0.39763,
        "nauc_mrr_at_20_max": 0.286361,
        "nauc_mrr_at_20_std": 0.076064,
        "nauc_mrr_at_20_diff1": 0.390466,
        "nauc_mrr_at_100_max": 0.282838,
        "nauc_mrr_at_100_std": 0.074111,
        "nauc_mrr_at_100_diff1": 0.39415,
        "nauc_mrr_at_1000_max": 0.282908,
        "nauc_mrr_at_1000_std": 0.074209,
        "nauc_mrr_at_1000_diff1": 0.3941,
        "hit_rate_at_1": 0.44444,
        "hit_rate_at_3": 0.7037,
        "hit_rate_at_5": 0.7037,
        "hit_rate_at_10": 0.81481,
        "hit_rate_at_20": 0.88889,
        "hit_rate_at_100": 0.96296,
        "hit_rate_at_1000": 1.0,
        "main_score": 0.57735,
        "hf_subset": "default",
        "languages": [
          "eng-Latn"
        ]
      }
    ]
  },
  "evaluation_time": 80.72515749931335,
  "kg_co2_emissions": null,
  "date": 1775567839.234585
}