{
  "dataset_revision": "1840e8a5ac6ec752bbdd97d543ead0189bc7c25b",
  "task_name": "ChemHotpotQARetrieval",
  "mteb_version": "2.12.15",
  "scores": {
    "train": [
      {
        "ndcg_at_1": 0.84444,
        "ndcg_at_3": 0.88406,
        "ndcg_at_5": 0.89246,
        "ndcg_at_10": 0.8978,
        "ndcg_at_20": 0.90233,
        "ndcg_at_100": 0.90494,
        "ndcg_at_1000": 0.90618,
        "map_at_1": 0.825,
        "map_at_3": 0.86944,
        "map_at_5": 0.87472,
        "map_at_10": 0.8769,
        "map_at_20": 0.8784,
        "map_at_100": 0.87875,
        "map_at_1000": 0.87878,
        "recall_at_1": 0.825,
        "recall_at_3": 0.91667,
        "recall_at_5": 0.93611,
        "recall_at_10": 0.95278,
        "recall_at_20": 0.96944,
        "recall_at_100": 0.98333,
        "recall_at_1000": 0.99444,
        "accuracy": 0.825,
        "precision_at_1": 0.84444,
        "precision_at_3": 0.31481,
        "precision_at_5": 0.19333,
        "precision_at_10": 0.09833,
        "precision_at_20": 0.05028,
        "precision_at_100": 0.01022,
        "precision_at_1000": 0.00103,
        "mrr_at_1": 0.844444,
        "mrr_at_3": 0.880556,
        "mrr_at_5": 0.884444,
        "mrr_at_10": 0.88662,
        "mrr_at_20": 0.887445,
        "mrr_at_100": 0.887723,
        "mrr_at_1000": 0.887746,
        "nauc_ndcg_at_1_max": 0.603243,
        "nauc_ndcg_at_1_std": -0.290681,
        "nauc_ndcg_at_1_diff1": 0.889901,
        "nauc_ndcg_at_3_max": 0.446672,
        "nauc_ndcg_at_3_std": -0.373454,
        "nauc_ndcg_at_3_diff1": 0.744518,
        "nauc_ndcg_at_5_max": 0.417749,
        "nauc_ndcg_at_5_std": -0.454922,
        "nauc_ndcg_at_5_diff1": 0.74307,
        "nauc_ndcg_at_10_max": 0.41923,
        "nauc_ndcg_at_10_std": -0.446425,
        "nauc_ndcg_at_10_diff1": 0.742634,
        "nauc_ndcg_at_20_max": 0.428769,
        "nauc_ndcg_at_20_std": -0.412428,
        "nauc_ndcg_at_20_diff1": 0.760805,
        "nauc_ndcg_at_100_max": 0.431843,
        "nauc_ndcg_at_100_std": -0.394693,
        "nauc_ndcg_at_100_diff1": 0.771064,
        "nauc_ndcg_at_1000_max": 0.43435,
        "nauc_ndcg_at_1000_std": -0.395208,
        "nauc_ndcg_at_1000_diff1": 0.770795,
        "nauc_map_at_1_max": 0.462578,
        "nauc_map_at_1_std": -0.370213,
        "nauc_map_at_1_diff1": 0.799601,
        "nauc_map_at_3_max": 0.454618,
        "nauc_map_at_3_std": -0.375137,
        "nauc_map_at_3_diff1": 0.740487,
        "nauc_map_at_5_max": 0.438353,
        "nauc_map_at_5_std": -0.420715,
        "nauc_map_at_5_diff1": 0.739546,
        "nauc_map_at_10_max": 0.439536,
        "nauc_map_at_10_std": -0.417623,
        "nauc_map_at_10_diff1": 0.739549,
        "nauc_map_at_20_max": 0.444423,
        "nauc_map_at_20_std": -0.40757,
        "nauc_map_at_20_diff1": 0.746506,
        "nauc_map_at_100_max": 0.444875,
        "nauc_map_at_100_std": -0.405812,
        "nauc_map_at_100_diff1": 0.747532,
        "nauc_map_at_1000_max": 0.444906,
        "nauc_map_at_1000_std": -0.405765,
        "nauc_map_at_1000_diff1": 0.747528,
        "nauc_recall_at_1_max": 0.462578,
        "nauc_recall_at_1_std": -0.370213,
        "nauc_recall_at_1_diff1": 0.799601,
        "nauc_recall_at_3_max": 0.290367,
        "nauc_recall_at_3_std": -0.425568,
        "nauc_recall_at_3_diff1": 0.602739,
        "nauc_recall_at_5_max": 0.137316,
        "nauc_recall_at_5_std": -0.747635,
        "nauc_recall_at_5_diff1": 0.556834,
        "nauc_recall_at_10_max": 0.044241,
        "nauc_recall_at_10_std": -0.789559,
        "nauc_recall_at_10_diff1": 0.485555,
        "nauc_recall_at_20_max": -0.073975,
        "nauc_recall_at_20_std": -0.609838,
        "nauc_recall_at_20_diff1": 0.53616,
        "nauc_recall_at_100_max": -0.419701,
        "nauc_recall_at_100_std": -0.256303,
        "nauc_recall_at_100_diff1": 0.64986,
        "nauc_recall_at_1000_max": -1.739963,
        "nauc_recall_at_1000_std": -0.171335,
        "nauc_recall_at_1000_diff1": 0.358077,
        "nauc_precision_at_1_max": 0.603243,
        "nauc_precision_at_1_std": -0.290681,
        "nauc_precision_at_1_diff1": 0.889901,
        "nauc_precision_at_3_max": 0.432034,
        "nauc_precision_at_3_std": -0.093346,
        "nauc_precision_at_3_diff1": 0.427909,
        "nauc_precision_at_5_max": 0.270948,
        "nauc_precision_at_5_std": -0.260323,
        "nauc_precision_at_5_diff1": 0.282895,
        "nauc_precision_at_10_max": 0.242994,
        "nauc_precision_at_10_std": -0.181125,
        "nauc_precision_at_10_diff1": 0.180623,
        "nauc_precision_at_20_max": 0.221366,
        "nauc_precision_at_20_std": 0.147315,
        "nauc_precision_at_20_diff1": 0.131743,
        "nauc_precision_at_100_max": 0.226326,
        "nauc_precision_at_100_std": 0.377457,
        "nauc_precision_at_100_diff1": 0.125481,
        "nauc_precision_at_1000_max": 0.224186,
        "nauc_precision_at_1000_std": 0.480075,
        "nauc_precision_at_1000_diff1": 0.023768,
        "nauc_mrr_at_1_max": 0.603243,
        "nauc_mrr_at_1_std": -0.290681,
        "nauc_mrr_at_1_diff1": 0.889901,
        "nauc_mrr_at_3_max": 0.549167,
        "nauc_mrr_at_3_std": -0.31926,
        "nauc_mrr_at_3_diff1": 0.859923,
        "nauc_mrr_at_5_max": 0.542475,
        "nauc_mrr_at_5_std": -0.349866,
        "nauc_mrr_at_5_diff1": 0.86404,
        "nauc_mrr_at_10_max": 0.545816,
        "nauc_mrr_at_10_std": -0.345129,
        "nauc_mrr_at_10_diff1": 0.866514,
        "nauc_mrr_at_20_max": 0.543902,
        "nauc_mrr_at_20_std": -0.340724,
        "nauc_mrr_at_20_diff1": 0.866017,
        "nauc_mrr_at_100_max": 0.54319,
        "nauc_mrr_at_100_std": -0.339615,
        "nauc_mrr_at_100_diff1": 0.865792,
        "nauc_mrr_at_1000_max": 0.543245,
        "nauc_mrr_at_1000_std": -0.33955,
        "nauc_mrr_at_1000_diff1": 0.865814,
        "hit_rate_at_1": 0.84444,
        "hit_rate_at_3": 0.92778,
        "hit_rate_at_5": 0.94444,
        "hit_rate_at_10": 0.96111,
        "hit_rate_at_20": 0.97222,
        "hit_rate_at_100": 0.98333,
        "hit_rate_at_1000": 0.99444,
        "main_score": 0.8978,
        "hf_subset": "default",
        "languages": [
          "eng-Latn"
        ]
      }
    ],
    "dev": [
      {
        "ndcg_at_1": 0.75,
        "ndcg_at_3": 0.82887,
        "ndcg_at_5": 0.82887,
        "ndcg_at_10": 0.82887,
        "ndcg_at_20": 0.82887,
        "ndcg_at_100": 0.85252,
        "ndcg_at_1000": 0.85252,
        "map_at_1": 0.75,
        "map_at_3": 0.8125,
        "map_at_5": 0.8125,
        "map_at_10": 0.8125,
        "map_at_20": 0.8125,
        "map_at_100": 0.81579,
        "map_at_1000": 0.81579,
        "recall_at_1": 0.75,
        "recall_at_3": 0.875,
        "recall_at_5": 0.875,
        "recall_at_10": 0.875,
        "recall_at_20": 0.875,
        "recall_at_100": 1.0,
        "recall_at_1000": 1.0,
        "accuracy": 0.75,
        "precision_at_1": 0.75,
        "precision_at_3": 0.29167,
        "precision_at_5": 0.175,
        "precision_at_10": 0.0875,
        "precision_at_20": 0.04375,
        "precision_at_100": 0.01,
        "precision_at_1000": 0.001,
        "mrr_at_1": 0.75,
        "mrr_at_3": 0.8125,
        "mrr_at_5": 0.8125,
        "mrr_at_10": 0.8125,
        "mrr_at_20": 0.8125,
        "mrr_at_100": 0.815789,
        "mrr_at_1000": 0.815789,
        "nauc_ndcg_at_1_max": 0.831832,
        "nauc_ndcg_at_1_std": -0.13994,
        "nauc_ndcg_at_1_diff1": 1.0,
        "nauc_ndcg_at_3_max": 0.912246,
        "nauc_ndcg_at_3_std": 0.340861,
        "nauc_ndcg_at_3_diff1": 0.935707,
        "nauc_ndcg_at_5_max": 0.912246,
        "nauc_ndcg_at_5_std": 0.340861,
        "nauc_ndcg_at_5_diff1": 0.935707,
        "nauc_ndcg_at_10_max": 0.912246,
        "nauc_ndcg_at_10_std": 0.340861,
        "nauc_ndcg_at_10_diff1": 0.935707,
        "nauc_ndcg_at_20_max": 0.912246,
        "nauc_ndcg_at_20_std": 0.340861,
        "nauc_ndcg_at_20_diff1": 0.935707,
        "nauc_ndcg_at_100_max": 0.897556,