{
  "dataset_revision": "1840e8a5ac6ec752bbdd97d543ead0189bc7c25b",
  "task_name": "ChemHotpotQARetrieval",
  "mteb_version": "2.12.15",
  "scores": {
    "train": [
      {
        "ndcg_at_1": 0.84444,
        "ndcg_at_3": 0.88056,
        "ndcg_at_5": 0.89135,
        "ndcg_at_10": 0.89669,
        "ndcg_at_20": 0.90128,
        "ndcg_at_100": 0.90393,
        "ndcg_at_1000": 0.90517,
        "map_at_1": 0.825,
        "map_at_3": 0.86667,
        "map_at_5": 0.87333,
        "map_at_10": 0.87551,
        "map_at_20": 0.87707,
        "map_at_100": 0.87744,
        "map_at_1000": 0.87746,
        "recall_at_1": 0.825,
        "recall_at_3": 0.91111,
        "recall_at_5": 0.93611,
        "recall_at_10": 0.95278,
        "recall_at_20": 0.96944,
        "recall_at_100": 0.98333,
        "recall_at_1000": 0.99444,
        "accuracy": 0.825,
        "precision_at_1": 0.84444,
        "precision_at_3": 0.31296,
        "precision_at_5": 0.19333,
        "precision_at_10": 0.09833,
        "precision_at_20": 0.05028,
        "precision_at_100": 0.01022,
        "precision_at_1000": 0.00103,
        "mrr_at_1": 0.844444,
        "mrr_at_3": 0.877778,
        "mrr_at_5": 0.883056,
        "mrr_at_10": 0.885231,
        "mrr_at_20": 0.886091,
        "mrr_at_100": 0.886399,
        "mrr_at_1000": 0.886423,
        "nauc_ndcg_at_1_max": 0.619403,
        "nauc_ndcg_at_1_std": -0.328459,
        "nauc_ndcg_at_1_diff1": 0.889901,
        "nauc_ndcg_at_3_max": 0.478112,
        "nauc_ndcg_at_3_std": -0.372859,
        "nauc_ndcg_at_3_diff1": 0.75248,
        "nauc_ndcg_at_5_max": 0.440022,
        "nauc_ndcg_at_5_std": -0.47848,
        "nauc_ndcg_at_5_diff1": 0.746643,
        "nauc_ndcg_at_10_max": 0.439519,
        "nauc_ndcg_at_10_std": -0.471333,
        "nauc_ndcg_at_10_diff1": 0.746403,
        "nauc_ndcg_at_20_max": 0.449733,
        "nauc_ndcg_at_20_std": -0.438827,
        "nauc_ndcg_at_20_diff1": 0.764553,
        "nauc_ndcg_at_100_max": 0.452776,
        "nauc_ndcg_at_100_std": -0.422,
        "nauc_ndcg_at_100_diff1": 0.774312,
        "nauc_ndcg_at_1000_max": 0.455568,
        "nauc_ndcg_at_1000_std": -0.422929,
        "nauc_ndcg_at_1000_diff1": 0.774084,
        "nauc_map_at_1_max": 0.477085,
        "nauc_map_at_1_std": -0.404126,
        "nauc_map_at_1_diff1": 0.802074,
        "nauc_map_at_3_max": 0.481255,
        "nauc_map_at_3_std": -0.390156,
        "nauc_map_at_3_diff1": 0.748119,
        "nauc_map_at_5_max": 0.460348,
        "nauc_map_at_5_std": -0.448602,
        "nauc_map_at_5_diff1": 0.744143,
        "nauc_map_at_10_max": 0.461006,
        "nauc_map_at_10_std": -0.446051,
        "nauc_map_at_10_diff1": 0.74423,
        "nauc_map_at_20_max": 0.46602,
        "nauc_map_at_20_std": -0.436407,
        "nauc_map_at_20_diff1": 0.751178,
        "nauc_map_at_100_max": 0.466286,
        "nauc_map_at_100_std": -0.434773,
        "nauc_map_at_100_diff1": 0.75198,
        "nauc_map_at_1000_max": 0.466323,
        "nauc_map_at_1000_std": -0.434734,
        "nauc_map_at_1000_diff1": 0.751976,
        "nauc_recall_at_1_max": 0.477085,
        "nauc_recall_at_1_std": -0.404126,
        "nauc_recall_at_1_diff1": 0.802074,
        "nauc_recall_at_3_max": 0.346974,
        "nauc_recall_at_3_std": -0.353831,
        "nauc_recall_at_3_diff1": 0.623993,
        "nauc_recall_at_5_max": 0.154366,
        "nauc_recall_at_5_std": -0.747635,
        "nauc_recall_at_5_diff1": 0.556834,
        "nauc_recall_at_10_max": 0.044241,
        "nauc_recall_at_10_std": -0.789559,
        "nauc_recall_at_10_diff1": 0.485555,
        "nauc_recall_at_20_max": -0.073975,
        "nauc_recall_at_20_std": -0.609838,
        "nauc_recall_at_20_diff1": 0.53616,
        "nauc_recall_at_100_max": -0.419701,
        "nauc_recall_at_100_std": -0.256303,
        "nauc_recall_at_100_diff1": 0.64986,
        "nauc_recall_at_1000_max": -1.739963,
        "nauc_recall_at_1000_std": -0.171335,
        "nauc_recall_at_1000_diff1": 0.358077,
        "nauc_precision_at_1_max": 0.619403,
        "nauc_precision_at_1_std": -0.328459,
        "nauc_precision_at_1_diff1": 0.889901,
        "nauc_precision_at_3_max": 0.471787,
        "nauc_precision_at_3_std": -0.050912,
        "nauc_precision_at_3_diff1": 0.450873,
        "nauc_precision_at_5_max": 0.282509,
        "nauc_precision_at_5_std": -0.260323,
        "nauc_precision_at_5_diff1": 0.274224,
        "nauc_precision_at_10_max": 0.242994,
        "nauc_precision_at_10_std": -0.181125,
        "nauc_precision_at_10_diff1": 0.170089,
        "nauc_precision_at_20_max": 0.221366,
        "nauc_precision_at_20_std": 0.147315,
        "nauc_precision_at_20_diff1": 0.122218,
        "nauc_precision_at_100_max": 0.226326,
        "nauc_precision_at_100_std": 0.377457,
        "nauc_precision_at_100_diff1": 0.115793,
        "nauc_precision_at_1000_max": 0.224186,
        "nauc_precision_at_1000_std": 0.480075,
        "nauc_precision_at_1000_diff1": 0.01261,
        "nauc_mrr_at_1_max": 0.619403,
        "nauc_mrr_at_1_std": -0.328459,
        "nauc_mrr_at_1_diff1": 0.889901,
        "nauc_mrr_at_3_max": 0.575855,
        "nauc_mrr_at_3_std": -0.336758,
        "nauc_mrr_at_3_diff1": 0.862045,
        "nauc_mrr_at_5_max": 0.564946,
        "nauc_mrr_at_5_std": -0.380631,
        "nauc_mrr_at_5_diff1": 0.865778,
        "nauc_mrr_at_10_max": 0.567707,
        "nauc_mrr_at_10_std": -0.376552,
        "nauc_mrr_at_10_diff1": 0.868259,
        "nauc_mrr_at_20_max": 0.565881,
        "nauc_mrr_at_20_std": -0.372498,
        "nauc_mrr_at_20_diff1": 0.867779,
        "nauc_mrr_at_100_max": 0.565168,
        "nauc_mrr_at_100_std": -0.371379,
        "nauc_mrr_at_100_diff1": 0.867539,
        "nauc_mrr_at_1000_max": 0.565229,
        "nauc_mrr_at_1000_std": -0.371324,
        "nauc_mrr_at_1000_diff1": 0.867561,
        "hit_rate_at_1": 0.84444,
        "hit_rate_at_3": 0.92222,
        "hit_rate_at_5": 0.94444,
        "hit_rate_at_10": 0.96111,
        "hit_rate_at_20": 0.97222,
        "hit_rate_at_100": 0.98333,
        "hit_rate_at_1000": 0.99444,
        "main_score": 0.89669,
        "hf_subset": "default",
        "languages": [
          "eng-Latn"
        ]
      }
    ],
    "dev": [
      {
        "ndcg_at_1": 0.75,
        "ndcg_at_3": 0.82887,
        "ndcg_at_5": 0.82887,
        "ndcg_at_10": 0.82887,
        "ndcg_at_20": 0.82887,
        "ndcg_at_100": 0.85269,
        "ndcg_at_1000": 0.85269,
        "map_at_1": 0.75,
        "map_at_3": 0.8125,
        "map_at_5": 0.8125,
        "map_at_10": 0.8125,
        "map_at_20": 0.8125,
        "map_at_100": 0.81588,
        "map_at_1000": 0.81588,
        "recall_at_1": 0.75,
        "recall_at_3": 0.875,
        "recall_at_5": 0.875,
        "recall_at_10": 0.875,
        "recall_at_20": 0.875,
        "recall_at_100": 1.0,
        "recall_at_1000": 1.0,
        "accuracy": 0.75,
        "precision_at_1": 0.75,
        "precision_at_3": 0.29167,
        "precision_at_5": 0.175,
        "precision_at_10": 0.0875,
        "precision_at_20": 0.04375,
        "precision_at_100": 0.01,
        "precision_at_1000": 0.001,
        "mrr_at_1": 0.75,
        "mrr_at_3": 0.8125,
        "mrr_at_5": 0.8125,
        "mrr_at_10": 0.8125,
        "mrr_at_20": 0.8125,
        "mrr_at_100": 0.815878,
        "mrr_at_1000": 0.815878,
        "nauc_ndcg_at_1_max": 0.831832,
        "nauc_ndcg_at_1_std": -0.13994,
        "nauc_ndcg_at_1_diff1": 1.0,
        "nauc_ndcg_at_3_max": 0.912246,
        "nauc_ndcg_at_3_std": 0.340861,
        "nauc_ndcg_at_3_diff1": 0.935707,
        "nauc_ndcg_at_5_max": 0.912246,
        "nauc_ndcg_at_5_std": 0.340861,
        "nauc_ndcg_at_5_diff1": 0.935707,
        "nauc_ndcg_at_10_max": 0.912246,
        "nauc_ndcg_at_10_std": 0.340861,
        "nauc_ndcg_at_10_diff1": 0.935707,
        "nauc_ndcg_at_20_max": 0.912246,
        "nauc_ndcg_at_20_std": 0.340861,
        "nauc_ndcg_at_20_diff1": 0.935707,
        "nauc_ndcg_at_100_max": 0.897434,