{
  "dataset_revision": "5d958fb6b31055495347724d46431ba41309b03a",
  "task_name": "ChemNQRetrieval",
  "mteb_version": "2.12.15",
  "scores": {
    "test": [
      {
        "ndcg_at_1": 0.40741,
        "ndcg_at_3": 0.51948,
        "ndcg_at_5": 0.52826,
        "ndcg_at_10": 0.56071,
        "ndcg_at_20": 0.6059,
        "ndcg_at_100": 0.61933,
        "ndcg_at_1000": 0.62318,
        "map_at_1": 0.30864,
        "map_at_3": 0.46296,
        "map_at_5": 0.47037,
        "map_at_10": 0.48382,
        "map_at_20": 0.49905,
        "map_at_100": 0.5014,
        "map_at_1000": 0.50145,
        "recall_at_1": 0.30864,
        "recall_at_3": 0.62346,
        "recall_at_5": 0.64198,
        "recall_at_10": 0.73457,
        "recall_at_20": 0.90123,
        "recall_at_100": 0.96296,
        "recall_at_1000": 1.0,
        "accuracy": 0.30864,
        "precision_at_1": 0.40741,
        "precision_at_3": 0.25926,
        "precision_at_5": 0.16296,
        "precision_at_10": 0.09259,
        "precision_at_20": 0.05741,
        "precision_at_100": 0.01259,
        "precision_at_1000": 0.0013,
        "mrr_at_1": 0.407407,
        "mrr_at_3": 0.530864,
        "mrr_at_5": 0.530864,
        "mrr_at_10": 0.546958,
        "mrr_at_20": 0.554743,
        "mrr_at_100": 0.555832,
        "mrr_at_1000": 0.55588,
        "nauc_ndcg_at_1_max": 0.083576,
        "nauc_ndcg_at_1_std": -0.083395,
        "nauc_ndcg_at_1_diff1": 0.576346,
        "nauc_ndcg_at_3_max": 0.076955,
        "nauc_ndcg_at_3_std": -0.117086,
        "nauc_ndcg_at_3_diff1": 0.402328,
        "nauc_ndcg_at_5_max": 0.113373,
        "nauc_ndcg_at_5_std": -0.10215,
        "nauc_ndcg_at_5_diff1": 0.383106,
        "nauc_ndcg_at_10_max": 0.174149,
        "nauc_ndcg_at_10_std": -0.029399,
        "nauc_ndcg_at_10_diff1": 0.371967,
        "nauc_ndcg_at_20_max": 0.167398,
        "nauc_ndcg_at_20_std": -0.05087,
        "nauc_ndcg_at_20_diff1": 0.393242,
        "nauc_ndcg_at_100_max": 0.154012,
        "nauc_ndcg_at_100_std": -0.065117,
        "nauc_ndcg_at_100_diff1": 0.441059,
        "nauc_ndcg_at_1000_max": 0.15468,
        "nauc_ndcg_at_1000_std": -0.05681,
        "nauc_ndcg_at_1000_diff1": 0.436439,
        "nauc_map_at_1_max": -0.037065,
        "nauc_map_at_1_std": -0.072572,
        "nauc_map_at_1_diff1": 0.471201,
        "nauc_map_at_3_max": 0.050176,
        "nauc_map_at_3_std": -0.129471,
        "nauc_map_at_3_diff1": 0.416237,
        "nauc_map_at_5_max": 0.079179,
        "nauc_map_at_5_std": -0.117606,
        "nauc_map_at_5_diff1": 0.400963,
        "nauc_map_at_10_max": 0.099888,
        "nauc_map_at_10_std": -0.090324,
        "nauc_map_at_10_diff1": 0.39442,
        "nauc_map_at_20_max": 0.108511,
        "nauc_map_at_20_std": -0.087471,
        "nauc_map_at_20_diff1": 0.407858,
        "nauc_map_at_100_max": 0.106225,
        "nauc_map_at_100_std": -0.089224,
        "nauc_map_at_100_diff1": 0.414556,
        "nauc_map_at_1000_max": 0.106224,
        "nauc_map_at_1000_std": -0.089147,
        "nauc_map_at_1000_diff1": 0.414506,
        "nauc_recall_at_1_max": -0.037065,
        "nauc_recall_at_1_std": -0.072572,
        "nauc_recall_at_1_diff1": 0.471201,
        "nauc_recall_at_3_max": 0.041029,
        "nauc_recall_at_3_std": -0.143988,
        "nauc_recall_at_3_diff1": 0.265302,
        "nauc_recall_at_5_max": 0.119081,
        "nauc_recall_at_5_std": -0.110717,
        "nauc_recall_at_5_diff1": 0.215966,
        "nauc_recall_at_10_max": 0.292314,
        "nauc_recall_at_10_std": 0.105065,
        "nauc_recall_at_10_diff1": 0.091998,
        "nauc_recall_at_20_max": 0.265921,
        "nauc_recall_at_20_std": -0.050095,
        "nauc_recall_at_20_diff1": -0.086666,
        "nauc_recall_at_100_max": 0.113206,
        "nauc_recall_at_100_std": -0.572623,
        "nauc_recall_at_100_diff1": 0.723262,
        "nauc_recall_at_1000_max": NaN,
        "nauc_recall_at_1000_std": NaN,
        "nauc_recall_at_1000_diff1": NaN,
        "nauc_precision_at_1_max": 0.083576,
        "nauc_precision_at_1_std": -0.083395,
        "nauc_precision_at_1_diff1": 0.576346,
        "nauc_precision_at_3_max": 0.250353,
        "nauc_precision_at_3_std": -0.168465,
        "nauc_precision_at_3_diff1": 0.368703,
        "nauc_precision_at_5_max": 0.314145,
        "nauc_precision_at_5_std": -0.097053,
        "nauc_precision_at_5_diff1": 0.244233,
        "nauc_precision_at_10_max": 0.558986,
        "nauc_precision_at_10_std": 0.121959,
        "nauc_precision_at_10_diff1": 0.2457,
        "nauc_precision_at_20_max": 0.608857,
        "nauc_precision_at_20_std": 0.168625,
        "nauc_precision_at_20_diff1": 0.256741,
        "nauc_precision_at_100_max": 0.446376,
        "nauc_precision_at_100_std": 0.131629,
        "nauc_precision_at_100_diff1": 0.376768,
        "nauc_precision_at_1000_max": 0.478075,
        "nauc_precision_at_1000_std": 0.198634,
        "nauc_precision_at_1000_diff1": 0.343801,
        "nauc_mrr_at_1_max": 0.083576,
        "nauc_mrr_at_1_std": -0.083395,
        "nauc_mrr_at_1_diff1": 0.576346,
        "nauc_mrr_at_3_max": 0.147313,
        "nauc_mrr_at_3_std": -0.05475,
        "nauc_mrr_at_3_diff1": 0.480983,
        "nauc_mrr_at_5_max": 0.147313,
        "nauc_mrr_at_5_std": -0.05475,
        "nauc_mrr_at_5_diff1": 0.480983,
        "nauc_mrr_at_10_max": 0.185402,
        "nauc_mrr_at_10_std": -0.011622,
        "nauc_mrr_at_10_diff1": 0.490276,
        "nauc_mrr_at_20_max": 0.164955,
        "nauc_mrr_at_20_std": -0.030282,
        "nauc_mrr_at_20_diff1": 0.486095,
        "nauc_mrr_at_100_max": 0.164264,
        "nauc_mrr_at_100_std": -0.032387,
        "nauc_mrr_at_100_diff1": 0.489896,
        "nauc_mrr_at_1000_max": 0.164272,
        "nauc_mrr_at_1000_std": -0.032302,
        "nauc_mrr_at_1000_diff1": 0.489859,
        "hit_rate_at_1": 0.40741,
        "hit_rate_at_3": 0.7037,
        "hit_rate_at_5": 0.7037,
        "hit_rate_at_10": 0.81481,
        "hit_rate_at_20": 0.92593,
        "hit_rate_at_100": 0.96296,
        "hit_rate_at_1000": 1.0,
        "main_score": 0.56071,
        "hf_subset": "default",
        "languages": [
          "eng-Latn"
        ]
      }
    ]
  },
  "evaluation_time": 80.7839002609253,
  "kg_co2_emissions": null,
  "date": 1775567440.582935
}