{
  "dataset_revision": "5377aa18f309ec440ff6325a4c2cd3362c2cb8d7",
  "task_name": "ChemRxivRetrieval",
  "mteb_version": "2.12.20",
  "scores": {
    "test": [
      {
        "ndcg_at_1": 0.776,
        "ndcg_at_3": 0.85755,
        "ndcg_at_5": 0.86901,
        "ndcg_at_10": 0.87682,
        "ndcg_at_20": 0.88075,
        "ndcg_at_100": 0.88345,
        "ndcg_at_1000": 0.88415,
        "map_at_1": 0.776,
        "map_at_3": 0.83833,
        "map_at_5": 0.8447,
        "map_at_10": 0.84799,
        "map_at_20": 0.8491,
        "map_at_100": 0.84949,
        "map_at_1000": 0.84951,
        "recall_at_1": 0.776,
        "recall_at_3": 0.9128,
        "recall_at_5": 0.9406,
        "recall_at_10": 0.9644,
        "recall_at_20": 0.9798,
        "recall_at_100": 0.994,
        "recall_at_1000": 0.9996,
        "accuracy": 0.776,
        "precision_at_1": 0.776,
        "precision_at_3": 0.30427,
        "precision_at_5": 0.18812,
        "precision_at_10": 0.09644,
        "precision_at_20": 0.04899,
        "precision_at_100": 0.00994,
        "precision_at_1000": 0.001,
        "mrr_at_1": 0.7764,
        "mrr_at_3": 0.8384,
        "mrr_at_5": 0.84491,
        "mrr_at_10": 0.848168,
        "mrr_at_20": 0.849269,
        "mrr_at_100": 0.849662,
        "mrr_at_1000": 0.849687,
        "nauc_ndcg_at_1_max": 0.46133,
        "nauc_ndcg_at_1_std": -0.232185,
        "nauc_ndcg_at_1_diff1": 0.804192,
        "nauc_ndcg_at_3_max": 0.522899,
        "nauc_ndcg_at_3_std": -0.214468,
        "nauc_ndcg_at_3_diff1": 0.780791,
        "nauc_ndcg_at_5_max": 0.519947,
        "nauc_ndcg_at_5_std": -0.218181,
        "nauc_ndcg_at_5_diff1": 0.783382,
        "nauc_ndcg_at_10_max": 0.519917,
        "nauc_ndcg_at_10_std": -0.210901,
        "nauc_ndcg_at_10_diff1": 0.78538,
        "nauc_ndcg_at_20_max": 0.511159,
        "nauc_ndcg_at_20_std": -0.21752,
        "nauc_ndcg_at_20_diff1": 0.786116,
        "nauc_ndcg_at_100_max": 0.506942,
        "nauc_ndcg_at_100_std": -0.218141,
        "nauc_ndcg_at_100_diff1": 0.788086,
        "nauc_ndcg_at_1000_max": 0.505429,
        "nauc_ndcg_at_1000_std": -0.219,
        "nauc_ndcg_at_1000_diff1": 0.788417,
        "nauc_map_at_1_max": 0.46133,
        "nauc_map_at_1_std": -0.232185,
        "nauc_map_at_1_diff1": 0.804192,
        "nauc_map_at_3_max": 0.503458,
        "nauc_map_at_3_std": -0.221451,
        "nauc_map_at_3_diff1": 0.787682,
        "nauc_map_at_5_max": 0.501001,
        "nauc_map_at_5_std": -0.22382,
        "nauc_map_at_5_diff1": 0.789125,
        "nauc_map_at_10_max": 0.50073,
        "nauc_map_at_10_std": -0.221624,
        "nauc_map_at_10_diff1": 0.790007,
        "nauc_map_at_20_max": 0.498637,
        "nauc_map_at_20_std": -0.223163,
        "nauc_map_at_20_diff1": 0.790192,
        "nauc_map_at_100_max": 0.498184,
        "nauc_map_at_100_std": -0.222994,
        "nauc_map_at_100_diff1": 0.790442,
        "nauc_map_at_1000_max": 0.498151,
        "nauc_map_at_1000_std": -0.222995,
        "nauc_map_at_1000_diff1": 0.790452,
        "nauc_recall_at_1_max": 0.46133,
        "nauc_recall_at_1_std": -0.232185,
        "nauc_recall_at_1_diff1": 0.804192,
        "nauc_recall_at_3_max": 0.619797,
        "nauc_recall_at_3_std": -0.17864,
        "nauc_recall_at_3_diff1": 0.746816,
        "nauc_recall_at_5_max": 0.652384,
        "nauc_recall_at_5_std": -0.177458,
        "nauc_recall_at_5_diff1": 0.744806,
        "nauc_recall_at_10_max": 0.736915,
        "nauc_recall_at_10_std": -0.074568,
        "nauc_recall_at_10_diff1": 0.737424,
        "nauc_recall_at_20_max": 0.712682,
        "nauc_recall_at_20_std": -0.115082,
        "nauc_recall_at_20_diff1": 0.717637,
        "nauc_recall_at_100_max": 0.765126,
        "nauc_recall_at_100_std": -0.013632,
        "nauc_recall_at_100_diff1": 0.738967,
        "nauc_recall_at_1000_max": 0.934641,
        "nauc_recall_at_1000_std": 0.561391,
        "nauc_recall_at_1000_diff1": 0.777077,
        "nauc_precision_at_1_max": 0.46133,
        "nauc_precision_at_1_std": -0.232185,
        "nauc_precision_at_1_diff1": 0.804192,
        "nauc_precision_at_3_max": 0.619797,
        "nauc_precision_at_3_std": -0.17864,
        "nauc_precision_at_3_diff1": 0.746816,
        "nauc_precision_at_5_max": 0.652384,
        "nauc_precision_at_5_std": -0.177458,
        "nauc_precision_at_5_diff1": 0.744806,
        "nauc_precision_at_10_max": 0.736915,
        "nauc_precision_at_10_std": -0.074568,
        "nauc_precision_at_10_diff1": 0.737424,
        "nauc_precision_at_20_max": 0.712682,
        "nauc_precision_at_20_std": -0.115082,
        "nauc_precision_at_20_diff1": 0.717637,
        "nauc_precision_at_100_max": 0.765126,
        "nauc_precision_at_100_std": -0.013632,
        "nauc_precision_at_100_diff1": 0.738967,
        "nauc_precision_at_1000_max": 0.934641,
        "nauc_precision_at_1000_std": 0.561391,
        "nauc_precision_at_1000_diff1": 0.777077,
        "nauc_mrr_at_1_max": 0.463858,
        "nauc_mrr_at_1_std": -0.23064,
        "nauc_mrr_at_1_diff1": 0.80337,
        "nauc_mrr_at_3_max": 0.5053,
        "nauc_mrr_at_3_std": -0.220467,
        "nauc_mrr_at_3_diff1": 0.787299,
        "nauc_mrr_at_5_max": 0.502832,
        "nauc_mrr_at_5_std": -0.222322,
        "nauc_mrr_at_5_diff1": 0.788521,
        "nauc_mrr_at_10_max": 0.502616,
        "nauc_mrr_at_10_std": -0.220447,
        "nauc_mrr_at_10_diff1": 0.78944,
        "nauc_mrr_at_20_max": 0.500536,
        "nauc_mrr_at_20_std": -0.221977,
        "nauc_mrr_at_20_diff1": 0.78962,
        "nauc_mrr_at_100_max": 0.500088,
        "nauc_mrr_at_100_std": -0.221805,
        "nauc_mrr_at_100_diff1": 0.789868,
        "nauc_mrr_at_1000_max": 0.500056,
        "nauc_mrr_at_1000_std": -0.221806,
        "nauc_mrr_at_1000_diff1": 0.789879,
        "hit_rate_at_1": 0.776,
        "hit_rate_at_3": 0.9128,
        "hit_rate_at_5": 0.9406,
        "hit_rate_at_10": 0.9644,
        "hit_rate_at_20": 0.9798,
        "hit_rate_at_100": 0.994,
        "hit_rate_at_1000": 0.9996,
        "main_score": 0.87682,
        "hf_subset": "default",
        "languages": [
          "eng-Latn"
        ]
      }
    ]
  },
  "evaluation_time": 462.6566526889801,
  "kg_co2_emissions": null,
  "date": 1776447650.705654
}