{
  "dataset_revision": "1840e8a5ac6ec752bbdd97d543ead0189bc7c25b",
  "task_name": "ChemHotpotQARetrieval",
  "mteb_version": "2.12.20",
  "scores": {
    "train": [
      {
        "ndcg_at_1": 0.86111,
        "ndcg_at_3": 0.88841,
        "ndcg_at_5": 0.89559,
        "ndcg_at_10": 0.90455,
        "ndcg_at_20": 0.90769,
        "ndcg_at_100": 0.90996,
        "ndcg_at_1000": 0.91163,
        "map_at_1": 0.84167,
        "map_at_3": 0.87685,
        "map_at_5": 0.88102,
        "map_at_10": 0.8847,
        "map_at_20": 0.88582,
        "map_at_100": 0.88622,
        "map_at_1000": 0.88628,
        "recall_at_1": 0.84167,
        "recall_at_3": 0.91389,
        "recall_at_5": 0.93056,
        "recall_at_10": 0.95833,
        "recall_at_20": 0.96944,
        "recall_at_100": 0.98056,
        "recall_at_1000": 0.99444,
        "accuracy": 0.84167,
        "precision_at_1": 0.86111,
        "precision_at_3": 0.31481,
        "precision_at_5": 0.19222,
        "precision_at_10": 0.09889,
        "precision_at_20": 0.05028,
        "precision_at_100": 0.01017,
        "precision_at_1000": 0.00103,
        "mrr_at_1": 0.861111,
        "mrr_at_3": 0.886111,
        "mrr_at_5": 0.890278,
        "mrr_at_10": 0.893964,
        "mrr_at_20": 0.894427,
        "mrr_at_100": 0.894826,
        "mrr_at_1000": 0.894842,
        "nauc_ndcg_at_1_max": 0.613743,
        "nauc_ndcg_at_1_std": -0.252258,
        "nauc_ndcg_at_1_diff1": 0.880694,
        "nauc_ndcg_at_3_max": 0.455739,
        "nauc_ndcg_at_3_std": -0.351158,
        "nauc_ndcg_at_3_diff1": 0.741747,
        "nauc_ndcg_at_5_max": 0.430827,
        "nauc_ndcg_at_5_std": -0.416438,
        "nauc_ndcg_at_5_diff1": 0.743624,
        "nauc_ndcg_at_10_max": 0.41461,
        "nauc_ndcg_at_10_std": -0.409272,
        "nauc_ndcg_at_10_diff1": 0.735531,
        "nauc_ndcg_at_20_max": 0.426469,
        "nauc_ndcg_at_20_std": -0.393254,
        "nauc_ndcg_at_20_diff1": 0.757948,
        "nauc_ndcg_at_100_max": 0.416974,
        "nauc_ndcg_at_100_std": -0.394326,
        "nauc_ndcg_at_100_diff1": 0.754972,
        "nauc_ndcg_at_1000_max": 0.433314,
        "nauc_ndcg_at_1000_std": -0.387094,
        "nauc_ndcg_at_1000_diff1": 0.768553,
        "nauc_map_at_1_max": 0.454764,
        "nauc_map_at_1_std": -0.343745,
        "nauc_map_at_1_diff1": 0.782358,
        "nauc_map_at_3_max": 0.460819,
        "nauc_map_at_3_std": -0.354781,
        "nauc_map_at_3_diff1": 0.732323,
        "nauc_map_at_5_max": 0.448246,
        "nauc_map_at_5_std": -0.388343,
        "nauc_map_at_5_diff1": 0.732943,
        "nauc_map_at_10_max": 0.442907,
        "nauc_map_at_10_std": -0.387366,
        "nauc_map_at_10_diff1": 0.729906,
        "nauc_map_at_20_max": 0.447993,
        "nauc_map_at_20_std": -0.381573,
        "nauc_map_at_20_diff1": 0.737571,
        "nauc_map_at_100_max": 0.446802,
        "nauc_map_at_100_std": -0.381815,
        "nauc_map_at_100_diff1": 0.736989,
        "nauc_map_at_1000_max": 0.447734,
        "nauc_map_at_1000_std": -0.381201,
        "nauc_map_at_1000_diff1": 0.737988,
        "nauc_recall_at_1_max": 0.454764,
        "nauc_recall_at_1_std": -0.343745,
        "nauc_recall_at_1_diff1": 0.782358,
        "nauc_recall_at_3_max": 0.305578,
        "nauc_recall_at_3_std": -0.422804,
        "nauc_recall_at_3_diff1": 0.628731,
        "nauc_recall_at_5_max": 0.185042,
        "nauc_recall_at_5_std": -0.661419,
        "nauc_recall_at_5_diff1": 0.607974,
        "nauc_recall_at_10_max": -0.085372,
        "nauc_recall_at_10_std": -0.74127,
        "nauc_recall_at_10_diff1": 0.460535,
        "nauc_recall_at_20_max": -0.151218,
        "nauc_recall_at_20_std": -0.71679,
        "nauc_recall_at_20_diff1": 0.595578,
        "nauc_recall_at_100_max": -0.692344,
        "nauc_recall_at_100_std": -0.916433,
        "nauc_recall_at_100_diff1": 0.443844,
        "nauc_recall_at_1000_max": -1.739963,
        "nauc_recall_at_1000_std": -1.739963,
        "nauc_recall_at_1000_diff1": 0.869281,
        "nauc_precision_at_1_max": 0.613743,
        "nauc_precision_at_1_std": -0.252258,
        "nauc_precision_at_1_diff1": 0.880694,
        "nauc_precision_at_3_max": 0.379232,
        "nauc_precision_at_3_std": -0.113106,
        "nauc_precision_at_3_diff1": 0.389344,
        "nauc_precision_at_5_max": 0.307642,
        "nauc_precision_at_5_std": -0.22745,
        "nauc_precision_at_5_diff1": 0.33491,
        "nauc_precision_at_10_max": 0.198451,
        "nauc_precision_at_10_std": -0.106232,
        "nauc_precision_at_10_diff1": 0.144236,
        "nauc_precision_at_20_max": 0.206549,
        "nauc_precision_at_20_std": 0.109216,
        "nauc_precision_at_20_diff1": 0.154269,
        "nauc_precision_at_100_max": 0.118869,
        "nauc_precision_at_100_std": 0.180145,
        "nauc_precision_at_100_diff1": 0.049083,
        "nauc_precision_at_1000_max": 0.239063,
        "nauc_precision_at_1000_std": 0.361057,
        "nauc_precision_at_1000_diff1": 0.064149,
        "nauc_mrr_at_1_max": 0.613743,
        "nauc_mrr_at_1_std": -0.252258,
        "nauc_mrr_at_1_diff1": 0.880694,
        "nauc_mrr_at_3_max": 0.569802,
        "nauc_mrr_at_3_std": -0.273019,
        "nauc_mrr_at_3_diff1": 0.856182,
        "nauc_mrr_at_5_max": 0.560529,
        "nauc_mrr_at_5_std": -0.305921,
        "nauc_mrr_at_5_diff1": 0.861674,
        "nauc_mrr_at_10_max": 0.558782,
        "nauc_mrr_at_10_std": -0.301926,
        "nauc_mrr_at_10_diff1": 0.862996,
        "nauc_mrr_at_20_max": 0.556795,
        "nauc_mrr_at_20_std": -0.302514,
        "nauc_mrr_at_20_diff1": 0.862968,
        "nauc_mrr_at_100_max": 0.55594,
        "nauc_mrr_at_100_std": -0.302465,
        "nauc_mrr_at_100_diff1": 0.862831,
        "nauc_mrr_at_1000_max": 0.556003,
        "nauc_mrr_at_1000_std": -0.302426,
        "nauc_mrr_at_1000_diff1": 0.862855,
        "hit_rate_at_1": 0.86111,
        "hit_rate_at_3": 0.92222,
        "hit_rate_at_5": 0.93889,
        "hit_rate_at_10": 0.96667,
        "hit_rate_at_20": 0.97222,
        "hit_rate_at_100": 0.98333,
        "hit_rate_at_1000": 0.99444,
        "main_score": 0.90455,
        "hf_subset": "default",
        "languages": [
          "eng-Latn"
        ]
      }
    ],
    "dev": [
      {
        "ndcg_at_1": 0.875,
        "ndcg_at_3": 0.875,
        "ndcg_at_5": 0.875,
        "ndcg_at_10": 0.875,
        "ndcg_at_20": 0.875,
        "ndcg_at_100": 0.90159,
        "ndcg_at_1000": 0.90159,
        "map_at_1": 0.875,
        "map_at_3": 0.875,
        "map_at_5": 0.875,
        "map_at_10": 0.875,
        "map_at_20": 0.875,
        "map_at_100": 0.88,
        "map_at_1000": 0.88,
        "recall_at_1": 0.875,
        "recall_at_3": 0.875,
        "recall_at_5": 0.875,
        "recall_at_10": 0.875,
        "recall_at_20": 0.875,
        "recall_at_100": 1.0,
        "recall_at_1000": 1.0,
        "accuracy": 0.875,
        "precision_at_1": 0.875,
        "precision_at_3": 0.29167,
        "precision_at_5": 0.175,
        "precision_at_10": 0.0875,
        "precision_at_20": 0.04375,
        "precision_at_100": 0.01,
        "precision_at_1000": 0.001,
        "mrr_at_1": 0.875,
        "mrr_at_3": 0.875,
        "mrr_at_5": 0.875,
        "mrr_at_10": 0.875,
        "mrr_at_20": 0.875,
        "mrr_at_100": 0.88,
        "mrr_at_1000": 0.88,
        "nauc_ndcg_at_1_max": 1.0,
        "nauc_ndcg_at_1_std": 0.865546,
        "nauc_ndcg_at_1_diff1": 0.865546,
        "nauc_ndcg_at_3_max": 1.0,
        "nauc_ndcg_at_3_std": 0.865546,
        "nauc_ndcg_at_3_diff1": 0.865546,
        "nauc_ndcg_at_5_max": 1.0,
        "nauc_ndcg_at_5_std": 0.865546,
        "nauc_ndcg_at_5_diff1": 0.865546,
        "nauc_ndcg_at_10_max": 1.0,
        "nauc_ndcg_at_10_std": 0.865546,
        "nauc_ndcg_at_10_diff1": 0.865546,
        "nauc_ndcg_at_20_max": 1.0,
        "nauc_ndcg_at_20_std": 0.865546,
        "nauc_ndcg_at_20_diff1": 0.865546,
        "nauc_ndcg_at_100_max": 1.0,
        "nauc_ndcg_at_100_std": 0.865546,