{
  "dataset_revision": "5d958fb6b31055495347724d46431ba41309b03a",
  "task_name": "ChemNQRetrieval",
  "mteb_version": "2.12.16",
  "scores": {
    "test": [
      {
        "ndcg_at_1": 0.48148,
        "ndcg_at_3": 0.53083,
        "ndcg_at_5": 0.53962,
        "ndcg_at_10": 0.59275,
        "ndcg_at_20": 0.60411,
        "ndcg_at_100": 0.63717,
        "ndcg_at_1000": 0.64327,
        "map_at_1": 0.3642,
        "map_at_3": 0.48765,
        "map_at_5": 0.49506,
        "map_at_10": 0.51946,
        "map_at_20": 0.5244,
        "map_at_100": 0.52995,
        "map_at_1000": 0.53018,
        "recall_at_1": 0.3642,
        "recall_at_3": 0.58642,
        "recall_at_5": 0.60494,
        "recall_at_10": 0.75309,
        "recall_at_20": 0.79012,
        "recall_at_100": 0.95062,
        "recall_at_1000": 1.0,
        "accuracy": 0.3642,
        "precision_at_1": 0.48148,
        "precision_at_3": 0.24691,
        "precision_at_5": 0.15556,
        "precision_at_10": 0.0963,
        "precision_at_20": 0.05185,
        "precision_at_100": 0.01222,
        "precision_at_1000": 0.0013,
        "mrr_at_1": 0.481481,
        "mrr_at_3": 0.567901,
        "mrr_at_5": 0.567901,
        "mrr_at_10": 0.590829,
        "mrr_at_20": 0.590829,
        "mrr_at_100": 0.59603,
        "mrr_at_1000": 0.596075,
        "nauc_ndcg_at_1_max": 0.200526,
        "nauc_ndcg_at_1_std": -0.086001,
        "nauc_ndcg_at_1_diff1": 0.062065,
        "nauc_ndcg_at_3_max": 0.056769,
        "nauc_ndcg_at_3_std": -0.218838,
        "nauc_ndcg_at_3_diff1": 0.072691,
        "nauc_ndcg_at_5_max": 0.090518,
        "nauc_ndcg_at_5_std": -0.201902,
        "nauc_ndcg_at_5_diff1": 0.052076,
        "nauc_ndcg_at_10_max": 0.19116,
        "nauc_ndcg_at_10_std": -0.079841,
        "nauc_ndcg_at_10_diff1": 0.123655,
        "nauc_ndcg_at_20_max": 0.230583,
        "nauc_ndcg_at_20_std": -0.05153,
        "nauc_ndcg_at_20_diff1": 0.139102,
        "nauc_ndcg_at_100_max": 0.15288,
        "nauc_ndcg_at_100_std": -0.120117,
        "nauc_ndcg_at_100_diff1": 0.11996,
        "nauc_ndcg_at_1000_max": 0.159887,
        "nauc_ndcg_at_1000_std": -0.114669,
        "nauc_ndcg_at_1000_diff1": 0.111575,
        "nauc_map_at_1_max": 0.045367,
        "nauc_map_at_1_std": -0.1013,
        "nauc_map_at_1_diff1": 0.039694,
        "nauc_map_at_3_max": 0.042323,
        "nauc_map_at_3_std": -0.221826,
        "nauc_map_at_3_diff1": 0.086147,
        "nauc_map_at_5_max": 0.069883,
        "nauc_map_at_5_std": -0.207786,
        "nauc_map_at_5_diff1": 0.069195,
        "nauc_map_at_10_max": 0.112369,
        "nauc_map_at_10_std": -0.155354,
        "nauc_map_at_10_diff1": 0.101754,
        "nauc_map_at_20_max": 0.127733,
        "nauc_map_at_20_std": -0.144153,
        "nauc_map_at_20_diff1": 0.107735,
        "nauc_map_at_100_max": 0.115139,
        "nauc_map_at_100_std": -0.154945,
        "nauc_map_at_100_diff1": 0.104718,
        "nauc_map_at_1000_max": 0.114928,
        "nauc_map_at_1000_std": -0.15501,
        "nauc_map_at_1000_diff1": 0.104365,
        "nauc_recall_at_1_max": 0.045367,
        "nauc_recall_at_1_std": -0.1013,
        "nauc_recall_at_1_diff1": 0.039694,
        "nauc_recall_at_3_max": -0.035355,
        "nauc_recall_at_3_std": -0.284419,
        "nauc_recall_at_3_diff1": 0.059079,
        "nauc_recall_at_5_max": 0.036748,
        "nauc_recall_at_5_std": -0.256011,
        "nauc_recall_at_5_diff1": 0.016723,
        "nauc_recall_at_10_max": 0.347911,
        "nauc_recall_at_10_std": 0.141362,
        "nauc_recall_at_10_diff1": 0.223752,
        "nauc_recall_at_20_max": 0.579456,
        "nauc_recall_at_20_std": 0.293185,
        "nauc_recall_at_20_diff1": 0.32647,
        "nauc_recall_at_100_max": -0.290447,
        "nauc_recall_at_100_std": -0.401166,
        "nauc_recall_at_100_diff1": 0.407182,
        "nauc_recall_at_1000_max": NaN,
        "nauc_recall_at_1000_std": NaN,
        "nauc_recall_at_1000_diff1": NaN,
        "nauc_precision_at_1_max": 0.200526,
        "nauc_precision_at_1_std": -0.086001,
        "nauc_precision_at_1_diff1": 0.062065,
        "nauc_precision_at_3_max": 0.141019,
        "nauc_precision_at_3_std": -0.283334,
        "nauc_precision_at_3_diff1": 0.121,
        "nauc_precision_at_5_max": 0.217,
        "nauc_precision_at_5_std": -0.199308,
        "nauc_precision_at_5_diff1": 0.047342,
        "nauc_precision_at_10_max": 0.455837,
        "nauc_precision_at_10_std": 0.147361,
        "nauc_precision_at_10_diff1": 0.268801,
        "nauc_precision_at_20_max": 0.54097,
        "nauc_precision_at_20_std": 0.233742,
        "nauc_precision_at_20_diff1": 0.289641,
        "nauc_precision_at_100_max": 0.329126,
        "nauc_precision_at_100_std": 0.09041,
        "nauc_precision_at_100_diff1": 0.226701,
        "nauc_precision_at_1000_max": 0.307611,
        "nauc_precision_at_1000_std": 0.127778,
        "nauc_precision_at_1000_diff1": 0.123871,
        "nauc_mrr_at_1_max": 0.200526,
        "nauc_mrr_at_1_std": -0.086001,
        "nauc_mrr_at_1_diff1": 0.062065,
        "nauc_mrr_at_3_max": 0.180067,
        "nauc_mrr_at_3_std": -0.118428,
        "nauc_mrr_at_3_diff1": 0.045014,
        "nauc_mrr_at_5_max": 0.180067,
        "nauc_mrr_at_5_std": -0.118428,
        "nauc_mrr_at_5_diff1": 0.045014,
        "nauc_mrr_at_10_max": 0.225397,
        "nauc_mrr_at_10_std": -0.066354,
        "nauc_mrr_at_10_diff1": 0.070449,
        "nauc_mrr_at_20_max": 0.225397,
        "nauc_mrr_at_20_std": -0.066354,
        "nauc_mrr_at_20_diff1": 0.070449,
        "nauc_mrr_at_100_max": 0.214868,
        "nauc_mrr_at_100_std": -0.075728,
        "nauc_mrr_at_100_diff1": 0.067396,
        "nauc_mrr_at_1000_max": 0.214984,
        "nauc_mrr_at_1000_std": -0.075654,
        "nauc_mrr_at_1000_diff1": 0.067353,
        "hit_rate_at_1": 0.48148,
        "hit_rate_at_3": 0.66667,
        "hit_rate_at_5": 0.66667,
        "hit_rate_at_10": 0.81481,
        "hit_rate_at_20": 0.81481,
        "hit_rate_at_100": 0.96296,
        "hit_rate_at_1000": 1.0,
        "main_score": 0.59275,
        "hf_subset": "default",
        "languages": [
          "eng-Latn"
        ]
      }
    ]
  },
  "evaluation_time": 61.6131227016449,
  "kg_co2_emissions": null,
  "date": 1778639473.667617
}