{
  "dataset_revision": "1840e8a5ac6ec752bbdd97d543ead0189bc7c25b",
  "task_name": "ChemHotpotQARetrieval",
  "mteb_version": "2.12.16",
  "scores": {
    "train": [
      {
        "ndcg_at_1": 0.83889,
        "ndcg_at_3": 0.87642,
        "ndcg_at_5": 0.8879,
        "ndcg_at_10": 0.88975,
        "ndcg_at_20": 0.89397,
        "ndcg_at_100": 0.89925,
        "ndcg_at_1000": 0.90044,
        "map_at_1": 0.81944,
        "map_at_3": 0.86296,
        "map_at_5": 0.86935,
        "map_at_10": 0.87015,
        "map_at_20": 0.8713,
        "map_at_100": 0.87237,
        "map_at_1000": 0.87238,
        "recall_at_1": 0.81944,
        "recall_at_3": 0.90833,
        "recall_at_5": 0.93611,
        "recall_at_10": 0.94167,
        "recall_at_20": 0.95833,
        "recall_at_100": 0.98333,
        "recall_at_1000": 0.99444,
        "accuracy": 0.81944,
        "precision_at_1": 0.83889,
        "precision_at_3": 0.31296,
        "precision_at_5": 0.19333,
        "precision_at_10": 0.09722,
        "precision_at_20": 0.04944,
        "precision_at_100": 0.01022,
        "precision_at_1000": 0.00103,
        "mrr_at_1": 0.838889,
        "mrr_at_3": 0.871296,
        "mrr_at_5": 0.877685,
        "mrr_at_10": 0.878479,
        "mrr_at_20": 0.879636,
        "mrr_at_100": 0.880188,
        "mrr_at_1000": 0.880205,
        "nauc_ndcg_at_1_max": 0.582743,
        "nauc_ndcg_at_1_std": -0.205698,
        "nauc_ndcg_at_1_diff1": 0.921407,
        "nauc_ndcg_at_3_max": 0.442349,
        "nauc_ndcg_at_3_std": -0.359657,
        "nauc_ndcg_at_3_diff1": 0.783743,
        "nauc_ndcg_at_5_max": 0.41232,
        "nauc_ndcg_at_5_std": -0.406856,
        "nauc_ndcg_at_5_diff1": 0.785219,
        "nauc_ndcg_at_10_max": 0.413267,
        "nauc_ndcg_at_10_std": -0.383583,
        "nauc_ndcg_at_10_diff1": 0.786318,
        "nauc_ndcg_at_20_max": 0.406505,
        "nauc_ndcg_at_20_std": -0.383629,
        "nauc_ndcg_at_20_diff1": 0.781173,
        "nauc_ndcg_at_100_max": 0.423286,
        "nauc_ndcg_at_100_std": -0.346313,
        "nauc_ndcg_at_100_diff1": 0.810232,
        "nauc_ndcg_at_1000_max": 0.42549,
        "nauc_ndcg_at_1000_std": -0.350259,
        "nauc_ndcg_at_1000_diff1": 0.810756,
        "nauc_map_at_1_max": 0.448112,
        "nauc_map_at_1_std": -0.272199,
        "nauc_map_at_1_diff1": 0.830806,
        "nauc_map_at_3_max": 0.444499,
        "nauc_map_at_3_std": -0.337954,
        "nauc_map_at_3_diff1": 0.777734,
        "nauc_map_at_5_max": 0.430297,
        "nauc_map_at_5_std": -0.359368,
        "nauc_map_at_5_diff1": 0.778335,
        "nauc_map_at_10_max": 0.430759,
        "nauc_map_at_10_std": -0.350553,
        "nauc_map_at_10_diff1": 0.778694,
        "nauc_map_at_20_max": 0.429294,
        "nauc_map_at_20_std": -0.350578,
        "nauc_map_at_20_diff1": 0.777397,
        "nauc_map_at_100_max": 0.433189,
        "nauc_map_at_100_std": -0.344591,
        "nauc_map_at_100_diff1": 0.782906,
        "nauc_map_at_1000_max": 0.433212,
        "nauc_map_at_1000_std": -0.344618,
        "nauc_map_at_1000_diff1": 0.782915,
        "nauc_recall_at_1_max": 0.448112,
        "nauc_recall_at_1_std": -0.272199,
        "nauc_recall_at_1_diff1": 0.830806,
        "nauc_recall_at_3_max": 0.306779,
        "nauc_recall_at_3_std": -0.512534,
        "nauc_recall_at_3_diff1": 0.661418,
        "nauc_recall_at_5_max": 0.124122,
        "nauc_recall_at_5_std": -0.773211,
        "nauc_recall_at_5_diff1": 0.612654,
        "nauc_recall_at_10_max": 0.101841,
        "nauc_recall_at_10_std": -0.681139,
        "nauc_recall_at_10_diff1": 0.602219,
        "nauc_recall_at_20_max": -0.085994,
        "nauc_recall_at_20_std": -0.793557,
        "nauc_recall_at_20_diff1": 0.480143,
        "nauc_recall_at_100_max": -0.419701,
        "nauc_recall_at_100_std": -0.387021,
        "nauc_recall_at_100_diff1": 0.807812,
        "nauc_recall_at_1000_max": -1.739963,
        "nauc_recall_at_1000_std": -1.151727,
        "nauc_recall_at_1000_diff1": 0.869281,
        "nauc_precision_at_1_max": 0.582743,
        "nauc_precision_at_1_std": -0.205698,
        "nauc_precision_at_1_diff1": 0.921407,
        "nauc_precision_at_3_max": 0.367852,
        "nauc_precision_at_3_std": -0.221417,
        "nauc_precision_at_3_diff1": 0.423105,
        "nauc_precision_at_5_max": 0.262002,
        "nauc_precision_at_5_std": -0.312349,
        "nauc_precision_at_5_diff1": 0.319781,
        "nauc_precision_at_10_max": 0.255982,
        "nauc_precision_at_10_std": -0.222898,
        "nauc_precision_at_10_diff1": 0.294565,
        "nauc_precision_at_20_max": 0.182961,
        "nauc_precision_at_20_std": -0.18188,
        "nauc_precision_at_20_diff1": 0.152702,
        "nauc_precision_at_100_max": 0.226326,
        "nauc_precision_at_100_std": 0.27412,
        "nauc_precision_at_100_diff1": 0.15562,
        "nauc_precision_at_1000_max": 0.224186,
        "nauc_precision_at_1000_std": 0.316425,
        "nauc_precision_at_1000_diff1": 0.061316,
        "nauc_mrr_at_1_max": 0.582743,
        "nauc_mrr_at_1_std": -0.205698,
        "nauc_mrr_at_1_diff1": 0.921407,
        "nauc_mrr_at_3_max": 0.545487,
        "nauc_mrr_at_3_std": -0.280401,
        "nauc_mrr_at_3_diff1": 0.892894,
        "nauc_mrr_at_5_max": 0.535888,
        "nauc_mrr_at_5_std": -0.300011,
        "nauc_mrr_at_5_diff1": 0.899776,
        "nauc_mrr_at_10_max": 0.537094,
        "nauc_mrr_at_10_std": -0.290247,
        "nauc_mrr_at_10_diff1": 0.90098,
        "nauc_mrr_at_20_max": 0.536601,
        "nauc_mrr_at_20_std": -0.289672,
        "nauc_mrr_at_20_diff1": 0.900823,
        "nauc_mrr_at_100_max": 0.535594,
        "nauc_mrr_at_100_std": -0.28671,
        "nauc_mrr_at_100_diff1": 0.900731,
        "nauc_mrr_at_1000_max": 0.535633,
        "nauc_mrr_at_1000_std": -0.28673,
        "nauc_mrr_at_1000_diff1": 0.900759,
        "hit_rate_at_1": 0.83889,
        "hit_rate_at_3": 0.91667,
        "hit_rate_at_5": 0.94444,
        "hit_rate_at_10": 0.95,
        "hit_rate_at_20": 0.96667,
        "hit_rate_at_100": 0.98333,
        "hit_rate_at_1000": 0.99444,
        "main_score": 0.88975,
        "hf_subset": "default",
        "languages": [
          "eng-Latn"
        ]
      }
    ],
    "dev": [
      {
        "ndcg_at_1": 0.875,
        "ndcg_at_3": 0.875,
        "ndcg_at_5": 0.875,
        "ndcg_at_10": 0.875,
        "ndcg_at_20": 0.875,
        "ndcg_at_100": 0.89561,
        "ndcg_at_1000": 0.89561,
        "map_at_1": 0.875,
        "map_at_3": 0.875,
        "map_at_5": 0.875,
        "map_at_10": 0.875,
        "map_at_20": 0.875,
        "map_at_100": 0.87689,
        "map_at_1000": 0.87689,
        "recall_at_1": 0.875,
        "recall_at_3": 0.875,
        "recall_at_5": 0.875,
        "recall_at_10": 0.875,
        "recall_at_20": 0.875,
        "recall_at_100": 1.0,
        "recall_at_1000": 1.0,
        "accuracy": 0.875,
        "precision_at_1": 0.875,
        "precision_at_3": 0.29167,
        "precision_at_5": 0.175,
        "precision_at_10": 0.0875,
        "precision_at_20": 0.04375,
        "precision_at_100": 0.01,
        "precision_at_1000": 0.001,
        "mrr_at_1": 0.875,
        "mrr_at_3": 0.875,
        "mrr_at_5": 0.875,
        "mrr_at_10": 0.875,
        "mrr_at_20": 0.875,
        "mrr_at_100": 0.876894,
        "mrr_at_1000": 0.876894,
        "nauc_ndcg_at_1_max": 0.865546,
        "nauc_ndcg_at_1_std": 0.363585,
        "nauc_ndcg_at_1_diff1": 0.865546,
        "nauc_ndcg_at_3_max": 0.865546,
        "nauc_ndcg_at_3_std": 0.363585,
        "nauc_ndcg_at_3_diff1": 0.865546,
        "nauc_ndcg_at_5_max": 0.865546,
        "nauc_ndcg_at_5_std": 0.363585,
        "nauc_ndcg_at_5_diff1": 0.865546,
        "nauc_ndcg_at_10_max": 0.865546,
        "nauc_ndcg_at_10_std": 0.363585,
        "nauc_ndcg_at_10_diff1": 0.865546,
        "nauc_ndcg_at_20_max": 0.865546,
        "nauc_ndcg_at_20_std": 0.363585,
        "nauc_ndcg_at_20_diff1": 0.865546,
        "nauc_ndcg_at_100_max": 0.865546,