{
  "dataset_revision": "5377aa18f309ec440ff6325a4c2cd3362c2cb8d7",
  "task_name": "ChemRxivRetrieval",
  "mteb_version": "2.12.16",
  "scores": {
    "test": [
      {
        "ndcg_at_1": 0.8048,
        "ndcg_at_3": 0.87909,
        "ndcg_at_5": 0.88878,
        "ndcg_at_10": 0.89584,
        "ndcg_at_20": 0.89881,
        "ndcg_at_100": 0.90066,
        "ndcg_at_1000": 0.90122,
        "map_at_1": 0.8048,
        "map_at_3": 0.86153,
        "map_at_5": 0.86694,
        "map_at_10": 0.86994,
        "map_at_20": 0.87078,
        "map_at_100": 0.87105,
        "map_at_1000": 0.87107,
        "recall_at_1": 0.8048,
        "recall_at_3": 0.9296,
        "recall_at_5": 0.953,
        "recall_at_10": 0.9744,
        "recall_at_20": 0.986,
        "recall_at_100": 0.9958,
        "recall_at_1000": 1.0,
        "accuracy": 0.8048,
        "precision_at_1": 0.8048,
        "precision_at_3": 0.30987,
        "precision_at_5": 0.1906,
        "precision_at_10": 0.09744,
        "precision_at_20": 0.0493,
        "precision_at_100": 0.00996,
        "precision_at_1000": 0.001,
        "mrr_at_1": 0.8048,
        "mrr_at_3": 0.861533,
        "mrr_at_5": 0.866943,
        "mrr_at_10": 0.869941,
        "mrr_at_20": 0.870778,
        "mrr_at_100": 0.871045,
        "mrr_at_1000": 0.871069,
        "nauc_ndcg_at_1_max": 0.505726,
        "nauc_ndcg_at_1_std": -0.229742,
        "nauc_ndcg_at_1_diff1": 0.834594,
        "nauc_ndcg_at_3_max": 0.565871,
        "nauc_ndcg_at_3_std": -0.231064,
        "nauc_ndcg_at_3_diff1": 0.815033,
        "nauc_ndcg_at_5_max": 0.564275,
        "nauc_ndcg_at_5_std": -0.230495,
        "nauc_ndcg_at_5_diff1": 0.817406,
        "nauc_ndcg_at_10_max": 0.556522,
        "nauc_ndcg_at_10_std": -0.231543,
        "nauc_ndcg_at_10_diff1": 0.819496,
        "nauc_ndcg_at_20_max": 0.553485,
        "nauc_ndcg_at_20_std": -0.227525,
        "nauc_ndcg_at_20_diff1": 0.819962,
        "nauc_ndcg_at_100_max": 0.548622,
        "nauc_ndcg_at_100_std": -0.226752,
        "nauc_ndcg_at_100_diff1": 0.820453,
        "nauc_ndcg_at_1000_max": 0.546775,
        "nauc_ndcg_at_1000_std": -0.22923,
        "nauc_ndcg_at_1000_diff1": 0.82104,
        "nauc_map_at_1_max": 0.505726,
        "nauc_map_at_1_std": -0.229742,
        "nauc_map_at_1_diff1": 0.834594,
        "nauc_map_at_3_max": 0.546152,
        "nauc_map_at_3_std": -0.231612,
        "nauc_map_at_3_diff1": 0.820236,
        "nauc_map_at_5_max": 0.544554,
        "nauc_map_at_5_std": -0.231391,
        "nauc_map_at_5_diff1": 0.821592,
        "nauc_map_at_10_max": 0.541656,
        "nauc_map_at_10_std": -0.231357,
        "nauc_map_at_10_diff1": 0.822374,
        "nauc_map_at_20_max": 0.540898,
        "nauc_map_at_20_std": -0.230505,
        "nauc_map_at_20_diff1": 0.822514,
        "nauc_map_at_100_max": 0.540344,
        "nauc_map_at_100_std": -0.23044,
        "nauc_map_at_100_diff1": 0.822569,
        "nauc_map_at_1000_max": 0.540282,
        "nauc_map_at_1000_std": -0.230523,
        "nauc_map_at_1000_diff1": 0.822589,
        "nauc_recall_at_1_max": 0.505726,
        "nauc_recall_at_1_std": -0.229742,
        "nauc_recall_at_1_diff1": 0.834594,
        "nauc_recall_at_3_max": 0.672424,
        "nauc_recall_at_3_std": -0.227326,
        "nauc_recall_at_3_diff1": 0.787873,
        "nauc_recall_at_5_max": 0.716821,
        "nauc_recall_at_5_std": -0.222101,
        "nauc_recall_at_5_diff1": 0.787105,
        "nauc_recall_at_10_max": 0.747356,
        "nauc_recall_at_10_std": -0.23815,
        "nauc_recall_at_10_diff1": 0.787257,
        "nauc_recall_at_20_max": 0.823049,
        "nauc_recall_at_20_std": -0.132713,
        "nauc_recall_at_20_diff1": 0.771922,
        "nauc_recall_at_100_max": 0.862945,
        "nauc_recall_at_100_std": 0.193633,
        "nauc_recall_at_100_diff1": 0.719799,
        "nauc_recall_at_1000_max": NaN,
        "nauc_recall_at_1000_std": NaN,
        "nauc_recall_at_1000_diff1": NaN,
        "nauc_precision_at_1_max": 0.505726,
        "nauc_precision_at_1_std": -0.229742,
        "nauc_precision_at_1_diff1": 0.834594,
        "nauc_precision_at_3_max": 0.672424,
        "nauc_precision_at_3_std": -0.227326,
        "nauc_precision_at_3_diff1": 0.787873,
        "nauc_precision_at_5_max": 0.716821,
        "nauc_precision_at_5_std": -0.222101,
        "nauc_precision_at_5_diff1": 0.787105,
        "nauc_precision_at_10_max": 0.747356,
        "nauc_precision_at_10_std": -0.23815,
        "nauc_precision_at_10_diff1": 0.787257,
        "nauc_precision_at_20_max": 0.823049,
        "nauc_precision_at_20_std": -0.132713,
        "nauc_precision_at_20_diff1": 0.771922,
        "nauc_precision_at_100_max": 0.862945,
        "nauc_precision_at_100_std": 0.193633,
        "nauc_precision_at_100_diff1": 0.719799,
        "nauc_precision_at_1000_max": 1.0,
        "nauc_precision_at_1000_std": 1.0,
        "nauc_precision_at_1000_diff1": 1.0,
        "nauc_mrr_at_1_max": 0.505726,
        "nauc_mrr_at_1_std": -0.229742,
        "nauc_mrr_at_1_diff1": 0.834594,
        "nauc_mrr_at_3_max": 0.546152,
        "nauc_mrr_at_3_std": -0.231612,
        "nauc_mrr_at_3_diff1": 0.820236,
        "nauc_mrr_at_5_max": 0.544554,
        "nauc_mrr_at_5_std": -0.231391,
        "nauc_mrr_at_5_diff1": 0.821592,
        "nauc_mrr_at_10_max": 0.541656,
        "nauc_mrr_at_10_std": -0.231357,
        "nauc_mrr_at_10_diff1": 0.822374,
        "nauc_mrr_at_20_max": 0.540898,
        "nauc_mrr_at_20_std": -0.230505,
        "nauc_mrr_at_20_diff1": 0.822514,
        "nauc_mrr_at_100_max": 0.540344,
        "nauc_mrr_at_100_std": -0.23044,
        "nauc_mrr_at_100_diff1": 0.822569,
        "nauc_mrr_at_1000_max": 0.540282,
        "nauc_mrr_at_1000_std": -0.230523,
        "nauc_mrr_at_1000_diff1": 0.822589,
        "hit_rate_at_1": 0.8048,
        "hit_rate_at_3": 0.9296,
        "hit_rate_at_5": 0.953,
        "hit_rate_at_10": 0.9744,
        "hit_rate_at_20": 0.986,
        "hit_rate_at_100": 0.9958,
        "hit_rate_at_1000": 1.0,
        "main_score": 0.89584,
        "hf_subset": "default",
        "languages": [
          "eng-Latn"
        ]
      }
    ]
  },
  "evaluation_time": 435.16750383377075,
  "kg_co2_emissions": null,
  "date": 1778639995.812334
}