{
  "dataset_revision": "1840e8a5ac6ec752bbdd97d543ead0189bc7c25b",
  "task_name": "ChemHotpotQARetrieval",
  "mteb_version": "2.12.16",
  "scores": {
    "train": [
      {
        "ndcg_at_1": 0.86667,
        "ndcg_at_3": 0.89119,
        "ndcg_at_5": 0.89837,
        "ndcg_at_10": 0.90733,
        "ndcg_at_20": 0.91046,
        "ndcg_at_100": 0.91272,
        "ndcg_at_1000": 0.91438,
        "map_at_1": 0.84722,
        "map_at_3": 0.88056,
        "map_at_5": 0.88472,
        "map_at_10": 0.88841,
        "map_at_20": 0.88953,
        "map_at_100": 0.88991,
        "map_at_1000": 0.88997,
        "recall_at_1": 0.84722,
        "recall_at_3": 0.91389,
        "recall_at_5": 0.93056,
        "recall_at_10": 0.95833,
        "recall_at_20": 0.96944,
        "recall_at_100": 0.98056,
        "recall_at_1000": 0.99444,
        "accuracy": 0.84722,
        "precision_at_1": 0.86667,
        "precision_at_3": 0.31481,
        "precision_at_5": 0.19222,
        "precision_at_10": 0.09889,
        "precision_at_20": 0.05028,
        "precision_at_100": 0.01017,
        "precision_at_1000": 0.00103,
        "mrr_at_1": 0.866667,
        "mrr_at_3": 0.889815,
        "mrr_at_5": 0.893981,
        "mrr_at_10": 0.897668,
        "mrr_at_20": 0.898131,
        "mrr_at_100": 0.898512,
        "mrr_at_1000": 0.898528,
        "nauc_ndcg_at_1_max": 0.593649,
        "nauc_ndcg_at_1_std": -0.324485,
        "nauc_ndcg_at_1_diff1": 0.869691,
        "nauc_ndcg_at_3_max": 0.439946,
        "nauc_ndcg_at_3_std": -0.427024,
        "nauc_ndcg_at_3_diff1": 0.729414,
        "nauc_ndcg_at_5_max": 0.413282,
        "nauc_ndcg_at_5_std": -0.499395,
        "nauc_ndcg_at_5_diff1": 0.731346,
        "nauc_ndcg_at_10_max": 0.394885,
        "nauc_ndcg_at_10_std": -0.489368,
        "nauc_ndcg_at_10_diff1": 0.721814,
        "nauc_ndcg_at_20_max": 0.40641,
        "nauc_ndcg_at_20_std": -0.475592,
        "nauc_ndcg_at_20_diff1": 0.744392,
        "nauc_ndcg_at_100_max": 0.396188,
        "nauc_ndcg_at_100_std": -0.471448,
        "nauc_ndcg_at_100_diff1": 0.741066,
        "nauc_ndcg_at_1000_max": 0.412583,
        "nauc_ndcg_at_1000_std": -0.465488,
        "nauc_ndcg_at_1000_diff1": 0.755648,
        "nauc_map_at_1_max": 0.420535,
        "nauc_map_at_1_std": -0.410632,
        "nauc_map_at_1_diff1": 0.766886,
        "nauc_map_at_3_max": 0.44167,
        "nauc_map_at_3_std": -0.428814,
        "nauc_map_at_3_diff1": 0.719577,
        "nauc_map_at_5_max": 0.42802,
        "nauc_map_at_5_std": -0.466103,
        "nauc_map_at_5_diff1": 0.720203,
        "nauc_map_at_10_max": 0.421832,
        "nauc_map_at_10_std": -0.464389,
        "nauc_map_at_10_diff1": 0.716641,
        "nauc_map_at_20_max": 0.426868,
        "nauc_map_at_20_std": -0.459165,
        "nauc_map_at_20_diff1": 0.724409,
        "nauc_map_at_100_max": 0.425605,
        "nauc_map_at_100_std": -0.458815,
        "nauc_map_at_100_diff1": 0.723814,
        "nauc_map_at_1000_max": 0.426552,
        "nauc_map_at_1000_std": -0.458224,
        "nauc_map_at_1000_diff1": 0.724843,
        "nauc_recall_at_1_max": 0.420535,
        "nauc_recall_at_1_std": -0.410632,
        "nauc_recall_at_1_diff1": 0.766886,
        "nauc_recall_at_3_max": 0.305578,
        "nauc_recall_at_3_std": -0.498705,
        "nauc_recall_at_3_diff1": 0.617888,
        "nauc_recall_at_5_max": 0.185042,
        "nauc_recall_at_5_std": -0.755537,
        "nauc_recall_at_5_diff1": 0.597516,
        "nauc_recall_at_10_max": -0.085372,
        "nauc_recall_at_10_std": -0.819701,
        "nauc_recall_at_10_diff1": 0.443106,
        "nauc_recall_at_20_max": -0.151218,
        "nauc_recall_at_20_std": -0.823742,
        "nauc_recall_at_20_diff1": 0.571811,
        "nauc_recall_at_100_max": -0.692344,
        "nauc_recall_at_100_std": -0.916433,
        "nauc_recall_at_100_diff1": 0.406496,
        "nauc_recall_at_1000_max": -1.739963,
        "nauc_recall_at_1000_std": -1.739963,
        "nauc_recall_at_1000_diff1": 0.869281,
        "nauc_precision_at_1_max": 0.593649,
        "nauc_precision_at_1_std": -0.324485,
        "nauc_precision_at_1_diff1": 0.869691,
        "nauc_precision_at_3_max": 0.407297,
        "nauc_precision_at_3_std": -0.169236,
        "nauc_precision_at_3_diff1": 0.387562,
        "nauc_precision_at_5_max": 0.340395,
        "nauc_precision_at_5_std": -0.292956,
        "nauc_precision_at_5_diff1": 0.33491,
        "nauc_precision_at_10_max": 0.24384,
        "nauc_precision_at_10_std": -0.151621,
        "nauc_precision_at_10_diff1": 0.144236,
        "nauc_precision_at_20_max": 0.244648,
        "nauc_precision_at_20_std": 0.071118,
        "nauc_precision_at_20_diff1": 0.154269,
        "nauc_precision_at_100_max": 0.162637,
        "nauc_precision_at_100_std": 0.180145,
        "nauc_precision_at_100_diff1": 0.049083,
        "nauc_precision_at_1000_max": 0.283695,
        "nauc_precision_at_1000_std": 0.361057,
        "nauc_precision_at_1000_diff1": 0.074068,
        "nauc_mrr_at_1_max": 0.593649,
        "nauc_mrr_at_1_std": -0.324485,
        "nauc_mrr_at_1_diff1": 0.869691,
        "nauc_mrr_at_3_max": 0.552477,
        "nauc_mrr_at_3_std": -0.350135,
        "nauc_mrr_at_3_diff1": 0.84618,
        "nauc_mrr_at_5_max": 0.542219,
        "nauc_mrr_at_5_std": -0.387157,
        "nauc_mrr_at_5_diff1": 0.851942,
        "nauc_mrr_at_10_max": 0.539741,
        "nauc_mrr_at_10_std": -0.382396,
        "nauc_mrr_at_10_diff1": 0.852947,
        "nauc_mrr_at_20_max": 0.537601,
        "nauc_mrr_at_20_std": -0.383378,
        "nauc_mrr_at_20_diff1": 0.852871,
        "nauc_mrr_at_100_max": 0.536668,
        "nauc_mrr_at_100_std": -0.382709,
        "nauc_mrr_at_100_diff1": 0.852726,
        "nauc_mrr_at_1000_max": 0.536728,
        "nauc_mrr_at_1000_std": -0.382683,
        "nauc_mrr_at_1000_diff1": 0.852756,
        "hit_rate_at_1": 0.86667,
        "hit_rate_at_3": 0.92222,
        "hit_rate_at_5": 0.93889,
        "hit_rate_at_10": 0.96667,
        "hit_rate_at_20": 0.97222,
        "hit_rate_at_100": 0.98333,
        "hit_rate_at_1000": 0.99444,
        "main_score": 0.90733,
        "hf_subset": "default",
        "languages": [
          "eng-Latn"
        ]
      }
    ],
    "dev": [
      {
        "ndcg_at_1": 0.75,
        "ndcg_at_3": 0.82887,
        "ndcg_at_5": 0.82887,
        "ndcg_at_10": 0.82887,
        "ndcg_at_20": 0.82887,
        "ndcg_at_100": 0.85515,
        "ndcg_at_1000": 0.85515,
        "map_at_1": 0.75,
        "map_at_3": 0.8125,
        "map_at_5": 0.8125,
        "map_at_10": 0.8125,
        "map_at_20": 0.8125,
        "map_at_100": 0.81731,
        "map_at_1000": 0.81731,
        "recall_at_1": 0.75,
        "recall_at_3": 0.875,
        "recall_at_5": 0.875,
        "recall_at_10": 0.875,
        "recall_at_20": 0.875,
        "recall_at_100": 1.0,
        "recall_at_1000": 1.0,
        "accuracy": 0.75,
        "precision_at_1": 0.75,
        "precision_at_3": 0.29167,
        "precision_at_5": 0.175,
        "precision_at_10": 0.0875,
        "precision_at_20": 0.04375,
        "precision_at_100": 0.01,
        "precision_at_1000": 0.001,
        "mrr_at_1": 0.75,
        "mrr_at_3": 0.8125,
        "mrr_at_5": 0.8125,
        "mrr_at_10": 0.8125,
        "mrr_at_20": 0.8125,
        "mrr_at_100": 0.817308,
        "mrr_at_1000": 0.817308,
        "nauc_ndcg_at_1_max": 0.831832,
        "nauc_ndcg_at_1_std": -0.13994,
        "nauc_ndcg_at_1_diff1": 1.0,
        "nauc_ndcg_at_3_max": 0.912246,
        "nauc_ndcg_at_3_std": 0.340861,
        "nauc_ndcg_at_3_diff1": 0.935707,
        "nauc_ndcg_at_5_max": 0.912246,
        "nauc_ndcg_at_5_std": 0.340861,
        "nauc_ndcg_at_5_diff1": 0.935707,
        "nauc_ndcg_at_10_max": 0.912246,
        "nauc_ndcg_at_10_std": 0.340861,
        "nauc_ndcg_at_10_diff1": 0.935707,
        "nauc_ndcg_at_20_max": 0.912246,
        "nauc_ndcg_at_20_std": 0.340861,
        "nauc_ndcg_at_20_diff1": 0.935707,
        "nauc_ndcg_at_100_max": 0.895606,