{
  "dataset_revision": "5d958fb6b31055495347724d46431ba41309b03a",
  "task_name": "ChemNQRetrieval",
  "mteb_version": "2.12.16",
  "scores": {
    "test": [
      {
        "ndcg_at_1": 0.37037,
        "ndcg_at_3": 0.47371,
        "ndcg_at_5": 0.53035,
        "ndcg_at_10": 0.55505,
        "ndcg_at_20": 0.58514,
        "ndcg_at_100": 0.60408,
        "ndcg_at_1000": 0.6106,
        "map_at_1": 0.27778,
        "map_at_3": 0.42593,
        "map_at_5": 0.46111,
        "map_at_10": 0.47124,
        "map_at_20": 0.48098,
        "map_at_100": 0.4846,
        "map_at_1000": 0.48501,
        "recall_at_1": 0.27778,
        "recall_at_3": 0.54938,
        "recall_at_5": 0.67901,
        "recall_at_10": 0.75309,
        "recall_at_20": 0.8642,
        "recall_at_100": 0.95062,
        "recall_at_1000": 1.0,
        "accuracy": 0.27778,
        "precision_at_1": 0.37037,
        "precision_at_3": 0.23457,
        "precision_at_5": 0.17037,
        "precision_at_10": 0.0963,
        "precision_at_20": 0.05556,
        "precision_at_100": 0.01222,
        "precision_at_1000": 0.0013,
        "mrr_at_1": 0.37037,
        "mrr_at_3": 0.493827,
        "mrr_at_5": 0.521605,
        "mrr_at_10": 0.529938,
        "mrr_at_20": 0.53567,
        "mrr_at_100": 0.538403,
        "mrr_at_1000": 0.538458,
        "nauc_ndcg_at_1_max": 0.323469,
        "nauc_ndcg_at_1_std": -0.007084,
        "nauc_ndcg_at_1_diff1": 0.348285,
        "nauc_ndcg_at_3_max": 0.372611,
        "nauc_ndcg_at_3_std": 0.0234,
        "nauc_ndcg_at_3_diff1": 0.306493,
        "nauc_ndcg_at_5_max": 0.327948,
        "nauc_ndcg_at_5_std": 0.014407,
        "nauc_ndcg_at_5_diff1": 0.31194,
        "nauc_ndcg_at_10_max": 0.409632,
        "nauc_ndcg_at_10_std": 0.082212,
        "nauc_ndcg_at_10_diff1": 0.359976,
        "nauc_ndcg_at_20_max": 0.387788,
        "nauc_ndcg_at_20_std": 0.045289,
        "nauc_ndcg_at_20_diff1": 0.328664,
        "nauc_ndcg_at_100_max": 0.370316,
        "nauc_ndcg_at_100_std": 0.022487,
        "nauc_ndcg_at_100_diff1": 0.362787,
        "nauc_ndcg_at_1000_max": 0.373326,
        "nauc_ndcg_at_1000_std": 0.034536,
        "nauc_ndcg_at_1000_diff1": 0.348355,
        "nauc_map_at_1_max": 0.198991,
        "nauc_map_at_1_std": -0.014352,
        "nauc_map_at_1_diff1": 0.364359,
        "nauc_map_at_3_max": 0.331624,
        "nauc_map_at_3_std": -0.019417,
        "nauc_map_at_3_diff1": 0.356477,
        "nauc_map_at_5_max": 0.307685,
        "nauc_map_at_5_std": -0.021911,
        "nauc_map_at_5_diff1": 0.352363,
        "nauc_map_at_10_max": 0.343457,
        "nauc_map_at_10_std": 0.007882,
        "nauc_map_at_10_diff1": 0.376115,
        "nauc_map_at_20_max": 0.338603,
        "nauc_map_at_20_std": -0.000827,
        "nauc_map_at_20_diff1": 0.367908,
        "nauc_map_at_100_max": 0.335314,
        "nauc_map_at_100_std": -0.004406,
        "nauc_map_at_100_diff1": 0.372954,
        "nauc_map_at_1000_max": 0.335217,
        "nauc_map_at_1000_std": -0.004091,
        "nauc_map_at_1000_diff1": 0.372007,
        "nauc_recall_at_1_max": 0.198991,
        "nauc_recall_at_1_std": -0.014352,
        "nauc_recall_at_1_diff1": 0.364359,
        "nauc_recall_at_3_max": 0.373238,
        "nauc_recall_at_3_std": 0.050161,
        "nauc_recall_at_3_diff1": 0.226876,
        "nauc_recall_at_5_max": 0.266633,
        "nauc_recall_at_5_std": 0.03028,
        "nauc_recall_at_5_diff1": 0.237784,
        "nauc_recall_at_10_max": 0.49475,
        "nauc_recall_at_10_std": 0.235639,
        "nauc_recall_at_10_diff1": 0.346268,
        "nauc_recall_at_20_max": 0.455762,
        "nauc_recall_at_20_std": 0.062587,
        "nauc_recall_at_20_diff1": 0.179336,
        "nauc_recall_at_100_max": 0.174292,
        "nauc_recall_at_100_std": -0.473358,
        "nauc_recall_at_100_diff1": 0.792447,
        "nauc_recall_at_1000_max": NaN,
        "nauc_recall_at_1000_std": NaN,
        "nauc_recall_at_1000_diff1": NaN,
        "nauc_precision_at_1_max": 0.323469,
        "nauc_precision_at_1_std": -0.007084,
        "nauc_precision_at_1_diff1": 0.348285,
        "nauc_precision_at_3_max": 0.429889,
        "nauc_precision_at_3_std": -0.013724,
        "nauc_precision_at_3_diff1": 0.197444,
        "nauc_precision_at_5_max": 0.335339,
        "nauc_precision_at_5_std": -0.008815,
        "nauc_precision_at_5_diff1": 0.128237,
        "nauc_precision_at_10_max": 0.589159,
        "nauc_precision_at_10_std": 0.25263,
        "nauc_precision_at_10_diff1": 0.269766,
        "nauc_precision_at_20_max": 0.531734,
        "nauc_precision_at_20_std": 0.195491,
        "nauc_precision_at_20_diff1": 0.145095,
        "nauc_precision_at_100_max": 0.441905,
        "nauc_precision_at_100_std": 0.148523,
        "nauc_precision_at_100_diff1": 0.14052,
        "nauc_precision_at_1000_max": 0.366115,
        "nauc_precision_at_1000_std": 0.209289,
        "nauc_precision_at_1000_diff1": -0.033295,
        "nauc_mrr_at_1_max": 0.323469,
        "nauc_mrr_at_1_std": -0.007084,
        "nauc_mrr_at_1_diff1": 0.348285,
        "nauc_mrr_at_3_max": 0.416118,
        "nauc_mrr_at_3_std": 0.080944,
        "nauc_mrr_at_3_diff1": 0.254516,
        "nauc_mrr_at_5_max": 0.388785,
        "nauc_mrr_at_5_std": 0.070145,
        "nauc_mrr_at_5_diff1": 0.273927,
        "nauc_mrr_at_10_max": 0.413773,
        "nauc_mrr_at_10_std": 0.090915,
        "nauc_mrr_at_10_diff1": 0.286992,
        "nauc_mrr_at_20_max": 0.401667,
        "nauc_mrr_at_20_std": 0.076331,
        "nauc_mrr_at_20_diff1": 0.278034,
        "nauc_mrr_at_100_max": 0.399368,
        "nauc_mrr_at_100_std": 0.073035,
        "nauc_mrr_at_100_diff1": 0.284282,
        "nauc_mrr_at_1000_max": 0.399421,
        "nauc_mrr_at_1000_std": 0.073153,
        "nauc_mrr_at_1000_diff1": 0.284201,
        "hit_rate_at_1": 0.37037,
        "hit_rate_at_3": 0.62963,
        "hit_rate_at_5": 0.74074,
        "hit_rate_at_10": 0.81481,
        "hit_rate_at_20": 0.88889,
        "hit_rate_at_100": 0.96296,
        "hit_rate_at_1000": 1.0,
        "main_score": 0.55505,
        "hf_subset": "default",
        "languages": [
          "eng-Latn"
        ]
      }
    ]
  },
  "evaluation_time": 61.63867545127869,
  "kg_co2_emissions": null,
  "date": 1778646853.954621
}