{
  "dataset_revision": "5377aa18f309ec440ff6325a4c2cd3362c2cb8d7",
  "task_name": "ChemRxivRetrieval",
  "mteb_version": "2.12.16",
  "scores": {
    "test": [
      {
        "ndcg_at_1": 0.7816,
        "ndcg_at_3": 0.86121,
        "ndcg_at_5": 0.87288,
        "ndcg_at_10": 0.88048,
        "ndcg_at_20": 0.88428,
        "ndcg_at_100": 0.88675,
        "ndcg_at_1000": 0.88744,
        "map_at_1": 0.7816,
        "map_at_3": 0.8425,
        "map_at_5": 0.84901,
        "map_at_10": 0.8522,
        "map_at_20": 0.85327,
        "map_at_100": 0.85364,
        "map_at_1000": 0.85367,
        "recall_at_1": 0.7816,
        "recall_at_3": 0.915,
        "recall_at_5": 0.9432,
        "recall_at_10": 0.9664,
        "recall_at_20": 0.9812,
        "recall_at_100": 0.9942,
        "recall_at_1000": 0.9996,
        "accuracy": 0.7816,
        "precision_at_1": 0.7816,
        "precision_at_3": 0.305,
        "precision_at_5": 0.18864,
        "precision_at_10": 0.09664,
        "precision_at_20": 0.04906,
        "precision_at_100": 0.00994,
        "precision_at_1000": 0.001,
        "mrr_at_1": 0.7818,
        "mrr_at_3": 0.8426,
        "mrr_at_5": 0.84915,
        "mrr_at_10": 0.85233,
        "mrr_at_20": 0.853383,
        "mrr_at_100": 0.85375,
        "mrr_at_1000": 0.853776,
        "nauc_ndcg_at_1_max": 0.479117,
        "nauc_ndcg_at_1_std": -0.226636,
        "nauc_ndcg_at_1_diff1": 0.814149,
        "nauc_ndcg_at_3_max": 0.538267,
        "nauc_ndcg_at_3_std": -0.225496,
        "nauc_ndcg_at_3_diff1": 0.791165,
        "nauc_ndcg_at_5_max": 0.538071,
        "nauc_ndcg_at_5_std": -0.223331,
        "nauc_ndcg_at_5_diff1": 0.794223,
        "nauc_ndcg_at_10_max": 0.53707,
        "nauc_ndcg_at_10_std": -0.216502,
        "nauc_ndcg_at_10_diff1": 0.79697,
        "nauc_ndcg_at_20_max": 0.529183,
        "nauc_ndcg_at_20_std": -0.216956,
        "nauc_ndcg_at_20_diff1": 0.797232,
        "nauc_ndcg_at_100_max": 0.525073,
        "nauc_ndcg_at_100_std": -0.218419,
        "nauc_ndcg_at_100_diff1": 0.798218,
        "nauc_ndcg_at_1000_max": 0.523144,
        "nauc_ndcg_at_1000_std": -0.219705,
        "nauc_ndcg_at_1000_diff1": 0.798707,
        "nauc_map_at_1_max": 0.479117,
        "nauc_map_at_1_std": -0.226636,
        "nauc_map_at_1_diff1": 0.814149,
        "nauc_map_at_3_max": 0.520123,
        "nauc_map_at_3_std": -0.226427,
        "nauc_map_at_3_diff1": 0.797909,
        "nauc_map_at_5_max": 0.519145,
        "nauc_map_at_5_std": -0.225108,
        "nauc_map_at_5_diff1": 0.799555,
        "nauc_map_at_10_max": 0.518471,
        "nauc_map_at_10_std": -0.222378,
        "nauc_map_at_10_diff1": 0.800555,
        "nauc_map_at_20_max": 0.516553,
        "nauc_map_at_20_std": -0.222561,
        "nauc_map_at_20_diff1": 0.800634,
        "nauc_map_at_100_max": 0.516061,
        "nauc_map_at_100_std": -0.222663,
        "nauc_map_at_100_diff1": 0.800736,
        "nauc_map_at_1000_max": 0.516002,
        "nauc_map_at_1000_std": -0.222702,
        "nauc_map_at_1000_diff1": 0.800753,
        "nauc_recall_at_1_max": 0.479117,
        "nauc_recall_at_1_std": -0.226636,
        "nauc_recall_at_1_diff1": 0.814149,
        "nauc_recall_at_3_max": 0.628588,
        "nauc_recall_at_3_std": -0.220417,
        "nauc_recall_at_3_diff1": 0.757823,
        "nauc_recall_at_5_max": 0.672953,
        "nauc_recall_at_5_std": -0.210316,
        "nauc_recall_at_5_diff1": 0.758055,
        "nauc_recall_at_10_max": 0.753501,
        "nauc_recall_at_10_std": -0.141162,
        "nauc_recall_at_10_diff1": 0.762458,
        "nauc_recall_at_20_max": 0.746802,
        "nauc_recall_at_20_std": -0.089929,
        "nauc_recall_at_20_diff1": 0.741582,
        "nauc_recall_at_100_max": 0.833317,
        "nauc_recall_at_100_std": 0.023133,
        "nauc_recall_at_100_diff1": 0.717071,
        "nauc_recall_at_1000_max": 1.0,
        "nauc_recall_at_1000_std": 0.561391,
        "nauc_recall_at_1000_diff1": 0.613679,
        "nauc_precision_at_1_max": 0.479117,
        "nauc_precision_at_1_std": -0.226636,
        "nauc_precision_at_1_diff1": 0.814149,
        "nauc_precision_at_3_max": 0.628588,
        "nauc_precision_at_3_std": -0.220417,
        "nauc_precision_at_3_diff1": 0.757823,
        "nauc_precision_at_5_max": 0.672953,
        "nauc_precision_at_5_std": -0.210316,
        "nauc_precision_at_5_diff1": 0.758055,
        "nauc_precision_at_10_max": 0.753501,
        "nauc_precision_at_10_std": -0.141162,
        "nauc_precision_at_10_diff1": 0.762458,
        "nauc_precision_at_20_max": 0.746802,
        "nauc_precision_at_20_std": -0.089929,
        "nauc_precision_at_20_diff1": 0.741582,
        "nauc_precision_at_100_max": 0.833317,
        "nauc_precision_at_100_std": 0.023133,
        "nauc_precision_at_100_diff1": 0.717071,
        "nauc_precision_at_1000_max": 1.0,
        "nauc_precision_at_1000_std": 0.561391,
        "nauc_precision_at_1000_diff1": 0.613679,
        "nauc_mrr_at_1_max": 0.480615,
        "nauc_mrr_at_1_std": -0.225061,
        "nauc_mrr_at_1_diff1": 0.813737,
        "nauc_mrr_at_3_max": 0.521156,
        "nauc_mrr_at_3_std": -0.225361,
        "nauc_mrr_at_3_diff1": 0.797623,
        "nauc_mrr_at_5_max": 0.520168,
        "nauc_mrr_at_5_std": -0.223563,
        "nauc_mrr_at_5_diff1": 0.799199,
        "nauc_mrr_at_10_max": 0.519496,
        "nauc_mrr_at_10_std": -0.22132,
        "nauc_mrr_at_10_diff1": 0.80023,
        "nauc_mrr_at_20_max": 0.517648,
        "nauc_mrr_at_20_std": -0.22135,
        "nauc_mrr_at_20_diff1": 0.800316,
        "nauc_mrr_at_100_max": 0.51716,
        "nauc_mrr_at_100_std": -0.221448,
        "nauc_mrr_at_100_diff1": 0.800417,
        "nauc_mrr_at_1000_max": 0.5171,
        "nauc_mrr_at_1000_std": -0.221487,
        "nauc_mrr_at_1000_diff1": 0.800434,
        "hit_rate_at_1": 0.7816,
        "hit_rate_at_3": 0.915,
        "hit_rate_at_5": 0.9432,
        "hit_rate_at_10": 0.9664,
        "hit_rate_at_20": 0.9812,
        "hit_rate_at_100": 0.9942,
        "hit_rate_at_1000": 0.9996,
        "main_score": 0.88048,
        "hf_subset": "default",
        "languages": [
          "eng-Latn"
        ]
      }
    ]
  },
  "evaluation_time": 435.3681058883667,
  "kg_co2_emissions": null,
  "date": 1778649821.103224
}