{
  "dataset_revision": "5377aa18f309ec440ff6325a4c2cd3362c2cb8d7",
  "task_name": "ChemRxivRetrieval",
  "mteb_version": "2.12.15",
  "scores": {
    "test": [
      {
        "ndcg_at_1": 0.791,
        "ndcg_at_3": 0.86811,
        "ndcg_at_5": 0.8791,
        "ndcg_at_10": 0.88614,
        "ndcg_at_20": 0.88959,
        "ndcg_at_100": 0.89211,
        "ndcg_at_1000": 0.89268,
        "map_at_1": 0.791,
        "map_at_3": 0.84993,
        "map_at_5": 0.85605,
        "map_at_10": 0.85899,
        "map_at_20": 0.85996,
        "map_at_100": 0.86033,
        "map_at_1000": 0.86035,
        "recall_at_1": 0.791,
        "recall_at_3": 0.9204,
        "recall_at_5": 0.947,
        "recall_at_10": 0.9686,
        "recall_at_20": 0.982,
        "recall_at_100": 0.9954,
        "recall_at_1000": 0.9998,
        "accuracy": 0.791,
        "precision_at_1": 0.791,
        "precision_at_3": 0.3068,
        "precision_at_5": 0.1894,
        "precision_at_10": 0.09686,
        "precision_at_20": 0.0491,
        "precision_at_100": 0.00995,
        "precision_at_1000": 0.001,
        "mrr_at_1": 0.791,
        "mrr_at_3": 0.8498,
        "mrr_at_5": 0.85602,
        "mrr_at_10": 0.858975,
        "mrr_at_20": 0.859933,
        "mrr_at_100": 0.860298,
        "mrr_at_1000": 0.86032,
        "nauc_ndcg_at_1_max": 0.465238,
        "nauc_ndcg_at_1_std": -0.249138,
        "nauc_ndcg_at_1_diff1": 0.807974,
        "nauc_ndcg_at_3_max": 0.520066,
        "nauc_ndcg_at_3_std": -0.25665,
        "nauc_ndcg_at_3_diff1": 0.785924,
        "nauc_ndcg_at_5_max": 0.52057,
        "nauc_ndcg_at_5_std": -0.257,
        "nauc_ndcg_at_5_diff1": 0.79034,
        "nauc_ndcg_at_10_max": 0.523031,
        "nauc_ndcg_at_10_std": -0.245353,
        "nauc_ndcg_at_10_diff1": 0.793986,
        "nauc_ndcg_at_20_max": 0.515697,
        "nauc_ndcg_at_20_std": -0.244123,
        "nauc_ndcg_at_20_diff1": 0.79359,
        "nauc_ndcg_at_100_max": 0.509446,
        "nauc_ndcg_at_100_std": -0.247484,
        "nauc_ndcg_at_100_diff1": 0.793877,
        "nauc_ndcg_at_1000_max": 0.507722,
        "nauc_ndcg_at_1000_std": -0.249069,
        "nauc_ndcg_at_1000_diff1": 0.794157,
        "nauc_map_at_1_max": 0.465238,
        "nauc_map_at_1_std": -0.249138,
        "nauc_map_at_1_diff1": 0.807974,
        "nauc_map_at_3_max": 0.502895,
        "nauc_map_at_3_std": -0.255419,
        "nauc_map_at_3_diff1": 0.792149,
        "nauc_map_at_5_max": 0.502418,
        "nauc_map_at_5_std": -0.255333,
        "nauc_map_at_5_diff1": 0.79445,
        "nauc_map_at_10_max": 0.503095,
        "nauc_map_at_10_std": -0.251063,
        "nauc_map_at_10_diff1": 0.795731,
        "nauc_map_at_20_max": 0.501255,
        "nauc_map_at_20_std": -0.250995,
        "nauc_map_at_20_diff1": 0.795669,
        "nauc_map_at_100_max": 0.500528,
        "nauc_map_at_100_std": -0.251362,
        "nauc_map_at_100_diff1": 0.7957,
        "nauc_map_at_1000_max": 0.500475,
        "nauc_map_at_1000_std": -0.251412,
        "nauc_map_at_1000_diff1": 0.795709,
        "nauc_recall_at_1_max": 0.465238,
        "nauc_recall_at_1_std": -0.249138,
        "nauc_recall_at_1_diff1": 0.807974,
        "nauc_recall_at_3_max": 0.607823,
        "nauc_recall_at_3_std": -0.262077,
        "nauc_recall_at_3_diff1": 0.754637,
        "nauc_recall_at_5_max": 0.653877,
        "nauc_recall_at_5_std": -0.268708,
        "nauc_recall_at_5_diff1": 0.762733,
        "nauc_recall_at_10_max": 0.766216,
        "nauc_recall_at_10_std": -0.160232,
        "nauc_recall_at_10_diff1": 0.783095,
        "nauc_recall_at_20_max": 0.784558,
        "nauc_recall_at_20_std": -0.059845,
        "nauc_recall_at_20_diff1": 0.765287,
        "nauc_recall_at_100_max": 0.827285,
        "nauc_recall_at_100_std": 0.077782,
        "nauc_recall_at_100_diff1": 0.717899,
        "nauc_recall_at_1000_max": 1.0,
        "nauc_recall_at_1000_std": 1.0,
        "nauc_recall_at_1000_diff1": 0.122782,
        "nauc_precision_at_1_max": 0.465238,
        "nauc_precision_at_1_std": -0.249138,
        "nauc_precision_at_1_diff1": 0.807974,
        "nauc_precision_at_3_max": 0.607823,
        "nauc_precision_at_3_std": -0.262077,
        "nauc_precision_at_3_diff1": 0.754637,
        "nauc_precision_at_5_max": 0.653877,
        "nauc_precision_at_5_std": -0.268708,
        "nauc_precision_at_5_diff1": 0.762733,
        "nauc_precision_at_10_max": 0.766216,
        "nauc_precision_at_10_std": -0.160232,
        "nauc_precision_at_10_diff1": 0.783095,
        "nauc_precision_at_20_max": 0.784558,
        "nauc_precision_at_20_std": -0.059845,
        "nauc_precision_at_20_diff1": 0.765287,
        "nauc_precision_at_100_max": 0.827285,
        "nauc_precision_at_100_std": 0.077782,
        "nauc_precision_at_100_diff1": 0.717899,
        "nauc_precision_at_1000_max": 1.0,
        "nauc_precision_at_1000_std": 1.0,
        "nauc_precision_at_1000_diff1": 0.122782,
        "nauc_mrr_at_1_max": 0.465238,
        "nauc_mrr_at_1_std": -0.249138,
        "nauc_mrr_at_1_diff1": 0.807974,
        "nauc_mrr_at_3_max": 0.503101,
        "nauc_mrr_at_3_std": -0.255064,
        "nauc_mrr_at_3_diff1": 0.792344,
        "nauc_mrr_at_5_max": 0.502472,
        "nauc_mrr_at_5_std": -0.25524,
        "nauc_mrr_at_5_diff1": 0.794501,
        "nauc_mrr_at_10_max": 0.503075,
        "nauc_mrr_at_10_std": -0.251138,
        "nauc_mrr_at_10_diff1": 0.795752,
        "nauc_mrr_at_20_max": 0.501304,
        "nauc_mrr_at_20_std": -0.250916,
        "nauc_mrr_at_20_diff1": 0.795717,
        "nauc_mrr_at_100_max": 0.500577,
        "nauc_mrr_at_100_std": -0.251282,
        "nauc_mrr_at_100_diff1": 0.795749,
        "nauc_mrr_at_1000_max": 0.500524,
        "nauc_mrr_at_1000_std": -0.251333,
        "nauc_mrr_at_1000_diff1": 0.795758,
        "hit_rate_at_1": 0.791,
        "hit_rate_at_3": 0.9204,
        "hit_rate_at_5": 0.947,
        "hit_rate_at_10": 0.9686,
        "hit_rate_at_20": 0.982,
        "hit_rate_at_100": 0.9954,
        "hit_rate_at_1000": 0.9998,
        "main_score": 0.88614,
        "hf_subset": "default",
        "languages": [
          "eng-Latn"
        ]
      }
    ]
  },
  "evaluation_time": 601.8566255569458,
  "kg_co2_emissions": null,
  "date": 1775518854.566728
}