{
  "dataset_revision": "1840e8a5ac6ec752bbdd97d543ead0189bc7c25b",
  "task_name": "ChemHotpotQARetrieval",
  "mteb_version": "2.12.15",
  "scores": {
    "train": [
      {
        "ndcg_at_1": 0.83889,
        "ndcg_at_3": 0.88201,
        "ndcg_at_5": 0.89041,
        "ndcg_at_10": 0.89575,
        "ndcg_at_20": 0.90024,
        "ndcg_at_100": 0.90284,
        "ndcg_at_1000": 0.90407,
        "map_at_1": 0.81944,
        "map_at_3": 0.86667,
        "map_at_5": 0.87194,
        "map_at_10": 0.87412,
        "map_at_20": 0.8756,
        "map_at_100": 0.87595,
        "map_at_1000": 0.87597,
        "recall_at_1": 0.81944,
        "recall_at_3": 0.91667,
        "recall_at_5": 0.93611,
        "recall_at_10": 0.95278,
        "recall_at_20": 0.96944,
        "recall_at_100": 0.98333,
        "recall_at_1000": 0.99444,
        "accuracy": 0.81944,
        "precision_at_1": 0.83889,
        "precision_at_3": 0.31481,
        "precision_at_5": 0.19333,
        "precision_at_10": 0.09833,
        "precision_at_20": 0.05028,
        "precision_at_100": 0.01022,
        "precision_at_1000": 0.00103,
        "mrr_at_1": 0.838889,
        "mrr_at_3": 0.877778,
        "mrr_at_5": 0.881667,
        "mrr_at_10": 0.883843,
        "mrr_at_20": 0.884617,
        "mrr_at_100": 0.884883,
        "mrr_at_1000": 0.884906,
        "nauc_ndcg_at_1_max": 0.578001,
        "nauc_ndcg_at_1_std": -0.325502,
        "nauc_ndcg_at_1_diff1": 0.892019,
        "nauc_ndcg_at_3_max": 0.436591,
        "nauc_ndcg_at_3_std": -0.400449,
        "nauc_ndcg_at_3_diff1": 0.74267,
        "nauc_ndcg_at_5_max": 0.407372,
        "nauc_ndcg_at_5_std": -0.48264,
        "nauc_ndcg_at_5_diff1": 0.741103,
        "nauc_ndcg_at_10_max": 0.408275,
        "nauc_ndcg_at_10_std": -0.47577,
        "nauc_ndcg_at_10_diff1": 0.743261,
        "nauc_ndcg_at_20_max": 0.417788,
        "nauc_ndcg_at_20_std": -0.438327,
        "nauc_ndcg_at_20_diff1": 0.761787,
        "nauc_ndcg_at_100_max": 0.420787,
        "nauc_ndcg_at_100_std": -0.421575,
        "nauc_ndcg_at_100_diff1": 0.772148,
        "nauc_ndcg_at_1000_max": 0.423084,
        "nauc_ndcg_at_1000_std": -0.422417,
        "nauc_ndcg_at_1000_diff1": 0.771901,
        "nauc_map_at_1_max": 0.443841,
        "nauc_map_at_1_std": -0.399314,
        "nauc_map_at_1_diff1": 0.804073,
        "nauc_map_at_3_max": 0.442301,
        "nauc_map_at_3_std": -0.401715,
        "nauc_map_at_3_diff1": 0.740926,
        "nauc_map_at_5_max": 0.425845,
        "nauc_map_at_5_std": -0.4475,
        "nauc_map_at_5_diff1": 0.740021,
        "nauc_map_at_10_max": 0.426778,
        "nauc_map_at_10_std": -0.444953,
        "nauc_map_at_10_diff1": 0.740808,
        "nauc_map_at_20_max": 0.432005,
        "nauc_map_at_20_std": -0.434262,
        "nauc_map_at_20_diff1": 0.748275,
        "nauc_map_at_100_max": 0.432541,
        "nauc_map_at_100_std": -0.43258,
        "nauc_map_at_100_diff1": 0.749416,
        "nauc_map_at_1000_max": 0.432569,
        "nauc_map_at_1000_std": -0.432538,
        "nauc_map_at_1000_diff1": 0.749413,
        "nauc_recall_at_1_max": 0.443841,
        "nauc_recall_at_1_std": -0.399314,
        "nauc_recall_at_1_diff1": 0.804073,
        "nauc_recall_at_3_max": 0.290367,
        "nauc_recall_at_3_std": -0.451712,
        "nauc_recall_at_3_diff1": 0.591534,
        "nauc_recall_at_5_max": 0.137316,
        "nauc_recall_at_5_std": -0.781736,
        "nauc_recall_at_5_diff1": 0.54222,
        "nauc_recall_at_10_max": 0.044241,
        "nauc_recall_at_10_std": -0.835695,
        "nauc_recall_at_10_diff1": 0.485555,
        "nauc_recall_at_20_max": -0.073975,
        "nauc_recall_at_20_std": -0.609838,
        "nauc_recall_at_20_diff1": 0.53616,
        "nauc_recall_at_100_max": -0.419701,
        "nauc_recall_at_100_std": -0.256303,
        "nauc_recall_at_100_diff1": 0.64986,
        "nauc_recall_at_1000_max": -1.739963,
        "nauc_recall_at_1000_std": -0.171335,
        "nauc_recall_at_1000_diff1": 0.358077,
        "nauc_precision_at_1_max": 0.578001,
        "nauc_precision_at_1_std": -0.325502,
        "nauc_precision_at_1_diff1": 0.892019,
        "nauc_precision_at_3_max": 0.432034,
        "nauc_precision_at_3_std": -0.114869,
        "nauc_precision_at_3_diff1": 0.418685,
        "nauc_precision_at_5_max": 0.270948,
        "nauc_precision_at_5_std": -0.283445,
        "nauc_precision_at_5_diff1": 0.272985,
        "nauc_precision_at_10_max": 0.242994,
        "nauc_precision_at_10_std": -0.209217,
        "nauc_precision_at_10_diff1": 0.180623,
        "nauc_precision_at_20_max": 0.221366,
        "nauc_precision_at_20_std": 0.147315,
        "nauc_precision_at_20_diff1": 0.131743,
        "nauc_precision_at_100_max": 0.226326,
        "nauc_precision_at_100_std": 0.377457,
        "nauc_precision_at_100_diff1": 0.125481,
        "nauc_precision_at_1000_max": 0.224186,
        "nauc_precision_at_1000_std": 0.480075,
        "nauc_precision_at_1000_diff1": 0.023768,
        "nauc_mrr_at_1_max": 0.578001,
        "nauc_mrr_at_1_std": -0.325502,
        "nauc_mrr_at_1_diff1": 0.892019,
        "nauc_mrr_at_3_max": 0.53391,
        "nauc_mrr_at_3_std": -0.349153,
        "nauc_mrr_at_3_diff1": 0.857955,
        "nauc_mrr_at_5_max": 0.52684,
        "nauc_mrr_at_5_std": -0.38013,
        "nauc_mrr_at_5_diff1": 0.861918,
        "nauc_mrr_at_10_max": 0.529805,
        "nauc_mrr_at_10_std": -0.376083,
        "nauc_mrr_at_10_diff1": 0.865132,
        "nauc_mrr_at_20_max": 0.5279,
        "nauc_mrr_at_20_std": -0.371107,
        "nauc_mrr_at_20_diff1": 0.864695,
        "nauc_mrr_at_100_max": 0.527191,
        "nauc_mrr_at_100_std": -0.37013,
        "nauc_mrr_at_100_diff1": 0.864486,
        "nauc_mrr_at_1000_max": 0.52724,
        "nauc_mrr_at_1000_std": -0.370072,
        "nauc_mrr_at_1000_diff1": 0.864506,
        "hit_rate_at_1": 0.83889,
        "hit_rate_at_3": 0.92778,
        "hit_rate_at_5": 0.94444,
        "hit_rate_at_10": 0.96111,
        "hit_rate_at_20": 0.97222,
        "hit_rate_at_100": 0.98333,
        "hit_rate_at_1000": 0.99444,
        "main_score": 0.89575,
        "hf_subset": "default",
        "languages": [
          "eng-Latn"
        ]
      }
    ],
    "dev": [
      {
        "ndcg_at_1": 0.75,
        "ndcg_at_3": 0.82887,
        "ndcg_at_5": 0.82887,
        "ndcg_at_10": 0.82887,
        "ndcg_at_20": 0.82887,
        "ndcg_at_100": 0.85205,
        "ndcg_at_1000": 0.85205,
        "map_at_1": 0.75,
        "map_at_3": 0.8125,
        "map_at_5": 0.8125,
        "map_at_10": 0.8125,
        "map_at_20": 0.8125,
        "map_at_100": 0.81555,
        "map_at_1000": 0.81555,
        "recall_at_1": 0.75,
        "recall_at_3": 0.875,
        "recall_at_5": 0.875,
        "recall_at_10": 0.875,
        "recall_at_20": 0.875,
        "recall_at_100": 1.0,
        "recall_at_1000": 1.0,
        "accuracy": 0.75,
        "precision_at_1": 0.75,
        "precision_at_3": 0.29167,
        "precision_at_5": 0.175,
        "precision_at_10": 0.0875,
        "precision_at_20": 0.04375,
        "precision_at_100": 0.01,
        "precision_at_1000": 0.001,
        "mrr_at_1": 0.75,
        "mrr_at_3": 0.8125,
        "mrr_at_5": 0.8125,
        "mrr_at_10": 0.8125,
        "mrr_at_20": 0.8125,
        "mrr_at_100": 0.815549,
        "mrr_at_1000": 0.815549,
        "nauc_ndcg_at_1_max": 0.831832,
        "nauc_ndcg_at_1_std": -0.13994,
        "nauc_ndcg_at_1_diff1": 1.0,
        "nauc_ndcg_at_3_max": 0.912246,
        "nauc_ndcg_at_3_std": 0.340861,
        "nauc_ndcg_at_3_diff1": 0.935707,
        "nauc_ndcg_at_5_max": 0.912246,
        "nauc_ndcg_at_5_std": 0.340861,
        "nauc_ndcg_at_5_diff1": 0.935707,
        "nauc_ndcg_at_10_max": 0.912246,
        "nauc_ndcg_at_10_std": 0.340861,
        "nauc_ndcg_at_10_diff1": 0.935707,
        "nauc_ndcg_at_20_max": 0.912246,
        "nauc_ndcg_at_20_std": 0.340861,
        "nauc_ndcg_at_20_diff1": 0.935707,
        "nauc_ndcg_at_100_max": 0.897895,