{
  "dataset_revision": "5d958fb6b31055495347724d46431ba41309b03a",
  "task_name": "ChemNQRetrieval",
  "mteb_version": "2.12.20",
  "scores": {
    "test": [
      {
        "ndcg_at_1": 0.44444,
        "ndcg_at_3": 0.51231,
        "ndcg_at_5": 0.55138,
        "ndcg_at_10": 0.57581,
        "ndcg_at_20": 0.60592,
        "ndcg_at_100": 0.62472,
        "ndcg_at_1000": 0.63119,
        "map_at_1": 0.32716,
        "map_at_3": 0.46296,
        "map_at_5": 0.48704,
        "map_at_10": 0.49676,
        "map_at_20": 0.5065,
        "map_at_100": 0.51002,
        "map_at_1000": 0.5104,
        "recall_at_1": 0.32716,
        "recall_at_3": 0.58642,
        "recall_at_5": 0.67901,
        "recall_at_10": 0.75309,
        "recall_at_20": 0.8642,
        "recall_at_100": 0.95062,
        "recall_at_1000": 1.0,
        "accuracy": 0.32716,
        "precision_at_1": 0.44444,
        "precision_at_3": 0.24691,
        "precision_at_5": 0.17037,
        "precision_at_10": 0.0963,
        "precision_at_20": 0.05556,
        "precision_at_100": 0.01222,
        "precision_at_1000": 0.0013,
        "mrr_at_1": 0.444444,
        "mrr_at_3": 0.54321,
        "mrr_at_5": 0.559877,
        "mrr_at_10": 0.56821,
        "mrr_at_20": 0.574046,
        "mrr_at_100": 0.576712,
        "mrr_at_1000": 0.576767,
        "nauc_ndcg_at_1_max": 0.477579,
        "nauc_ndcg_at_1_std": 0.18897,
        "nauc_ndcg_at_1_diff1": 0.189824,
        "nauc_ndcg_at_3_max": 0.377221,
        "nauc_ndcg_at_3_std": 0.044331,
        "nauc_ndcg_at_3_diff1": 0.271878,
        "nauc_ndcg_at_5_max": 0.397842,
        "nauc_ndcg_at_5_std": 0.083963,
        "nauc_ndcg_at_5_diff1": 0.254263,
        "nauc_ndcg_at_10_max": 0.482027,
        "nauc_ndcg_at_10_std": 0.154478,
        "nauc_ndcg_at_10_diff1": 0.297148,
        "nauc_ndcg_at_20_max": 0.46433,
        "nauc_ndcg_at_20_std": 0.122005,
        "nauc_ndcg_at_20_diff1": 0.250759,
        "nauc_ndcg_at_100_max": 0.445927,
        "nauc_ndcg_at_100_std": 0.104525,
        "nauc_ndcg_at_100_diff1": 0.282953,
        "nauc_ndcg_at_1000_max": 0.449287,
        "nauc_ndcg_at_1000_std": 0.11803,
        "nauc_ndcg_at_1000_diff1": 0.273528,
        "nauc_map_at_1_max": 0.344097,
        "nauc_map_at_1_std": 0.185752,
        "nauc_map_at_1_diff1": 0.222497,
        "nauc_map_at_3_max": 0.366282,
        "nauc_map_at_3_std": 0.045885,
        "nauc_map_at_3_diff1": 0.295074,
        "nauc_map_at_5_max": 0.384238,
        "nauc_map_at_5_std": 0.068111,
        "nauc_map_at_5_diff1": 0.279818,
        "nauc_map_at_10_max": 0.418701,
        "nauc_map_at_10_std": 0.0973,
        "nauc_map_at_10_diff1": 0.299628,
        "nauc_map_at_20_max": 0.414721,
        "nauc_map_at_20_std": 0.08995,
        "nauc_map_at_20_diff1": 0.287119,
        "nauc_map_at_100_max": 0.41123,
        "nauc_map_at_100_std": 0.087392,
        "nauc_map_at_100_diff1": 0.291476,
        "nauc_map_at_1000_max": 0.411055,
        "nauc_map_at_1000_std": 0.08774,
        "nauc_map_at_1000_diff1": 0.290932,
        "nauc_recall_at_1_max": 0.344097,
        "nauc_recall_at_1_std": 0.185752,
        "nauc_recall_at_1_diff1": 0.222497,
        "nauc_recall_at_3_max": 0.254812,
        "nauc_recall_at_3_std": -0.065231,
        "nauc_recall_at_3_diff1": 0.257582,
        "nauc_recall_at_5_max": 0.28663,
        "nauc_recall_at_5_std": 0.03028,
        "nauc_recall_at_5_diff1": 0.211968,
        "nauc_recall_at_10_max": 0.519054,
        "nauc_recall_at_10_std": 0.235639,
        "nauc_recall_at_10_diff1": 0.314893,
        "nauc_recall_at_20_max": 0.496111,
        "nauc_recall_at_20_std": 0.062587,
        "nauc_recall_at_20_diff1": 0.049914,
        "nauc_recall_at_100_max": 0.174292,
        "nauc_recall_at_100_std": -0.473358,
        "nauc_recall_at_100_diff1": 0.556079,
        "nauc_recall_at_1000_max": NaN,
        "nauc_recall_at_1000_std": NaN,
        "nauc_recall_at_1000_diff1": NaN,
        "nauc_precision_at_1_max": 0.477579,
        "nauc_precision_at_1_std": 0.18897,
        "nauc_precision_at_1_diff1": 0.189824,
        "nauc_precision_at_3_max": 0.386712,
        "nauc_precision_at_3_std": -0.105865,
        "nauc_precision_at_3_diff1": 0.248843,
        "nauc_precision_at_5_max": 0.416441,
        "nauc_precision_at_5_std": -0.008815,
        "nauc_precision_at_5_diff1": 0.137852,
        "nauc_precision_at_10_max": 0.671996,
        "nauc_precision_at_10_std": 0.25263,
        "nauc_precision_at_10_diff1": 0.279587,
        "nauc_precision_at_20_max": 0.614237,
        "nauc_precision_at_20_std": 0.195491,
        "nauc_precision_at_20_diff1": 0.130169,
        "nauc_precision_at_100_max": 0.521684,
        "nauc_precision_at_100_std": 0.148523,
        "nauc_precision_at_100_diff1": 0.168837,
        "nauc_precision_at_1000_max": 0.440297,
        "nauc_precision_at_1000_std": 0.209289,
        "nauc_precision_at_1000_diff1": 0.051177,
        "nauc_mrr_at_1_max": 0.477579,
        "nauc_mrr_at_1_std": 0.18897,
        "nauc_mrr_at_1_diff1": 0.189824,
        "nauc_mrr_at_3_max": 0.480366,
        "nauc_mrr_at_3_std": 0.153207,
        "nauc_mrr_at_3_diff1": 0.194687,
        "nauc_mrr_at_5_max": 0.475017,
        "nauc_mrr_at_5_std": 0.165452,
        "nauc_mrr_at_5_diff1": 0.200999,
        "nauc_mrr_at_10_max": 0.501624,
        "nauc_mrr_at_10_std": 0.188028,
        "nauc_mrr_at_10_diff1": 0.212609,
        "nauc_mrr_at_20_max": 0.490787,
        "nauc_mrr_at_20_std": 0.175034,
        "nauc_mrr_at_20_diff1": 0.199208,
        "nauc_mrr_at_100_max": 0.488615,
        "nauc_mrr_at_100_std": 0.172681,
        "nauc_mrr_at_100_diff1": 0.203999,
        "nauc_mrr_at_1000_max": 0.488684,
        "nauc_mrr_at_1000_std": 0.172817,
        "nauc_mrr_at_1000_diff1": 0.203935,
        "hit_rate_at_1": 0.44444,
        "hit_rate_at_3": 0.66667,
        "hit_rate_at_5": 0.74074,
        "hit_rate_at_10": 0.81481,
        "hit_rate_at_20": 0.88889,
        "hit_rate_at_100": 0.96296,
        "hit_rate_at_1000": 1.0,
        "main_score": 0.57581,
        "hf_subset": "default",
        "languages": [
          "eng-Latn"
        ]
      }
    ]
  },
  "evaluation_time": 69.14580368995667,
  "kg_co2_emissions": null,
  "date": 1776416747.903082
}