{
  "dataset_revision": "5d958fb6b31055495347724d46431ba41309b03a",
  "task_name": "ChemNQRetrieval",
  "mteb_version": "2.12.15",
  "scores": {
    "test": [
      {
        "ndcg_at_1": 0.48148,
        "ndcg_at_3": 0.55464,
        "ndcg_at_5": 0.57775,
        "ndcg_at_10": 0.59726,
        "ndcg_at_20": 0.61504,
        "ndcg_at_100": 0.64932,
        "ndcg_at_1000": 0.65556,
        "map_at_1": 0.38272,
        "map_at_3": 0.50926,
        "map_at_5": 0.52407,
        "map_at_10": 0.53168,
        "map_at_20": 0.54008,
        "map_at_100": 0.54635,
        "map_at_1000": 0.54662,
        "recall_at_1": 0.38272,
        "recall_at_3": 0.62346,
        "recall_at_5": 0.67901,
        "recall_at_10": 0.73457,
        "recall_at_20": 0.79012,
        "recall_at_100": 0.95062,
        "recall_at_1000": 1.0,
        "accuracy": 0.38272,
        "precision_at_1": 0.48148,
        "precision_at_3": 0.25926,
        "precision_at_5": 0.17037,
        "precision_at_10": 0.09259,
        "precision_at_20": 0.05185,
        "precision_at_100": 0.01222,
        "precision_at_1000": 0.0013,
        "mrr_at_1": 0.481481,
        "mrr_at_3": 0.580247,
        "mrr_at_5": 0.587654,
        "mrr_at_10": 0.597575,
        "mrr_at_20": 0.597575,
        "mrr_at_100": 0.603488,
        "mrr_at_1000": 0.603539,
        "nauc_ndcg_at_1_max": 0.391988,
        "nauc_ndcg_at_1_std": 0.126679,
        "nauc_ndcg_at_1_diff1": 0.369043,
        "nauc_ndcg_at_3_max": 0.273779,
        "nauc_ndcg_at_3_std": -0.048958,
        "nauc_ndcg_at_3_diff1": 0.32574,
        "nauc_ndcg_at_5_max": 0.351439,
        "nauc_ndcg_at_5_std": 0.024927,
        "nauc_ndcg_at_5_diff1": 0.294192,
        "nauc_ndcg_at_10_max": 0.351913,
        "nauc_ndcg_at_10_std": 0.046213,
        "nauc_ndcg_at_10_diff1": 0.295839,
        "nauc_ndcg_at_20_max": 0.420218,
        "nauc_ndcg_at_20_std": 0.121318,
        "nauc_ndcg_at_20_diff1": 0.357695,
        "nauc_ndcg_at_100_max": 0.358069,
        "nauc_ndcg_at_100_std": 0.050238,
        "nauc_ndcg_at_100_diff1": 0.352625,
        "nauc_ndcg_at_1000_max": 0.365243,
        "nauc_ndcg_at_1000_std": 0.059594,
        "nauc_ndcg_at_1000_diff1": 0.344965,
        "nauc_map_at_1_max": 0.238985,
        "nauc_map_at_1_std": 0.11824,
        "nauc_map_at_1_diff1": 0.264409,
        "nauc_map_at_3_max": 0.253359,
        "nauc_map_at_3_std": -0.041451,
        "nauc_map_at_3_diff1": 0.320152,
        "nauc_map_at_5_max": 0.302466,
        "nauc_map_at_5_std": -0.00046,
        "nauc_map_at_5_diff1": 0.296844,
        "nauc_map_at_10_max": 0.299743,
        "nauc_map_at_10_std": 0.003041,
        "nauc_map_at_10_diff1": 0.294041,
        "nauc_map_at_20_max": 0.328329,
        "nauc_map_at_20_std": 0.035897,
        "nauc_map_at_20_diff1": 0.320861,
        "nauc_map_at_100_max": 0.31691,
        "nauc_map_at_100_std": 0.023486,
        "nauc_map_at_100_diff1": 0.319143,
        "nauc_map_at_1000_max": 0.316861,
        "nauc_map_at_1000_std": 0.023514,
        "nauc_map_at_1000_diff1": 0.318941,
        "nauc_recall_at_1_max": 0.238985,
        "nauc_recall_at_1_std": 0.11824,
        "nauc_recall_at_1_diff1": 0.264409,
        "nauc_recall_at_3_max": 0.162984,
        "nauc_recall_at_3_std": -0.168251,
        "nauc_recall_at_3_diff1": 0.290582,
        "nauc_recall_at_5_max": 0.343791,
        "nauc_recall_at_5_std": 0.020281,
        "nauc_recall_at_5_diff1": 0.203627,
        "nauc_recall_at_10_max": 0.328882,
        "nauc_recall_at_10_std": 0.073811,
        "nauc_recall_at_10_diff1": 0.172729,
        "nauc_recall_at_20_max": 0.668241,
        "nauc_recall_at_20_std": 0.410111,
        "nauc_recall_at_20_diff1": 0.454216,
        "nauc_recall_at_100_max": -0.042286,
        "nauc_recall_at_100_std": -0.401166,
        "nauc_recall_at_100_diff1": 0.631834,
        "nauc_recall_at_1000_max": NaN,
        "nauc_recall_at_1000_std": NaN,
        "nauc_recall_at_1000_diff1": NaN,
        "nauc_precision_at_1_max": 0.391988,
        "nauc_precision_at_1_std": 0.126679,
        "nauc_precision_at_1_diff1": 0.369043,
        "nauc_precision_at_3_max": 0.386082,
        "nauc_precision_at_3_std": -0.154555,
        "nauc_precision_at_3_diff1": 0.333571,
        "nauc_precision_at_5_max": 0.507993,
        "nauc_precision_at_5_std": 0.015473,
        "nauc_precision_at_5_diff1": 0.184734,
        "nauc_precision_at_10_max": 0.566721,
        "nauc_precision_at_10_std": 0.136474,
        "nauc_precision_at_10_diff1": 0.2325,
        "nauc_precision_at_20_max": 0.658633,
        "nauc_precision_at_20_std": 0.364803,
        "nauc_precision_at_20_diff1": 0.379116,
        "nauc_precision_at_100_max": 0.484866,
        "nauc_precision_at_100_std": 0.201462,
        "nauc_precision_at_100_diff1": 0.321123,
        "nauc_precision_at_1000_max": 0.433537,
        "nauc_precision_at_1000_std": 0.23104,
        "nauc_precision_at_1000_diff1": 0.195763,
        "nauc_mrr_at_1_max": 0.391988,
        "nauc_mrr_at_1_std": 0.126679,
        "nauc_mrr_at_1_diff1": 0.369043,
        "nauc_mrr_at_3_max": 0.404093,
        "nauc_mrr_at_3_std": 0.06143,
        "nauc_mrr_at_3_diff1": 0.352666,
        "nauc_mrr_at_5_max": 0.424893,
        "nauc_mrr_at_5_std": 0.091548,
        "nauc_mrr_at_5_diff1": 0.350202,
        "nauc_mrr_at_10_max": 0.431119,
        "nauc_mrr_at_10_std": 0.110688,
        "nauc_mrr_at_10_diff1": 0.359556,
        "nauc_mrr_at_20_max": 0.431119,
        "nauc_mrr_at_20_std": 0.110688,
        "nauc_mrr_at_20_diff1": 0.359556,
        "nauc_mrr_at_100_max": 0.421638,
        "nauc_mrr_at_100_std": 0.099584,
        "nauc_mrr_at_100_diff1": 0.358739,
        "nauc_mrr_at_1000_max": 0.421742,
        "nauc_mrr_at_1000_std": 0.0997,
        "nauc_mrr_at_1000_diff1": 0.358676,
        "hit_rate_at_1": 0.48148,
        "hit_rate_at_3": 0.7037,
        "hit_rate_at_5": 0.74074,
        "hit_rate_at_10": 0.81481,
        "hit_rate_at_20": 0.81481,
        "hit_rate_at_100": 0.96296,
        "hit_rate_at_1000": 1.0,
        "main_score": 0.59726,
        "hf_subset": "default",
        "languages": [
          "eng-Latn"
        ]
      }
    ]
  },
  "evaluation_time": 71.21291375160217,
  "kg_co2_emissions": null,
  "date": 1775777530.254348
}