{
  "dataset_revision": "5377aa18f309ec440ff6325a4c2cd3362c2cb8d7",
  "task_name": "ChemRxivRetrieval",
  "mteb_version": "2.12.20",
  "scores": {
    "test": [
      {
        "ndcg_at_1": 0.7766,
        "ndcg_at_3": 0.85792,
        "ndcg_at_5": 0.86941,
        "ndcg_at_10": 0.87722,
        "ndcg_at_20": 0.88105,
        "ndcg_at_100": 0.88379,
        "ndcg_at_1000": 0.88449,
        "map_at_1": 0.7766,
        "map_at_3": 0.83877,
        "map_at_5": 0.84517,
        "map_at_10": 0.84846,
        "map_at_20": 0.84953,
        "map_at_100": 0.84993,
        "map_at_1000": 0.84996,
        "recall_at_1": 0.7766,
        "recall_at_3": 0.913,
        "recall_at_5": 0.9408,
        "recall_at_10": 0.9646,
        "recall_at_20": 0.9796,
        "recall_at_100": 0.994,
        "recall_at_1000": 0.9996,
        "accuracy": 0.7766,
        "precision_at_1": 0.7766,
        "precision_at_3": 0.30433,
        "precision_at_5": 0.18816,
        "precision_at_10": 0.09646,
        "precision_at_20": 0.04898,
        "precision_at_100": 0.00994,
        "precision_at_1000": 0.001,
        "mrr_at_1": 0.777,
        "mrr_at_3": 0.838833,
        "mrr_at_5": 0.845373,
        "mrr_at_10": 0.848631,
        "mrr_at_20": 0.849705,
        "mrr_at_100": 0.850108,
        "mrr_at_1000": 0.850133,
        "nauc_ndcg_at_1_max": 0.457446,
        "nauc_ndcg_at_1_std": -0.235474,
        "nauc_ndcg_at_1_diff1": 0.803505,
        "nauc_ndcg_at_3_max": 0.519902,
        "nauc_ndcg_at_3_std": -0.217981,
        "nauc_ndcg_at_3_diff1": 0.780241,
        "nauc_ndcg_at_5_max": 0.517132,
        "nauc_ndcg_at_5_std": -0.221521,
        "nauc_ndcg_at_5_diff1": 0.78283,
        "nauc_ndcg_at_10_max": 0.516873,
        "nauc_ndcg_at_10_std": -0.21366,
        "nauc_ndcg_at_10_diff1": 0.784698,
        "nauc_ndcg_at_20_max": 0.508429,
        "nauc_ndcg_at_20_std": -0.220014,
        "nauc_ndcg_at_20_diff1": 0.785615,
        "nauc_ndcg_at_100_max": 0.504347,
        "nauc_ndcg_at_100_std": -0.220261,
        "nauc_ndcg_at_100_diff1": 0.787426,
        "nauc_ndcg_at_1000_max": 0.502417,
        "nauc_ndcg_at_1000_std": -0.221822,
        "nauc_ndcg_at_1000_diff1": 0.787797,
        "nauc_map_at_1_max": 0.457446,
        "nauc_map_at_1_std": -0.235474,
        "nauc_map_at_1_diff1": 0.803505,
        "nauc_map_at_3_max": 0.500354,
        "nauc_map_at_3_std": -0.224659,
        "nauc_map_at_3_diff1": 0.787113,
        "nauc_map_at_5_max": 0.497955,
        "nauc_map_at_5_std": -0.226867,
        "nauc_map_at_5_diff1": 0.788535,
        "nauc_map_at_10_max": 0.497579,
        "nauc_map_at_10_std": -0.224472,
        "nauc_map_at_10_diff1": 0.789357,
        "nauc_map_at_20_max": 0.495557,
        "nauc_map_at_20_std": -0.225965,
        "nauc_map_at_20_diff1": 0.789579,
        "nauc_map_at_100_max": 0.495089,
        "nauc_map_at_100_std": -0.225812,
        "nauc_map_at_100_diff1": 0.78981,
        "nauc_map_at_1000_max": 0.495036,
        "nauc_map_at_1000_std": -0.225849,
        "nauc_map_at_1000_diff1": 0.789823,
        "nauc_recall_at_1_max": 0.457446,
        "nauc_recall_at_1_std": -0.235474,
        "nauc_recall_at_1_diff1": 0.803505,
        "nauc_recall_at_3_max": 0.617207,
        "nauc_recall_at_3_std": -0.183844,
        "nauc_recall_at_3_diff1": 0.746335,
        "nauc_recall_at_5_max": 0.65121,
        "nauc_recall_at_5_std": -0.183224,
        "nauc_recall_at_5_diff1": 0.744535,
        "nauc_recall_at_10_max": 0.735429,
        "nauc_recall_at_10_std": -0.075683,
        "nauc_recall_at_10_diff1": 0.736217,
        "nauc_recall_at_20_max": 0.715499,
        "nauc_recall_at_20_std": -0.110443,
        "nauc_recall_at_20_diff1": 0.721046,
        "nauc_recall_at_100_max": 0.812885,
        "nauc_recall_at_100_std": 0.068441,
        "nauc_recall_at_100_diff1": 0.733909,
        "nauc_recall_at_1000_max": 0.934641,
        "nauc_recall_at_1000_std": 0.561391,
        "nauc_recall_at_1000_diff1": 0.777077,
        "nauc_precision_at_1_max": 0.457446,
        "nauc_precision_at_1_std": -0.235474,
        "nauc_precision_at_1_diff1": 0.803505,
        "nauc_precision_at_3_max": 0.617207,
        "nauc_precision_at_3_std": -0.183844,
        "nauc_precision_at_3_diff1": 0.746335,
        "nauc_precision_at_5_max": 0.65121,
        "nauc_precision_at_5_std": -0.183224,
        "nauc_precision_at_5_diff1": 0.744535,
        "nauc_precision_at_10_max": 0.735429,
        "nauc_precision_at_10_std": -0.075683,
        "nauc_precision_at_10_diff1": 0.736217,
        "nauc_precision_at_20_max": 0.715499,
        "nauc_precision_at_20_std": -0.110443,
        "nauc_precision_at_20_diff1": 0.721046,
        "nauc_precision_at_100_max": 0.812885,
        "nauc_precision_at_100_std": 0.068441,
        "nauc_precision_at_100_diff1": 0.733909,
        "nauc_precision_at_1000_max": 0.934641,
        "nauc_precision_at_1000_std": 0.561391,
        "nauc_precision_at_1000_diff1": 0.777077,
        "nauc_mrr_at_1_max": 0.459974,
        "nauc_mrr_at_1_std": -0.23393,
        "nauc_mrr_at_1_diff1": 0.80268,
        "nauc_mrr_at_3_max": 0.502199,
        "nauc_mrr_at_3_std": -0.223673,
        "nauc_mrr_at_3_diff1": 0.78673,
        "nauc_mrr_at_5_max": 0.499788,
        "nauc_mrr_at_5_std": -0.225368,
        "nauc_mrr_at_5_diff1": 0.787929,
        "nauc_mrr_at_10_max": 0.499468,
        "nauc_mrr_at_10_std": -0.223293,
        "nauc_mrr_at_10_diff1": 0.788788,
        "nauc_mrr_at_20_max": 0.497458,
        "nauc_mrr_at_20_std": -0.224779,
        "nauc_mrr_at_20_diff1": 0.789005,
        "nauc_mrr_at_100_max": 0.496994,
        "nauc_mrr_at_100_std": -0.224622,
        "nauc_mrr_at_100_diff1": 0.789235,
        "nauc_mrr_at_1000_max": 0.496941,
        "nauc_mrr_at_1000_std": -0.224658,
        "nauc_mrr_at_1000_diff1": 0.789248,
        "hit_rate_at_1": 0.7766,
        "hit_rate_at_3": 0.913,
        "hit_rate_at_5": 0.9408,
        "hit_rate_at_10": 0.9646,
        "hit_rate_at_20": 0.9796,
        "hit_rate_at_100": 0.994,
        "hit_rate_at_1000": 0.9996,
        "main_score": 0.87722,
        "hf_subset": "default",
        "languages": [
          "eng-Latn"
        ]
      }
    ]
  },
  "evaluation_time": 460.43660044670105,
  "kg_co2_emissions": null,
  "date": 1776414465.5611
}