{
  "dataset_revision": "1840e8a5ac6ec752bbdd97d543ead0189bc7c25b",
  "task_name": "ChemHotpotQARetrieval",
  "mteb_version": "2.12.20",
  "scores": {
    "train": [
      {
        "ndcg_at_1": 0.86667,
        "ndcg_at_3": 0.89046,
        "ndcg_at_5": 0.89764,
        "ndcg_at_10": 0.90499,
        "ndcg_at_20": 0.90968,
        "ndcg_at_100": 0.91194,
        "ndcg_at_1000": 0.91305,
        "map_at_1": 0.84722,
        "map_at_3": 0.87963,
        "map_at_5": 0.8838,
        "map_at_10": 0.88693,
        "map_at_20": 0.88855,
        "map_at_100": 0.88894,
        "map_at_1000": 0.889,
        "recall_at_1": 0.84722,
        "recall_at_3": 0.91389,
        "recall_at_5": 0.93056,
        "recall_at_10": 0.95278,
        "recall_at_20": 0.96944,
        "recall_at_100": 0.98056,
        "recall_at_1000": 0.98889,
        "accuracy": 0.84722,
        "precision_at_1": 0.86667,
        "precision_at_3": 0.31481,
        "precision_at_5": 0.19222,
        "precision_at_10": 0.09833,
        "precision_at_20": 0.05028,
        "precision_at_100": 0.01017,
        "precision_at_1000": 0.00103,
        "mrr_at_1": 0.866667,
        "mrr_at_3": 0.888889,
        "mrr_at_5": 0.893056,
        "mrr_at_10": 0.896186,
        "mrr_at_20": 0.897154,
        "mrr_at_100": 0.897545,
        "mrr_at_1000": 0.897556,
        "nauc_ndcg_at_1_max": 0.593649,
        "nauc_ndcg_at_1_std": -0.299147,
        "nauc_ndcg_at_1_diff1": 0.863357,
        "nauc_ndcg_at_3_max": 0.44415,
        "nauc_ndcg_at_3_std": -0.388992,
        "nauc_ndcg_at_3_diff1": 0.726191,
        "nauc_ndcg_at_5_max": 0.417959,
        "nauc_ndcg_at_5_std": -0.458165,
        "nauc_ndcg_at_5_diff1": 0.726981,
        "nauc_ndcg_at_10_max": 0.402831,
        "nauc_ndcg_at_10_std": -0.466678,
        "nauc_ndcg_at_10_diff1": 0.725052,
        "nauc_ndcg_at_20_max": 0.411861,
        "nauc_ndcg_at_20_std": -0.429791,
        "nauc_ndcg_at_20_diff1": 0.742709,
        "nauc_ndcg_at_100_max": 0.401863,
        "nauc_ndcg_at_100_std": -0.43188,
        "nauc_ndcg_at_100_diff1": 0.739265,
        "nauc_ndcg_at_1000_max": 0.414372,
        "nauc_ndcg_at_1000_std": -0.41868,
        "nauc_ndcg_at_1000_diff1": 0.754514,
        "nauc_map_at_1_max": 0.431736,
        "nauc_map_at_1_std": -0.38823,
        "nauc_map_at_1_diff1": 0.763775,
        "nauc_map_at_3_max": 0.446556,
        "nauc_map_at_3_std": -0.392135,
        "nauc_map_at_3_diff1": 0.715678,
        "nauc_map_at_5_max": 0.433185,
        "nauc_map_at_5_std": -0.4278,
        "nauc_map_at_5_diff1": 0.715695,
        "nauc_map_at_10_max": 0.427862,
        "nauc_map_at_10_std": -0.431478,
        "nauc_map_at_10_diff1": 0.714416,
        "nauc_map_at_20_max": 0.432325,
        "nauc_map_at_20_std": -0.419856,
        "nauc_map_at_20_diff1": 0.720765,
        "nauc_map_at_100_max": 0.431079,
        "nauc_map_at_100_std": -0.420254,
        "nauc_map_at_100_diff1": 0.720107,
        "nauc_map_at_1000_max": 0.432005,
        "nauc_map_at_1000_std": -0.419585,
        "nauc_map_at_1000_diff1": 0.721151,
        "nauc_recall_at_1_max": 0.431736,
        "nauc_recall_at_1_std": -0.38823,
        "nauc_recall_at_1_diff1": 0.763775,
        "nauc_recall_at_3_max": 0.305578,
        "nauc_recall_at_3_std": -0.460754,
        "nauc_recall_at_3_diff1": 0.617888,
        "nauc_recall_at_5_max": 0.185042,
        "nauc_recall_at_5_std": -0.708478,
        "nauc_recall_at_5_diff1": 0.594528,
        "nauc_recall_at_10_max": -0.010133,
        "nauc_recall_at_10_std": -0.858763,
        "nauc_recall_at_10_diff1": 0.524002,
        "nauc_recall_at_20_max": -0.151218,
        "nauc_recall_at_20_std": -0.71679,
        "nauc_recall_at_20_diff1": 0.595578,
        "nauc_recall_at_100_max": -0.692344,
        "nauc_recall_at_100_std": -0.916433,
        "nauc_recall_at_100_diff1": 0.443844,
        "nauc_recall_at_1000_max": -0.955649,
        "nauc_recall_at_1000_std": -0.592904,
        "nauc_recall_at_1000_diff1": 0.934641,
        "nauc_precision_at_1_max": 0.593649,
        "nauc_precision_at_1_std": -0.299147,
        "nauc_precision_at_1_diff1": 0.863357,
        "nauc_precision_at_3_max": 0.379232,
        "nauc_precision_at_3_std": -0.141171,
        "nauc_precision_at_3_diff1": 0.381326,
        "nauc_precision_at_5_max": 0.307642,
        "nauc_precision_at_5_std": -0.260203,
        "nauc_precision_at_5_diff1": 0.325552,
        "nauc_precision_at_10_max": 0.223932,
        "nauc_precision_at_10_std": -0.223263,
        "nauc_precision_at_10_diff1": 0.205538,
        "nauc_precision_at_20_max": 0.206549,
        "nauc_precision_at_20_std": 0.109216,
        "nauc_precision_at_20_diff1": 0.154269,
        "nauc_precision_at_100_max": 0.118869,
        "nauc_precision_at_100_std": 0.180145,
        "nauc_precision_at_100_diff1": 0.049083,
        "nauc_precision_at_1000_max": 0.210121,
        "nauc_precision_at_1000_std": 0.374675,
        "nauc_precision_at_1000_diff1": 0.130148,
        "nauc_mrr_at_1_max": 0.593649,
        "nauc_mrr_at_1_std": -0.299147,
        "nauc_mrr_at_1_diff1": 0.863357,
        "nauc_mrr_at_3_max": 0.556904,
        "nauc_mrr_at_3_std": -0.311323,
        "nauc_mrr_at_3_diff1": 0.841056,
        "nauc_mrr_at_5_max": 0.546902,
        "nauc_mrr_at_5_std": -0.346512,
        "nauc_mrr_at_5_diff1": 0.846072,
        "nauc_mrr_at_10_max": 0.544668,
        "nauc_mrr_at_10_std": -0.347973,
        "nauc_mrr_at_10_diff1": 0.848717,
        "nauc_mrr_at_20_max": 0.542521,
        "nauc_mrr_at_20_std": -0.341787,
        "nauc_mrr_at_20_diff1": 0.847861,
        "nauc_mrr_at_100_max": 0.541614,
        "nauc_mrr_at_100_std": -0.341909,
        "nauc_mrr_at_100_diff1": 0.847652,
        "nauc_mrr_at_1000_max": 0.541633,
        "nauc_mrr_at_1000_std": -0.341823,
        "nauc_mrr_at_1000_diff1": 0.847683,
        "hit_rate_at_1": 0.86667,
        "hit_rate_at_3": 0.92222,
        "hit_rate_at_5": 0.93889,
        "hit_rate_at_10": 0.96111,
        "hit_rate_at_20": 0.97222,
        "hit_rate_at_100": 0.98333,
        "hit_rate_at_1000": 0.98889,
        "main_score": 0.90499,
        "hf_subset": "default",
        "languages": [
          "eng-Latn"
        ]
      }
    ],
    "dev": [
      {
        "ndcg_at_1": 0.875,
        "ndcg_at_3": 0.875,
        "ndcg_at_5": 0.875,
        "ndcg_at_10": 0.875,
        "ndcg_at_20": 0.875,
        "ndcg_at_100": 0.901,
        "ndcg_at_1000": 0.901,
        "map_at_1": 0.875,
        "map_at_3": 0.875,
        "map_at_5": 0.875,
        "map_at_10": 0.875,
        "map_at_20": 0.875,
        "map_at_100": 0.87963,
        "map_at_1000": 0.87963,
        "recall_at_1": 0.875,
        "recall_at_3": 0.875,
        "recall_at_5": 0.875,
        "recall_at_10": 0.875,
        "recall_at_20": 0.875,
        "recall_at_100": 1.0,
        "recall_at_1000": 1.0,
        "accuracy": 0.875,
        "precision_at_1": 0.875,
        "precision_at_3": 0.29167,
        "precision_at_5": 0.175,
        "precision_at_10": 0.0875,
        "precision_at_20": 0.04375,
        "precision_at_100": 0.01,
        "precision_at_1000": 0.001,
        "mrr_at_1": 0.875,
        "mrr_at_3": 0.875,
        "mrr_at_5": 0.875,
        "mrr_at_10": 0.875,
        "mrr_at_20": 0.875,
        "mrr_at_100": 0.87963,
        "mrr_at_1000": 0.87963,
        "nauc_ndcg_at_1_max": 1.0,
        "nauc_ndcg_at_1_std": 0.865546,
        "nauc_ndcg_at_1_diff1": 0.865546,
        "nauc_ndcg_at_3_max": 1.0,
        "nauc_ndcg_at_3_std": 0.865546,
        "nauc_ndcg_at_3_diff1": 0.865546,
        "nauc_ndcg_at_5_max": 1.0,
        "nauc_ndcg_at_5_std": 0.865546,
        "nauc_ndcg_at_5_diff1": 0.865546,
        "nauc_ndcg_at_10_max": 1.0,
        "nauc_ndcg_at_10_std": 0.865546,
        "nauc_ndcg_at_10_diff1": 0.865546,
        "nauc_ndcg_at_20_max": 1.0,
        "nauc_ndcg_at_20_std": 0.865546,
        "nauc_ndcg_at_20_diff1": 0.865546,
        "nauc_ndcg_at_100_max": 1.0,
        "nauc_ndcg_at_100_std": 0.865546,