{
  "dataset_revision": "5d958fb6b31055495347724d46431ba41309b03a",
  "task_name": "ChemNQRetrieval",
  "mteb_version": "2.12.20",
  "scores": {
    "test": [
      {
        "ndcg_at_1": 0.33333,
        "ndcg_at_3": 0.48385,
        "ndcg_at_5": 0.52453,
        "ndcg_at_10": 0.53853,
        "ndcg_at_20": 0.57296,
        "ndcg_at_100": 0.60012,
        "ndcg_at_1000": 0.60412,
        "map_at_1": 0.25926,
        "map_at_3": 0.42901,
        "map_at_5": 0.45494,
        "map_at_10": 0.46137,
        "map_at_20": 0.47201,
        "map_at_100": 0.47817,
        "map_at_1000": 0.47823,
        "recall_at_1": 0.25926,
        "recall_at_3": 0.58642,
        "recall_at_5": 0.67901,
        "recall_at_10": 0.71605,
        "recall_at_20": 0.84568,
        "recall_at_100": 0.96296,
        "recall_at_1000": 1.0,
        "accuracy": 0.25926,
        "precision_at_1": 0.33333,
        "precision_at_3": 0.24691,
        "precision_at_5": 0.17037,
        "precision_at_10": 0.09259,
        "precision_at_20": 0.0537,
        "precision_at_100": 0.01259,
        "precision_at_1000": 0.0013,
        "mrr_at_1": 0.333333,
        "mrr_at_3": 0.487654,
        "mrr_at_5": 0.506173,
        "mrr_at_10": 0.510802,
        "mrr_at_20": 0.51913,
        "mrr_at_100": 0.522016,
        "mrr_at_1000": 0.522076,
        "nauc_ndcg_at_1_max": 0.202568,
        "nauc_ndcg_at_1_std": -0.067357,
        "nauc_ndcg_at_1_diff1": 0.426137,
        "nauc_ndcg_at_3_max": 0.28457,
        "nauc_ndcg_at_3_std": -0.067576,
        "nauc_ndcg_at_3_diff1": 0.375322,
        "nauc_ndcg_at_5_max": 0.279518,
        "nauc_ndcg_at_5_std": -0.043975,
        "nauc_ndcg_at_5_diff1": 0.324514,
        "nauc_ndcg_at_10_max": 0.377756,
        "nauc_ndcg_at_10_std": 0.042413,
        "nauc_ndcg_at_10_diff1": 0.397585,
        "nauc_ndcg_at_20_max": 0.318409,
        "nauc_ndcg_at_20_std": -0.013195,
        "nauc_ndcg_at_20_diff1": 0.341614,
        "nauc_ndcg_at_100_max": 0.302763,
        "nauc_ndcg_at_100_std": -0.041643,
        "nauc_ndcg_at_100_diff1": 0.387588,
        "nauc_ndcg_at_1000_max": 0.301819,
        "nauc_ndcg_at_1000_std": -0.032496,
        "nauc_ndcg_at_1000_diff1": 0.379318,
        "nauc_map_at_1_max": 0.130592,
        "nauc_map_at_1_std": -0.04789,
        "nauc_map_at_1_diff1": 0.374845,
        "nauc_map_at_3_max": 0.241046,
        "nauc_map_at_3_std": -0.105267,
        "nauc_map_at_3_diff1": 0.404369,
        "nauc_map_at_5_max": 0.24146,
        "nauc_map_at_5_std": -0.089956,
        "nauc_map_at_5_diff1": 0.371418,
        "nauc_map_at_10_max": 0.28274,
        "nauc_map_at_10_std": -0.053852,
        "nauc_map_at_10_diff1": 0.403297,
        "nauc_map_at_20_max": 0.266533,
        "nauc_map_at_20_std": -0.066562,
        "nauc_map_at_20_diff1": 0.38809,
        "nauc_map_at_100_max": 0.263821,
        "nauc_map_at_100_std": -0.071525,
        "nauc_map_at_100_diff1": 0.395275,
        "nauc_map_at_1000_max": 0.263801,
        "nauc_map_at_1000_std": -0.071421,
        "nauc_map_at_1000_diff1": 0.395176,
        "nauc_recall_at_1_max": 0.130592,
        "nauc_recall_at_1_std": -0.04789,
        "nauc_recall_at_1_diff1": 0.374845,
        "nauc_recall_at_3_max": 0.338038,
        "nauc_recall_at_3_std": -0.032549,
        "nauc_recall_at_3_diff1": 0.325328,
        "nauc_recall_at_5_max": 0.321908,
        "nauc_recall_at_5_std": 0.03028,
        "nauc_recall_at_5_diff1": 0.185743,
        "nauc_recall_at_10_max": 0.617216,
        "nauc_recall_at_10_std": 0.297239,
        "nauc_recall_at_10_diff1": 0.387362,
        "nauc_recall_at_20_max": 0.404905,
        "nauc_recall_at_20_std": 0.069927,
        "nauc_recall_at_20_diff1": 0.0531,
        "nauc_recall_at_100_max": 0.35755,
        "nauc_recall_at_100_std": -0.572623,
        "nauc_recall_at_100_diff1": 0.867647,
        "nauc_recall_at_1000_max": NaN,
        "nauc_recall_at_1000_std": NaN,
        "nauc_recall_at_1000_diff1": NaN,
        "nauc_precision_at_1_max": 0.202568,
        "nauc_precision_at_1_std": -0.067357,
        "nauc_precision_at_1_diff1": 0.426137,
        "nauc_precision_at_3_max": 0.394753,
        "nauc_precision_at_3_std": -0.080559,
        "nauc_precision_at_3_diff1": 0.304648,
        "nauc_precision_at_5_max": 0.356784,
        "nauc_precision_at_5_std": -0.008815,
        "nauc_precision_at_5_diff1": 0.124449,
        "nauc_precision_at_10_max": 0.634744,
        "nauc_precision_at_10_std": 0.284062,
        "nauc_precision_at_10_diff1": 0.322751,
        "nauc_precision_at_20_max": 0.507079,
        "nauc_precision_at_20_std": 0.216676,
        "nauc_precision_at_20_diff1": 0.13561,
        "nauc_precision_at_100_max": 0.352634,
        "nauc_precision_at_100_std": 0.141358,
        "nauc_precision_at_100_diff1": 0.089202,
        "nauc_precision_at_1000_max": 0.352166,
        "nauc_precision_at_1000_std": 0.209289,
        "nauc_precision_at_1000_diff1": 0.015138,
        "nauc_mrr_at_1_max": 0.202568,
        "nauc_mrr_at_1_std": -0.067357,
        "nauc_mrr_at_1_diff1": 0.426137,
        "nauc_mrr_at_3_max": 0.293092,
        "nauc_mrr_at_3_std": -0.017532,
        "nauc_mrr_at_3_diff1": 0.340415,
        "nauc_mrr_at_5_max": 0.279646,
        "nauc_mrr_at_5_std": -0.011983,
        "nauc_mrr_at_5_diff1": 0.326112,
        "nauc_mrr_at_10_max": 0.308975,
        "nauc_mrr_at_10_std": 0.014157,
        "nauc_mrr_at_10_diff1": 0.347944,
        "nauc_mrr_at_20_max": 0.290563,
        "nauc_mrr_at_20_std": -0.006302,
        "nauc_mrr_at_20_diff1": 0.334508,
        "nauc_mrr_at_100_max": 0.286985,
        "nauc_mrr_at_100_std": -0.010594,
        "nauc_mrr_at_100_diff1": 0.343336,
        "nauc_mrr_at_1000_max": 0.28697,
        "nauc_mrr_at_1000_std": -0.01048,
        "nauc_mrr_at_1000_diff1": 0.34323,
        "hit_rate_at_1": 0.33333,
        "hit_rate_at_3": 0.66667,
        "hit_rate_at_5": 0.74074,
        "hit_rate_at_10": 0.77778,
        "hit_rate_at_20": 0.88889,
        "hit_rate_at_100": 0.96296,
        "hit_rate_at_1000": 1.0,
        "main_score": 0.53853,
        "hf_subset": "default",
        "languages": [
          "eng-Latn"
        ]
      }
    ]
  },
  "evaluation_time": 69.17498922348022,
  "kg_co2_emissions": null,
  "date": 1776445673.258734
}