{
  "dataset_revision": "1840e8a5ac6ec752bbdd97d543ead0189bc7c25b",
  "task_name": "ChemHotpotQARetrieval",
  "mteb_version": "2.12.16",
  "scores": {
    "train": [
      {
        "ndcg_at_1": 0.85,
        "ndcg_at_3": 0.88972,
        "ndcg_at_5": 0.89689,
        "ndcg_at_10": 0.90613,
        "ndcg_at_20": 0.90901,
        "ndcg_at_100": 0.91014,
        "ndcg_at_1000": 0.91179,
        "map_at_1": 0.83056,
        "map_at_3": 0.87685,
        "map_at_5": 0.88102,
        "map_at_10": 0.88498,
        "map_at_20": 0.88587,
        "map_at_100": 0.88606,
        "map_at_1000": 0.88611,
        "recall_at_1": 0.83056,
        "recall_at_3": 0.91944,
        "recall_at_5": 0.93611,
        "recall_at_10": 0.96389,
        "recall_at_20": 0.975,
        "recall_at_100": 0.98056,
        "recall_at_1000": 0.99444,
        "accuracy": 0.83056,
        "precision_at_1": 0.85,
        "precision_at_3": 0.31667,
        "precision_at_5": 0.19333,
        "precision_at_10": 0.09944,
        "precision_at_20": 0.05056,
        "precision_at_100": 0.01017,
        "precision_at_1000": 0.00103,
        "mrr_at_1": 0.85,
        "mrr_at_3": 0.885185,
        "mrr_at_5": 0.889352,
        "mrr_at_10": 0.893309,
        "mrr_at_20": 0.893601,
        "mrr_at_100": 0.893793,
        "mrr_at_1000": 0.893811,
        "nauc_ndcg_at_1_max": 0.65638,
        "nauc_ndcg_at_1_std": -0.193315,
        "nauc_ndcg_at_1_diff1": 0.898037,
        "nauc_ndcg_at_3_max": 0.447959,
        "nauc_ndcg_at_3_std": -0.339166,
        "nauc_ndcg_at_3_diff1": 0.733636,
        "nauc_ndcg_at_5_max": 0.430315,
        "nauc_ndcg_at_5_std": -0.404616,
        "nauc_ndcg_at_5_diff1": 0.735855,
        "nauc_ndcg_at_10_max": 0.410961,
        "nauc_ndcg_at_10_std": -0.386675,
        "nauc_ndcg_at_10_diff1": 0.728688,
        "nauc_ndcg_at_20_max": 0.42708,
        "nauc_ndcg_at_20_std": -0.36987,
        "nauc_ndcg_at_20_diff1": 0.750116,
        "nauc_ndcg_at_100_max": 0.421314,
        "nauc_ndcg_at_100_std": -0.367345,
        "nauc_ndcg_at_100_diff1": 0.75048,
        "nauc_ndcg_at_1000_max": 0.437183,
        "nauc_ndcg_at_1000_std": -0.360549,
        "nauc_ndcg_at_1000_diff1": 0.76398,
        "nauc_map_at_1_max": 0.492294,
        "nauc_map_at_1_std": -0.285504,
        "nauc_map_at_1_diff1": 0.803796,
        "nauc_map_at_3_max": 0.462592,
        "nauc_map_at_3_std": -0.3373,
        "nauc_map_at_3_diff1": 0.731287,
        "nauc_map_at_5_max": 0.454201,
        "nauc_map_at_5_std": -0.370333,
        "nauc_map_at_5_diff1": 0.732323,
        "nauc_map_at_10_max": 0.448232,
        "nauc_map_at_10_std": -0.362836,
        "nauc_map_at_10_diff1": 0.729515,
        "nauc_map_at_20_max": 0.453682,
        "nauc_map_at_20_std": -0.357255,
        "nauc_map_at_20_diff1": 0.735968,
        "nauc_map_at_100_max": 0.452956,
        "nauc_map_at_100_std": -0.356895,
        "nauc_map_at_100_diff1": 0.735992,
        "nauc_map_at_1000_max": 0.453623,
        "nauc_map_at_1000_std": -0.356477,
        "nauc_map_at_1000_diff1": 0.736684,
        "nauc_recall_at_1_max": 0.492294,
        "nauc_recall_at_1_std": -0.285504,
        "nauc_recall_at_1_diff1": 0.803796,
        "nauc_recall_at_3_max": 0.244164,
        "nauc_recall_at_3_std": -0.453669,
        "nauc_recall_at_3_diff1": 0.58252,
        "nauc_recall_at_5_max": 0.126964,
        "nauc_recall_at_5_std": -0.721086,
        "nauc_recall_at_5_diff1": 0.551151,
        "nauc_recall_at_10_max": -0.252352,
        "nauc_recall_at_10_std": -0.828952,
        "nauc_recall_at_10_diff1": 0.35743,
        "nauc_recall_at_20_max": -0.345316,
        "nauc_recall_at_20_std": -0.838002,
        "nauc_recall_at_20_diff1": 0.476657,
        "nauc_recall_at_100_max": -0.692344,
        "nauc_recall_at_100_std": -0.916433,
        "nauc_recall_at_100_diff1": 0.406496,
        "nauc_recall_at_1000_max": -1.739963,
        "nauc_recall_at_1000_std": -1.739963,
        "nauc_recall_at_1000_diff1": 0.869281,
        "nauc_precision_at_1_max": 0.65638,
        "nauc_precision_at_1_std": -0.193315,
        "nauc_precision_at_1_diff1": 0.898037,
        "nauc_precision_at_3_max": 0.367778,
        "nauc_precision_at_3_std": -0.120012,
        "nauc_precision_at_3_diff1": 0.343781,
        "nauc_precision_at_5_max": 0.310174,
        "nauc_precision_at_5_std": -0.24232,
        "nauc_precision_at_5_diff1": 0.28028,
        "nauc_precision_at_10_max": 0.180615,
        "nauc_precision_at_10_std": -0.100789,
        "nauc_precision_at_10_diff1": 0.061753,
        "nauc_precision_at_20_max": 0.211575,
        "nauc_precision_at_20_std": 0.128645,
        "nauc_precision_at_20_diff1": 0.086647,
        "nauc_precision_at_100_max": 0.162637,
        "nauc_precision_at_100_std": 0.180145,
        "nauc_precision_at_100_diff1": 0.039357,
        "nauc_precision_at_1000_max": 0.283695,
        "nauc_precision_at_1000_std": 0.361057,
        "nauc_precision_at_1000_diff1": 0.064149,
        "nauc_mrr_at_1_max": 0.65638,
        "nauc_mrr_at_1_std": -0.193315,
        "nauc_mrr_at_1_diff1": 0.898037,
        "nauc_mrr_at_3_max": 0.576234,
        "nauc_mrr_at_3_std": -0.243865,
        "nauc_mrr_at_3_diff1": 0.856519,
        "nauc_mrr_at_5_max": 0.571686,
        "nauc_mrr_at_5_std": -0.275501,
        "nauc_mrr_at_5_diff1": 0.862485,
        "nauc_mrr_at_10_max": 0.569795,
        "nauc_mrr_at_10_std": -0.263851,
        "nauc_mrr_at_10_diff1": 0.86446,
        "nauc_mrr_at_20_max": 0.569363,
        "nauc_mrr_at_20_std": -0.264113,
        "nauc_mrr_at_20_diff1": 0.864447,
        "nauc_mrr_at_100_max": 0.568805,
        "nauc_mrr_at_100_std": -0.263556,
        "nauc_mrr_at_100_diff1": 0.864711,
        "nauc_mrr_at_1000_max": 0.568881,
        "nauc_mrr_at_1000_std": -0.263533,
        "nauc_mrr_at_1000_diff1": 0.864741,
        "hit_rate_at_1": 0.85,
        "hit_rate_at_3": 0.92778,
        "hit_rate_at_5": 0.94444,
        "hit_rate_at_10": 0.97222,
        "hit_rate_at_20": 0.97778,
        "hit_rate_at_100": 0.98333,
        "hit_rate_at_1000": 0.99444,
        "main_score": 0.90613,
        "hf_subset": "default",
        "languages": [
          "eng-Latn"
        ]
      }
    ],
    "dev": [
      {
        "ndcg_at_1": 0.875,
        "ndcg_at_3": 0.875,
        "ndcg_at_5": 0.875,
        "ndcg_at_10": 0.875,
        "ndcg_at_20": 0.90443,
        "ndcg_at_100": 0.90443,
        "ndcg_at_1000": 0.90443,
        "map_at_1": 0.875,
        "map_at_3": 0.875,
        "map_at_5": 0.875,
        "map_at_10": 0.875,
        "map_at_20": 0.88194,
        "map_at_100": 0.88194,
        "map_at_1000": 0.88194,
        "recall_at_1": 0.875,
        "recall_at_3": 0.875,
        "recall_at_5": 0.875,
        "recall_at_10": 0.875,
        "recall_at_20": 1.0,
        "recall_at_100": 1.0,
        "recall_at_1000": 1.0,
        "accuracy": 0.875,
        "precision_at_1": 0.875,
        "precision_at_3": 0.29167,
        "precision_at_5": 0.175,
        "precision_at_10": 0.0875,
        "precision_at_20": 0.05,
        "precision_at_100": 0.01,
        "precision_at_1000": 0.001,
        "mrr_at_1": 0.875,
        "mrr_at_3": 0.875,
        "mrr_at_5": 0.875,
        "mrr_at_10": 0.875,
        "mrr_at_20": 0.881944,
        "mrr_at_100": 0.881944,
        "mrr_at_1000": 0.881944,
        "nauc_ndcg_at_1_max": 1.0,
        "nauc_ndcg_at_1_std": 0.551821,
        "nauc_ndcg_at_1_diff1": 0.865546,
        "nauc_ndcg_at_3_max": 1.0,
        "nauc_ndcg_at_3_std": 0.551821,
        "nauc_ndcg_at_3_diff1": 0.865546,
        "nauc_ndcg_at_5_max": 1.0,
        "nauc_ndcg_at_5_std": 0.551821,
        "nauc_ndcg_at_5_diff1": 0.865546,
        "nauc_ndcg_at_10_max": 1.0,
        "nauc_ndcg_at_10_std": 0.551821,
        "nauc_ndcg_at_10_diff1": 0.865546,
        "nauc_ndcg_at_20_max": 1.0,
        "nauc_ndcg_at_20_std": 0.551821,
        "nauc_ndcg_at_20_diff1": 0.865546,
        "nauc_ndcg_at_100_max": 1.0,
        "nauc_ndcg_at_100_std": 0.551821,