{
  "dataset_revision": "5377aa18f309ec440ff6325a4c2cd3362c2cb8d7",
  "task_name": "ChemRxivRetrieval",
  "mteb_version": "2.12.16",
  "scores": {
    "test": [
      {
        "ndcg_at_1": 0.7664,
        "ndcg_at_3": 0.85173,
        "ndcg_at_5": 0.86385,
        "ndcg_at_10": 0.87138,
        "ndcg_at_20": 0.87536,
        "ndcg_at_100": 0.87861,
        "ndcg_at_1000": 0.8792,
        "map_at_1": 0.7664,
        "map_at_3": 0.83173,
        "map_at_5": 0.83846,
        "map_at_10": 0.84159,
        "map_at_20": 0.84272,
        "map_at_100": 0.84321,
        "map_at_1000": 0.84323,
        "recall_at_1": 0.7664,
        "recall_at_3": 0.9092,
        "recall_at_5": 0.9386,
        "recall_at_10": 0.9618,
        "recall_at_20": 0.9772,
        "recall_at_100": 0.9942,
        "recall_at_1000": 0.999,
        "accuracy": 0.7664,
        "precision_at_1": 0.7664,
        "precision_at_3": 0.30307,
        "precision_at_5": 0.18772,
        "precision_at_10": 0.09618,
        "precision_at_20": 0.04886,
        "precision_at_100": 0.00994,
        "precision_at_1000": 0.001,
        "mrr_at_1": 0.7664,
        "mrr_at_3": 0.831733,
        "mrr_at_5": 0.838463,
        "mrr_at_10": 0.841586,
        "mrr_at_20": 0.842725,
        "mrr_at_100": 0.84321,
        "mrr_at_1000": 0.84323,
        "nauc_ndcg_at_1_max": 0.433787,
        "nauc_ndcg_at_1_std": -0.239329,
        "nauc_ndcg_at_1_diff1": 0.802993,
        "nauc_ndcg_at_3_max": 0.498704,
        "nauc_ndcg_at_3_std": -0.22582,
        "nauc_ndcg_at_3_diff1": 0.778358,
        "nauc_ndcg_at_5_max": 0.498098,
        "nauc_ndcg_at_5_std": -0.217609,
        "nauc_ndcg_at_5_diff1": 0.776144,
        "nauc_ndcg_at_10_max": 0.496199,
        "nauc_ndcg_at_10_std": -0.218169,
        "nauc_ndcg_at_10_diff1": 0.781038,
        "nauc_ndcg_at_20_max": 0.489796,
        "nauc_ndcg_at_20_std": -0.218186,
        "nauc_ndcg_at_20_diff1": 0.782372,
        "nauc_ndcg_at_100_max": 0.483402,
        "nauc_ndcg_at_100_std": -0.22125,
        "nauc_ndcg_at_100_diff1": 0.784294,
        "nauc_ndcg_at_1000_max": 0.481432,
        "nauc_ndcg_at_1000_std": -0.222446,
        "nauc_ndcg_at_1000_diff1": 0.784142,
        "nauc_map_at_1_max": 0.433787,
        "nauc_map_at_1_std": -0.239329,
        "nauc_map_at_1_diff1": 0.802993,
        "nauc_map_at_3_max": 0.477927,
        "nauc_map_at_3_std": -0.230555,
        "nauc_map_at_3_diff1": 0.784742,
        "nauc_map_at_5_max": 0.47661,
        "nauc_map_at_5_std": -0.226781,
        "nauc_map_at_5_diff1": 0.783967,
        "nauc_map_at_10_max": 0.475816,
        "nauc_map_at_10_std": -0.226717,
        "nauc_map_at_10_diff1": 0.785864,
        "nauc_map_at_20_max": 0.474189,
        "nauc_map_at_20_std": -0.226833,
        "nauc_map_at_20_diff1": 0.78617,
        "nauc_map_at_100_max": 0.473331,
        "nauc_map_at_100_std": -0.227235,
        "nauc_map_at_100_diff1": 0.786366,
        "nauc_map_at_1000_max": 0.47328,
        "nauc_map_at_1000_std": -0.22726,
        "nauc_map_at_1000_diff1": 0.786359,
        "nauc_recall_at_1_max": 0.433787,
        "nauc_recall_at_1_std": -0.239329,
        "nauc_recall_at_1_diff1": 0.802993,
        "nauc_recall_at_3_max": 0.601776,
        "nauc_recall_at_3_std": -0.202036,
        "nauc_recall_at_3_diff1": 0.747777,
        "nauc_recall_at_5_max": 0.649052,
        "nauc_recall_at_5_std": -0.150377,
        "nauc_recall_at_5_diff1": 0.722134,
        "nauc_recall_at_10_max": 0.716099,
        "nauc_recall_at_10_std": -0.124144,
        "nauc_recall_at_10_diff1": 0.735194,
        "nauc_recall_at_20_max": 0.739082,
        "nauc_recall_at_20_std": -0.058987,
        "nauc_recall_at_20_diff1": 0.732174,
        "nauc_recall_at_100_max": 0.84193,
        "nauc_recall_at_100_std": 0.100937,
        "nauc_recall_at_100_diff1": 0.79378,
        "nauc_recall_at_1000_max": 0.763772,
        "nauc_recall_at_1000_std": 0.504388,
        "nauc_recall_at_1000_diff1": 0.726891,
        "nauc_precision_at_1_max": 0.433787,
        "nauc_precision_at_1_std": -0.239329,
        "nauc_precision_at_1_diff1": 0.802993,
        "nauc_precision_at_3_max": 0.601776,
        "nauc_precision_at_3_std": -0.202036,
        "nauc_precision_at_3_diff1": 0.747777,
        "nauc_precision_at_5_max": 0.649052,
        "nauc_precision_at_5_std": -0.150377,
        "nauc_precision_at_5_diff1": 0.722134,
        "nauc_precision_at_10_max": 0.716099,
        "nauc_precision_at_10_std": -0.124144,
        "nauc_precision_at_10_diff1": 0.735194,
        "nauc_precision_at_20_max": 0.739082,
        "nauc_precision_at_20_std": -0.058987,
        "nauc_precision_at_20_diff1": 0.732174,
        "nauc_precision_at_100_max": 0.84193,
        "nauc_precision_at_100_std": 0.100937,
        "nauc_precision_at_100_diff1": 0.79378,
        "nauc_precision_at_1000_max": 0.763772,
        "nauc_precision_at_1000_std": 0.504388,
        "nauc_precision_at_1000_diff1": 0.726891,
        "nauc_mrr_at_1_max": 0.433787,
        "nauc_mrr_at_1_std": -0.239329,
        "nauc_mrr_at_1_diff1": 0.802993,
        "nauc_mrr_at_3_max": 0.478061,
        "nauc_mrr_at_3_std": -0.229577,
        "nauc_mrr_at_3_diff1": 0.784742,
        "nauc_mrr_at_5_max": 0.476645,
        "nauc_mrr_at_5_std": -0.226526,
        "nauc_mrr_at_5_diff1": 0.783967,
        "nauc_mrr_at_10_max": 0.475852,
        "nauc_mrr_at_10_std": -0.226457,
        "nauc_mrr_at_10_diff1": 0.785864,
        "nauc_mrr_at_20_max": 0.474225,
        "nauc_mrr_at_20_std": -0.22657,
        "nauc_mrr_at_20_diff1": 0.78617,
        "nauc_mrr_at_100_max": 0.473368,
        "nauc_mrr_at_100_std": -0.226971,
        "nauc_mrr_at_100_diff1": 0.786366,
        "nauc_mrr_at_1000_max": 0.473316,
        "nauc_mrr_at_1000_std": -0.226997,
        "nauc_mrr_at_1000_diff1": 0.786359,
        "hit_rate_at_1": 0.7664,
        "hit_rate_at_3": 0.9092,
        "hit_rate_at_5": 0.9386,
        "hit_rate_at_10": 0.9618,
        "hit_rate_at_20": 0.9772,
        "hit_rate_at_100": 0.9942,
        "hit_rate_at_1000": 0.999,
        "main_score": 0.87138,
        "hf_subset": "default",
        "languages": [
          "eng-Latn"
        ]
      }
    ]
  },
  "evaluation_time": 512.7199811935425,
  "kg_co2_emissions": null,
  "date": 1776140996.970931
}