{
  "dataset_revision": "1840e8a5ac6ec752bbdd97d543ead0189bc7c25b",
  "task_name": "ChemHotpotQARetrieval",
  "mteb_version": "2.12.20",
  "scores": {
    "train": [
      {
        "ndcg_at_1": 0.84444,
        "ndcg_at_3": 0.88226,
        "ndcg_at_5": 0.89183,
        "ndcg_at_10": 0.90048,
        "ndcg_at_20": 0.90213,
        "ndcg_at_100": 0.90448,
        "ndcg_at_1000": 0.90614,
        "map_at_1": 0.825,
        "map_at_3": 0.86852,
        "map_at_5": 0.87407,
        "map_at_10": 0.87745,
        "map_at_20": 0.87813,
        "map_at_100": 0.87856,
        "map_at_1000": 0.87862,
        "recall_at_1": 0.825,
        "recall_at_3": 0.91389,
        "recall_at_5": 0.93611,
        "recall_at_10": 0.96389,
        "recall_at_20": 0.96944,
        "recall_at_100": 0.98056,
        "recall_at_1000": 0.99444,
        "accuracy": 0.825,
        "precision_at_1": 0.84444,
        "precision_at_3": 0.31481,
        "precision_at_5": 0.19333,
        "precision_at_10": 0.09944,
        "precision_at_20": 0.05028,
        "precision_at_100": 0.01017,
        "precision_at_1000": 0.00103,
        "mrr_at_1": 0.844444,
        "mrr_at_3": 0.877778,
        "mrr_at_5": 0.883333,
        "mrr_at_10": 0.886711,
        "mrr_at_20": 0.886711,
        "mrr_at_100": 0.887149,
        "mrr_at_1000": 0.887166,
        "nauc_ndcg_at_1_max": 0.661274,
        "nauc_ndcg_at_1_std": -0.250735,
        "nauc_ndcg_at_1_diff1": 0.894011,
        "nauc_ndcg_at_3_max": 0.479112,
        "nauc_ndcg_at_3_std": -0.373514,
        "nauc_ndcg_at_3_diff1": 0.740381,
        "nauc_ndcg_at_5_max": 0.455435,
        "nauc_ndcg_at_5_std": -0.434129,
        "nauc_ndcg_at_5_diff1": 0.737016,
        "nauc_ndcg_at_10_max": 0.438444,
        "nauc_ndcg_at_10_std": -0.434421,
        "nauc_ndcg_at_10_diff1": 0.731532,
        "nauc_ndcg_at_20_max": 0.459425,
        "nauc_ndcg_at_20_std": -0.415677,
        "nauc_ndcg_at_20_diff1": 0.754933,
        "nauc_ndcg_at_100_max": 0.450956,
        "nauc_ndcg_at_100_std": -0.410173,
        "nauc_ndcg_at_100_diff1": 0.753776,
        "nauc_ndcg_at_1000_max": 0.466622,
        "nauc_ndcg_at_1000_std": -0.404035,
        "nauc_ndcg_at_1000_diff1": 0.768202,
        "nauc_map_at_1_max": 0.501484,
        "nauc_map_at_1_std": -0.334354,
        "nauc_map_at_1_diff1": 0.800739,
        "nauc_map_at_3_max": 0.492199,
        "nauc_map_at_3_std": -0.371999,
        "nauc_map_at_3_diff1": 0.738841,
        "nauc_map_at_5_max": 0.480927,
        "nauc_map_at_5_std": -0.402328,
        "nauc_map_at_5_diff1": 0.737083,
        "nauc_map_at_10_max": 0.47638,
        "nauc_map_at_10_std": -0.402877,
        "nauc_map_at_10_diff1": 0.735566,
        "nauc_map_at_20_max": 0.483594,
        "nauc_map_at_20_std": -0.396508,
        "nauc_map_at_20_diff1": 0.743421,
        "nauc_map_at_100_max": 0.482477,
        "nauc_map_at_100_std": -0.395893,
        "nauc_map_at_100_diff1": 0.743166,
        "nauc_map_at_1000_max": 0.483212,
        "nauc_map_at_1000_std": -0.395435,
        "nauc_map_at_1000_diff1": 0.743953,
        "nauc_recall_at_1_max": 0.501484,
        "nauc_recall_at_1_std": -0.334354,
        "nauc_recall_at_1_diff1": 0.800739,
        "nauc_recall_at_3_max": 0.292928,
        "nauc_recall_at_3_std": -0.460754,
        "nauc_recall_at_3_diff1": 0.596804,
        "nauc_recall_at_5_max": 0.138331,
        "nauc_recall_at_5_std": -0.721086,
        "nauc_recall_at_5_diff1": 0.534101,
        "nauc_recall_at_10_max": -0.252352,
        "nauc_recall_at_10_std": -0.91945,
        "nauc_recall_at_10_diff1": 0.327264,
        "nauc_recall_at_20_max": -0.151218,
        "nauc_recall_at_20_std": -0.823742,
        "nauc_recall_at_20_diff1": 0.512393,
        "nauc_recall_at_100_max": -0.692344,
        "nauc_recall_at_100_std": -0.916433,
        "nauc_recall_at_100_diff1": 0.350474,
        "nauc_recall_at_1000_max": -1.739963,
        "nauc_recall_at_1000_std": -1.739963,
        "nauc_recall_at_1000_diff1": 0.869281,
        "nauc_precision_at_1_max": 0.661274,
        "nauc_precision_at_1_std": -0.250735,
        "nauc_precision_at_1_diff1": 0.894011,
        "nauc_precision_at_3_max": 0.397942,
        "nauc_precision_at_3_std": -0.141171,
        "nauc_precision_at_3_diff1": 0.371971,
        "nauc_precision_at_5_max": 0.317882,
        "nauc_precision_at_5_std": -0.24232,
        "nauc_precision_at_5_diff1": 0.276426,
        "nauc_precision_at_10_max": 0.180615,
        "nauc_precision_at_10_std": -0.149973,
        "nauc_precision_at_10_diff1": 0.056289,
        "nauc_precision_at_20_max": 0.244648,
        "nauc_precision_at_20_std": 0.071118,
        "nauc_precision_at_20_diff1": 0.133104,
        "nauc_precision_at_100_max": 0.162637,
        "nauc_precision_at_100_std": 0.180145,
        "nauc_precision_at_100_diff1": 0.034494,
        "nauc_precision_at_1000_max": 0.283695,
        "nauc_precision_at_1000_std": 0.361057,
        "nauc_precision_at_1000_diff1": 0.074068,
        "nauc_mrr_at_1_max": 0.661274,
        "nauc_mrr_at_1_std": -0.250735,
        "nauc_mrr_at_1_diff1": 0.894011,
        "nauc_mrr_at_3_max": 0.596646,
        "nauc_mrr_at_3_std": -0.296413,
        "nauc_mrr_at_3_diff1": 0.855561,
        "nauc_mrr_at_5_max": 0.589713,
        "nauc_mrr_at_5_std": -0.325182,
        "nauc_mrr_at_5_diff1": 0.859427,
        "nauc_mrr_at_10_max": 0.58819,
        "nauc_mrr_at_10_std": -0.323391,
        "nauc_mrr_at_10_diff1": 0.861575,
        "nauc_mrr_at_20_max": 0.58819,
        "nauc_mrr_at_20_std": -0.323391,
        "nauc_mrr_at_20_diff1": 0.861575,
        "nauc_mrr_at_100_max": 0.587417,
        "nauc_mrr_at_100_std": -0.322441,
        "nauc_mrr_at_100_diff1": 0.861778,
        "nauc_mrr_at_1000_max": 0.587485,
        "nauc_mrr_at_1000_std": -0.322415,
        "nauc_mrr_at_1000_diff1": 0.861825,
        "hit_rate_at_1": 0.84444,
        "hit_rate_at_3": 0.92222,
        "hit_rate_at_5": 0.94444,
        "hit_rate_at_10": 0.97222,
        "hit_rate_at_20": 0.97222,
        "hit_rate_at_100": 0.98333,
        "hit_rate_at_1000": 0.99444,
        "main_score": 0.90048,
        "hf_subset": "default",
        "languages": [
          "eng-Latn"
        ]
      }
    ],
    "dev": [
      {
        "ndcg_at_1": 0.875,
        "ndcg_at_3": 0.875,
        "ndcg_at_5": 0.875,
        "ndcg_at_10": 0.875,
        "ndcg_at_20": 0.875,
        "ndcg_at_100": 0.90303,
        "ndcg_at_1000": 0.90303,
        "map_at_1": 0.875,
        "map_at_3": 0.875,
        "map_at_5": 0.875,
        "map_at_10": 0.875,
        "map_at_20": 0.875,
        "map_at_100": 0.88095,
        "map_at_1000": 0.88095,
        "recall_at_1": 0.875,
        "recall_at_3": 0.875,
        "recall_at_5": 0.875,
        "recall_at_10": 0.875,
        "recall_at_20": 0.875,
        "recall_at_100": 1.0,
        "recall_at_1000": 1.0,
        "accuracy": 0.875,
        "precision_at_1": 0.875,
        "precision_at_3": 0.29167,
        "precision_at_5": 0.175,
        "precision_at_10": 0.0875,
        "precision_at_20": 0.04375,
        "precision_at_100": 0.01,
        "precision_at_1000": 0.001,
        "mrr_at_1": 0.875,
        "mrr_at_3": 0.875,
        "mrr_at_5": 0.875,
        "mrr_at_10": 0.875,
        "mrr_at_20": 0.875,
        "mrr_at_100": 0.880952,
        "mrr_at_1000": 0.880952,
        "nauc_ndcg_at_1_max": 1.0,
        "nauc_ndcg_at_1_std": 0.865546,
        "nauc_ndcg_at_1_diff1": 0.865546,
        "nauc_ndcg_at_3_max": 1.0,
        "nauc_ndcg_at_3_std": 0.865546,
        "nauc_ndcg_at_3_diff1": 0.865546,
        "nauc_ndcg_at_5_max": 1.0,
        "nauc_ndcg_at_5_std": 0.865546,
        "nauc_ndcg_at_5_diff1": 0.865546,
        "nauc_ndcg_at_10_max": 1.0,
        "nauc_ndcg_at_10_std": 0.865546,
        "nauc_ndcg_at_10_diff1": 0.865546,
        "nauc_ndcg_at_20_max": 1.0,
        "nauc_ndcg_at_20_std": 0.865546,
        "nauc_ndcg_at_20_diff1": 0.865546,
        "nauc_ndcg_at_100_max": 1.0,
        "nauc_ndcg_at_100_std": 0.865546,