{
  "dataset_revision": "1840e8a5ac6ec752bbdd97d543ead0189bc7c25b",
  "task_name": "ChemHotpotQARetrieval",
  "mteb_version": "2.12.16",
  "scores": {
    "train": [
      {
        "ndcg_at_1": 0.83333,
        "ndcg_at_3": 0.86868,
        "ndcg_at_5": 0.88016,
        "ndcg_at_10": 0.88717,
        "ndcg_at_20": 0.88985,
        "ndcg_at_100": 0.89298,
        "ndcg_at_1000": 0.89507,
        "map_at_1": 0.81389,
        "map_at_3": 0.85463,
        "map_at_5": 0.86102,
        "map_at_10": 0.8638,
        "map_at_20": 0.86446,
        "map_at_100": 0.86518,
        "map_at_1000": 0.86525,
        "recall_at_1": 0.81389,
        "recall_at_3": 0.90278,
        "recall_at_5": 0.93056,
        "recall_at_10": 0.95278,
        "recall_at_20": 0.96389,
        "recall_at_100": 0.97778,
        "recall_at_1000": 0.99444,
        "accuracy": 0.81389,
        "precision_at_1": 0.83333,
        "precision_at_3": 0.31111,
        "precision_at_5": 0.19222,
        "precision_at_10": 0.09833,
        "precision_at_20": 0.04972,
        "precision_at_100": 0.01017,
        "precision_at_1000": 0.00103,
        "mrr_at_1": 0.833333,
        "mrr_at_3": 0.862963,
        "mrr_at_5": 0.869352,
        "mrr_at_10": 0.87213,
        "mrr_at_20": 0.872792,
        "mrr_at_100": 0.872978,
        "mrr_at_1000": 0.873055,
        "nauc_ndcg_at_1_max": 0.584926,
        "nauc_ndcg_at_1_std": -0.232282,
        "nauc_ndcg_at_1_diff1": 0.896059,
        "nauc_ndcg_at_3_max": 0.470562,
        "nauc_ndcg_at_3_std": -0.355716,
        "nauc_ndcg_at_3_diff1": 0.774086,
        "nauc_ndcg_at_5_max": 0.442059,
        "nauc_ndcg_at_5_std": -0.359671,
        "nauc_ndcg_at_5_diff1": 0.768097,
        "nauc_ndcg_at_10_max": 0.442237,
        "nauc_ndcg_at_10_std": -0.351215,
        "nauc_ndcg_at_10_diff1": 0.761794,
        "nauc_ndcg_at_20_max": 0.431395,
        "nauc_ndcg_at_20_std": -0.342855,
        "nauc_ndcg_at_20_diff1": 0.761004,
        "nauc_ndcg_at_100_max": 0.45663,
        "nauc_ndcg_at_100_std": -0.307529,
        "nauc_ndcg_at_100_diff1": 0.792441,
        "nauc_ndcg_at_1000_max": 0.454859,
        "nauc_ndcg_at_1000_std": -0.308719,
        "nauc_ndcg_at_1000_diff1": 0.790037,
        "nauc_map_at_1_max": 0.457541,
        "nauc_map_at_1_std": -0.304433,
        "nauc_map_at_1_diff1": 0.808562,
        "nauc_map_at_3_max": 0.470285,
        "nauc_map_at_3_std": -0.335255,
        "nauc_map_at_3_diff1": 0.765827,
        "nauc_map_at_5_max": 0.45672,
        "nauc_map_at_5_std": -0.333756,
        "nauc_map_at_5_diff1": 0.762284,
        "nauc_map_at_10_max": 0.457092,
        "nauc_map_at_10_std": -0.330413,
        "nauc_map_at_10_diff1": 0.760081,
        "nauc_map_at_20_max": 0.454977,
        "nauc_map_at_20_std": -0.328417,
        "nauc_map_at_20_diff1": 0.759942,
        "nauc_map_at_100_max": 0.4602,
        "nauc_map_at_100_std": -0.322403,
        "nauc_map_at_100_diff1": 0.766301,
        "nauc_map_at_1000_max": 0.460032,
        "nauc_map_at_1000_std": -0.322325,
        "nauc_map_at_1000_diff1": 0.766205,
        "nauc_recall_at_1_max": 0.457541,
        "nauc_recall_at_1_std": -0.304433,
        "nauc_recall_at_1_diff1": 0.808562,
        "nauc_recall_at_3_max": 0.348895,
        "nauc_recall_at_3_std": -0.523644,
        "nauc_recall_at_3_diff1": 0.665323,
        "nauc_recall_at_5_max": 0.182428,
        "nauc_recall_at_5_std": -0.6231,
        "nauc_recall_at_5_diff1": 0.596321,
        "nauc_recall_at_10_max": 0.061542,
        "nauc_recall_at_10_std": -0.685753,
        "nauc_recall_at_10_diff1": 0.469792,
        "nauc_recall_at_20_max": -0.186993,
        "nauc_recall_at_20_std": -0.693205,
        "nauc_recall_at_20_diff1": 0.369497,
        "nauc_recall_at_100_max": -0.064776,
        "nauc_recall_at_100_std": -0.186041,
        "nauc_recall_at_100_diff1": 0.770075,
        "nauc_recall_at_1000_max": -1.739963,
        "nauc_recall_at_1000_std": -0.171335,
        "nauc_recall_at_1000_diff1": 0.358077,
        "nauc_precision_at_1_max": 0.584926,
        "nauc_precision_at_1_std": -0.232282,
        "nauc_precision_at_1_diff1": 0.896059,
        "nauc_precision_at_3_max": 0.388979,
        "nauc_precision_at_3_std": -0.228264,
        "nauc_precision_at_3_diff1": 0.439691,
        "nauc_precision_at_5_max": 0.285547,
        "nauc_precision_at_5_std": -0.217156,
        "nauc_precision_at_5_diff1": 0.331271,
        "nauc_precision_at_10_max": 0.241489,
        "nauc_precision_at_10_std": -0.138987,
        "nauc_precision_at_10_diff1": 0.178282,
        "nauc_precision_at_20_max": 0.136506,
        "nauc_precision_at_20_std": -0.051604,
        "nauc_precision_at_20_diff1": 0.075025,
        "nauc_precision_at_100_max": 0.263756,
        "nauc_precision_at_100_std": 0.319301,
        "nauc_precision_at_100_diff1": 0.201143,
        "nauc_precision_at_1000_max": 0.211434,
        "nauc_precision_at_1000_std": 0.435443,
        "nauc_precision_at_1000_diff1": 0.040381,
        "nauc_mrr_at_1_max": 0.584926,
        "nauc_mrr_at_1_std": -0.232282,
        "nauc_mrr_at_1_diff1": 0.896059,
        "nauc_mrr_at_3_max": 0.566952,
        "nauc_mrr_at_3_std": -0.268418,
        "nauc_mrr_at_3_diff1": 0.878748,
        "nauc_mrr_at_5_max": 0.557531,
        "nauc_mrr_at_5_std": -0.263425,
        "nauc_mrr_at_5_diff1": 0.880757,
        "nauc_mrr_at_10_max": 0.560211,
        "nauc_mrr_at_10_std": -0.25829,
        "nauc_mrr_at_10_diff1": 0.88111,
        "nauc_mrr_at_20_max": 0.55853,
        "nauc_mrr_at_20_std": -0.255784,
        "nauc_mrr_at_20_diff1": 0.881621,
        "nauc_mrr_at_100_max": 0.558281,
        "nauc_mrr_at_100_std": -0.253526,
        "nauc_mrr_at_100_diff1": 0.881441,
        "nauc_mrr_at_1000_max": 0.558166,
        "nauc_mrr_at_1000_std": -0.253399,
        "nauc_mrr_at_1000_diff1": 0.881413,
        "hit_rate_at_1": 0.83333,
        "hit_rate_at_3": 0.91111,
        "hit_rate_at_5": 0.93889,
        "hit_rate_at_10": 0.96111,
        "hit_rate_at_20": 0.97222,
        "hit_rate_at_100": 0.97778,
        "hit_rate_at_1000": 0.99444,
        "main_score": 0.88717,
        "hf_subset": "default",
        "languages": [
          "eng-Latn"
        ]
      }
    ],
    "dev": [
      {
        "ndcg_at_1": 0.875,
        "ndcg_at_3": 0.875,
        "ndcg_at_5": 0.875,
        "ndcg_at_10": 0.875,
        "ndcg_at_20": 0.875,
        "ndcg_at_100": 0.89591,
        "ndcg_at_1000": 0.89591,
        "map_at_1": 0.875,
        "map_at_3": 0.875,
        "map_at_5": 0.875,
        "map_at_10": 0.875,
        "map_at_20": 0.875,
        "map_at_100": 0.87702,
        "map_at_1000": 0.87702,
        "recall_at_1": 0.875,
        "recall_at_3": 0.875,
        "recall_at_5": 0.875,
        "recall_at_10": 0.875,
        "recall_at_20": 0.875,
        "recall_at_100": 1.0,
        "recall_at_1000": 1.0,
        "accuracy": 0.875,
        "precision_at_1": 0.875,
        "precision_at_3": 0.29167,
        "precision_at_5": 0.175,
        "precision_at_10": 0.0875,
        "precision_at_20": 0.04375,
        "precision_at_100": 0.01,
        "precision_at_1000": 0.001,
        "mrr_at_1": 0.875,
        "mrr_at_3": 0.875,
        "mrr_at_5": 0.875,
        "mrr_at_10": 0.875,
        "mrr_at_20": 0.875,
        "mrr_at_100": 0.877016,
        "mrr_at_1000": 0.877016,
        "nauc_ndcg_at_1_max": 0.865546,
        "nauc_ndcg_at_1_std": 0.865546,
        "nauc_ndcg_at_1_diff1": 0.865546,
        "nauc_ndcg_at_3_max": 0.865546,
        "nauc_ndcg_at_3_std": 0.865546,
        "nauc_ndcg_at_3_diff1": 0.865546,
        "nauc_ndcg_at_5_max": 0.865546,
        "nauc_ndcg_at_5_std": 0.865546,
        "nauc_ndcg_at_5_diff1": 0.865546,
        "nauc_ndcg_at_10_max": 0.865546,
        "nauc_ndcg_at_10_std": 0.865546,
        "nauc_ndcg_at_10_diff1": 0.865546,
        "nauc_ndcg_at_20_max": 0.865546,
        "nauc_ndcg_at_20_std": 0.865546,
        "nauc_ndcg_at_20_diff1": 0.865546,
        "nauc_ndcg_at_100_max": 0.865546,