{
  "dataset_revision": "5d958fb6b31055495347724d46431ba41309b03a",
  "task_name": "ChemNQRetrieval",
  "mteb_version": "2.12.20",
  "scores": {
    "test": [
      {
        "ndcg_at_1": 0.44444,
        "ndcg_at_3": 0.51716,
        "ndcg_at_5": 0.57218,
        "ndcg_at_10": 0.5871,
        "ndcg_at_20": 0.61635,
        "ndcg_at_100": 0.63314,
        "ndcg_at_1000": 0.63939,
        "map_at_1": 0.32716,
        "map_at_3": 0.46914,
        "map_at_5": 0.50247,
        "map_at_10": 0.50967,
        "map_at_20": 0.51952,
        "map_at_100": 0.52183,
        "map_at_1000": 0.52208,
        "recall_at_1": 0.32716,
        "recall_at_3": 0.58642,
        "recall_at_5": 0.71605,
        "recall_at_10": 0.75309,
        "recall_at_20": 0.8642,
        "recall_at_100": 0.95062,
        "recall_at_1000": 1.0,
        "accuracy": 0.32716,
        "precision_at_1": 0.44444,
        "precision_at_3": 0.24691,
        "precision_at_5": 0.17778,
        "precision_at_10": 0.0963,
        "precision_at_20": 0.05556,
        "precision_at_100": 0.01222,
        "precision_at_1000": 0.0013,
        "mrr_at_1": 0.444444,
        "mrr_at_3": 0.549383,
        "mrr_at_5": 0.575309,
        "mrr_at_10": 0.581481,
        "mrr_at_20": 0.585391,
        "mrr_at_100": 0.587367,
        "mrr_at_1000": 0.587425,
        "nauc_ndcg_at_1_max": 0.309428,
        "nauc_ndcg_at_1_std": -0.074636,
        "nauc_ndcg_at_1_diff1": 0.380806,
        "nauc_ndcg_at_3_max": 0.135773,
        "nauc_ndcg_at_3_std": -0.235832,
        "nauc_ndcg_at_3_diff1": 0.376098,
        "nauc_ndcg_at_5_max": 0.24505,
        "nauc_ndcg_at_5_std": -0.168536,
        "nauc_ndcg_at_5_diff1": 0.363243,
        "nauc_ndcg_at_10_max": 0.286739,
        "nauc_ndcg_at_10_std": -0.078724,
        "nauc_ndcg_at_10_diff1": 0.445005,
        "nauc_ndcg_at_20_max": 0.284908,
        "nauc_ndcg_at_20_std": -0.062639,
        "nauc_ndcg_at_20_diff1": 0.454813,
        "nauc_ndcg_at_100_max": 0.247223,
        "nauc_ndcg_at_100_std": -0.112432,
        "nauc_ndcg_at_100_diff1": 0.442004,
        "nauc_ndcg_at_1000_max": 0.25708,
        "nauc_ndcg_at_1000_std": -0.106324,
        "nauc_ndcg_at_1000_diff1": 0.431441,
        "nauc_map_at_1_max": 0.126706,
        "nauc_map_at_1_std": -0.100665,
        "nauc_map_at_1_diff1": 0.360624,
        "nauc_map_at_3_max": 0.117505,
        "nauc_map_at_3_std": -0.232446,
        "nauc_map_at_3_diff1": 0.399234,
        "nauc_map_at_5_max": 0.184223,
        "nauc_map_at_5_std": -0.194445,
        "nauc_map_at_5_diff1": 0.388809,
        "nauc_map_at_10_max": 0.201339,
        "nauc_map_at_10_std": -0.155727,
        "nauc_map_at_10_diff1": 0.424919,
        "nauc_map_at_20_max": 0.210404,
        "nauc_map_at_20_std": -0.145007,
        "nauc_map_at_20_diff1": 0.425668,
        "nauc_map_at_100_max": 0.205771,
        "nauc_map_at_100_std": -0.151029,
        "nauc_map_at_100_diff1": 0.424453,
        "nauc_map_at_1000_max": 0.205644,
        "nauc_map_at_1000_std": -0.151071,
        "nauc_map_at_1000_diff1": 0.42426,
        "nauc_recall_at_1_max": 0.126706,
        "nauc_recall_at_1_std": -0.100665,
        "nauc_recall_at_1_diff1": 0.360624,
        "nauc_recall_at_3_max": 0.019353,
        "nauc_recall_at_3_std": -0.318522,
        "nauc_recall_at_3_diff1": 0.320617,
        "nauc_recall_at_5_max": 0.282648,
        "nauc_recall_at_5_std": -0.150109,
        "nauc_recall_at_5_diff1": 0.271138,
        "nauc_recall_at_10_max": 0.409471,
        "nauc_recall_at_10_std": 0.126172,
        "nauc_recall_at_10_diff1": 0.503661,
        "nauc_recall_at_20_max": 0.425147,
        "nauc_recall_at_20_std": 0.295919,
        "nauc_recall_at_20_diff1": 0.725434,
        "nauc_recall_at_100_max": -0.290447,
        "nauc_recall_at_100_std": -0.401166,
        "nauc_recall_at_100_diff1": 0.839387,
        "nauc_recall_at_1000_max": NaN,
        "nauc_recall_at_1000_std": NaN,
        "nauc_recall_at_1000_diff1": NaN,
        "nauc_precision_at_1_max": 0.309428,
        "nauc_precision_at_1_std": -0.074636,
        "nauc_precision_at_1_diff1": 0.380806,
        "nauc_precision_at_3_max": 0.225738,
        "nauc_precision_at_3_std": -0.296537,
        "nauc_precision_at_3_diff1": 0.378799,
        "nauc_precision_at_5_max": 0.471706,
        "nauc_precision_at_5_std": -0.116888,
        "nauc_precision_at_5_diff1": 0.274946,
        "nauc_precision_at_10_max": 0.553877,
        "nauc_precision_at_10_std": 0.199674,
        "nauc_precision_at_10_diff1": 0.479566,
        "nauc_precision_at_20_max": 0.555679,
        "nauc_precision_at_20_std": 0.288083,
        "nauc_precision_at_20_diff1": 0.445039,
        "nauc_precision_at_100_max": 0.40361,
        "nauc_precision_at_100_std": 0.159354,
        "nauc_precision_at_100_diff1": 0.334546,
        "nauc_precision_at_1000_max": 0.37687,
        "nauc_precision_at_1000_std": 0.191886,
        "nauc_precision_at_1000_diff1": 0.181914,
        "nauc_mrr_at_1_max": 0.309428,
        "nauc_mrr_at_1_std": -0.074636,
        "nauc_mrr_at_1_diff1": 0.380806,
        "nauc_mrr_at_3_max": 0.283082,
        "nauc_mrr_at_3_std": -0.125901,
        "nauc_mrr_at_3_diff1": 0.338247,
        "nauc_mrr_at_5_max": 0.31682,
        "nauc_mrr_at_5_std": -0.097149,
        "nauc_mrr_at_5_diff1": 0.339684,
        "nauc_mrr_at_10_max": 0.333281,
        "nauc_mrr_at_10_std": -0.062923,
        "nauc_mrr_at_10_diff1": 0.369528,
        "nauc_mrr_at_20_max": 0.324757,
        "nauc_mrr_at_20_std": -0.066396,
        "nauc_mrr_at_20_diff1": 0.37039,
        "nauc_mrr_at_100_max": 0.321435,
        "nauc_mrr_at_100_std": -0.071612,
        "nauc_mrr_at_100_diff1": 0.368956,
        "nauc_mrr_at_1000_max": 0.321612,
        "nauc_mrr_at_1000_std": -0.071513,
        "nauc_mrr_at_1000_diff1": 0.368831,
        "hit_rate_at_1": 0.44444,
        "hit_rate_at_3": 0.66667,
        "hit_rate_at_5": 0.77778,
        "hit_rate_at_10": 0.81481,
        "hit_rate_at_20": 0.88889,
        "hit_rate_at_100": 0.96296,
        "hit_rate_at_1000": 1.0,
        "main_score": 0.5871,
        "hf_subset": "default",
        "languages": [
          "eng-Latn"
        ]
      }
    ]
  },
  "evaluation_time": 70.063636302948,
  "kg_co2_emissions": null,
  "date": 1776405994.285841
}