{
  "dataset_revision": "5d958fb6b31055495347724d46431ba41309b03a",
  "task_name": "ChemNQRetrieval",
  "mteb_version": "2.12.16",
  "scores": {
    "test": [
      {
        "ndcg_at_1": 0.48148,
        "ndcg_at_3": 0.54935,
        "ndcg_at_5": 0.58679,
        "ndcg_at_10": 0.60809,
        "ndcg_at_20": 0.63085,
        "ndcg_at_100": 0.6483,
        "ndcg_at_1000": 0.65465,
        "map_at_1": 0.3642,
        "map_at_3": 0.5,
        "map_at_5": 0.52222,
        "map_at_10": 0.5332,
        "map_at_20": 0.53941,
        "map_at_100": 0.54208,
        "map_at_1000": 0.54237,
        "recall_at_1": 0.3642,
        "recall_at_3": 0.62346,
        "recall_at_5": 0.71605,
        "recall_at_10": 0.7716,
        "recall_at_20": 0.8642,
        "recall_at_100": 0.95062,
        "recall_at_1000": 1.0,
        "accuracy": 0.3642,
        "precision_at_1": 0.48148,
        "precision_at_3": 0.25926,
        "precision_at_5": 0.17778,
        "precision_at_10": 0.1,
        "precision_at_20": 0.05556,
        "precision_at_100": 0.01222,
        "precision_at_1000": 0.0013,
        "mrr_at_1": 0.481481,
        "mrr_at_3": 0.580247,
        "mrr_at_5": 0.595062,
        "mrr_at_10": 0.600353,
        "mrr_at_20": 0.604383,
        "mrr_at_100": 0.606616,
        "mrr_at_1000": 0.606674,
        "nauc_ndcg_at_1_max": 0.230079,
        "nauc_ndcg_at_1_std": -0.066666,
        "nauc_ndcg_at_1_diff1": 0.307931,
        "nauc_ndcg_at_3_max": 0.113783,
        "nauc_ndcg_at_3_std": -0.187492,
        "nauc_ndcg_at_3_diff1": 0.427842,
        "nauc_ndcg_at_5_max": 0.200597,
        "nauc_ndcg_at_5_std": -0.149442,
        "nauc_ndcg_at_5_diff1": 0.355732,
        "nauc_ndcg_at_10_max": 0.280945,
        "nauc_ndcg_at_10_std": -0.018601,
        "nauc_ndcg_at_10_diff1": 0.438427,
        "nauc_ndcg_at_20_max": 0.238703,
        "nauc_ndcg_at_20_std": -0.040888,
        "nauc_ndcg_at_20_diff1": 0.422733,
        "nauc_ndcg_at_100_max": 0.201702,
        "nauc_ndcg_at_100_std": -0.091237,
        "nauc_ndcg_at_100_diff1": 0.41785,
        "nauc_ndcg_at_1000_max": 0.210306,
        "nauc_ndcg_at_1000_std": -0.084751,
        "nauc_ndcg_at_1000_diff1": 0.411445,
        "nauc_map_at_1_max": 0.047573,
        "nauc_map_at_1_std": -0.088914,
        "nauc_map_at_1_diff1": 0.275448,
        "nauc_map_at_3_max": 0.078615,
        "nauc_map_at_3_std": -0.195924,
        "nauc_map_at_3_diff1": 0.400307,
        "nauc_map_at_5_max": 0.134992,
        "nauc_map_at_5_std": -0.172239,
        "nauc_map_at_5_diff1": 0.357317,
        "nauc_map_at_10_max": 0.172345,
        "nauc_map_at_10_std": -0.111401,
        "nauc_map_at_10_diff1": 0.394213,
        "nauc_map_at_20_max": 0.163051,
        "nauc_map_at_20_std": -0.118419,
        "nauc_map_at_20_diff1": 0.390902,
        "nauc_map_at_100_max": 0.158083,
        "nauc_map_at_100_std": -0.125101,
        "nauc_map_at_100_diff1": 0.390567,
        "nauc_map_at_1000_max": 0.157853,
        "nauc_map_at_1000_std": -0.12516,
        "nauc_map_at_1000_diff1": 0.390556,
        "nauc_recall_at_1_max": 0.047573,
        "nauc_recall_at_1_std": -0.088914,
        "nauc_recall_at_1_diff1": 0.275448,
        "nauc_recall_at_3_max": 0.042373,
        "nauc_recall_at_3_std": -0.24042,
        "nauc_recall_at_3_diff1": 0.492857,
        "nauc_recall_at_5_max": 0.257242,
        "nauc_recall_at_5_std": -0.150109,
        "nauc_recall_at_5_diff1": 0.308552,
        "nauc_recall_at_10_max": 0.561747,
        "nauc_recall_at_10_std": 0.29005,
        "nauc_recall_at_10_diff1": 0.59617,
        "nauc_recall_at_20_max": 0.378427,
        "nauc_recall_at_20_std": 0.295919,
        "nauc_recall_at_20_diff1": 0.574644,
        "nauc_recall_at_100_max": -0.290447,
        "nauc_recall_at_100_std": -0.401166,
        "nauc_recall_at_100_diff1": 0.679037,
        "nauc_recall_at_1000_max": NaN,
        "nauc_recall_at_1000_std": NaN,
        "nauc_recall_at_1000_diff1": NaN,
        "nauc_precision_at_1_max": 0.230079,
        "nauc_precision_at_1_std": -0.066666,
        "nauc_precision_at_1_diff1": 0.307931,
        "nauc_precision_at_3_max": 0.235619,
        "nauc_precision_at_3_std": -0.238129,
        "nauc_precision_at_3_diff1": 0.488099,
        "nauc_precision_at_5_max": 0.437433,
        "nauc_precision_at_5_std": -0.116888,
        "nauc_precision_at_5_diff1": 0.261187,
        "nauc_precision_at_10_max": 0.610705,
        "nauc_precision_at_10_std": 0.32069,
        "nauc_precision_at_10_diff1": 0.435036,
        "nauc_precision_at_20_max": 0.523027,
        "nauc_precision_at_20_std": 0.288083,
        "nauc_precision_at_20_diff1": 0.374665,
        "nauc_precision_at_100_max": 0.383296,
        "nauc_precision_at_100_std": 0.159354,
        "nauc_precision_at_100_diff1": 0.303897,
        "nauc_precision_at_1000_max": 0.357981,
        "nauc_precision_at_1000_std": 0.191886,
        "nauc_precision_at_1000_diff1": 0.189255,
        "nauc_mrr_at_1_max": 0.230079,
        "nauc_mrr_at_1_std": -0.066666,
        "nauc_mrr_at_1_diff1": 0.307931,
        "nauc_mrr_at_3_max": 0.250793,
        "nauc_mrr_at_3_std": -0.090168,
        "nauc_mrr_at_3_diff1": 0.370831,
        "nauc_mrr_at_5_max": 0.271534,
        "nauc_mrr_at_5_std": -0.077406,
        "nauc_mrr_at_5_diff1": 0.345874,
        "nauc_mrr_at_10_max": 0.28515,
        "nauc_mrr_at_10_std": -0.047636,
        "nauc_mrr_at_10_diff1": 0.371691,
        "nauc_mrr_at_20_max": 0.275709,
        "nauc_mrr_at_20_std": -0.051202,
        "nauc_mrr_at_20_diff1": 0.366473,
        "nauc_mrr_at_100_max": 0.272268,
        "nauc_mrr_at_100_std": -0.057133,
        "nauc_mrr_at_100_diff1": 0.365797,
        "nauc_mrr_at_1000_max": 0.272433,
        "nauc_mrr_at_1000_std": -0.057032,
        "nauc_mrr_at_1000_diff1": 0.365699,
        "hit_rate_at_1": 0.48148,
        "hit_rate_at_3": 0.7037,
        "hit_rate_at_5": 0.77778,
        "hit_rate_at_10": 0.81481,
        "hit_rate_at_20": 0.88889,
        "hit_rate_at_100": 0.96296,
        "hit_rate_at_1000": 1.0,
        "main_score": 0.60809,
        "hf_subset": "default",
        "languages": [
          "eng-Latn"
        ]
      }
    ]
  },
  "evaluation_time": 73.34219574928284,
  "kg_co2_emissions": null,
  "date": 1776137515.673022
}