{
  "dataset_revision": "5377aa18f309ec440ff6325a4c2cd3362c2cb8d7",
  "task_name": "ChemRxivRetrieval",
  "mteb_version": "2.12.20",
  "scores": {
    "test": [
      {
        "ndcg_at_1": 0.8192,
        "ndcg_at_3": 0.88766,
        "ndcg_at_5": 0.89721,
        "ndcg_at_10": 0.90294,
        "ndcg_at_20": 0.90615,
        "ndcg_at_100": 0.90791,
        "ndcg_at_1000": 0.90847,
        "map_at_1": 0.8192,
        "map_at_3": 0.8716,
        "map_at_5": 0.87695,
        "map_at_10": 0.87938,
        "map_at_20": 0.88029,
        "map_at_100": 0.88056,
        "map_at_1000": 0.88058,
        "recall_at_1": 0.8192,
        "recall_at_3": 0.9338,
        "recall_at_5": 0.9568,
        "recall_at_10": 0.9742,
        "recall_at_20": 0.9866,
        "recall_at_100": 0.9958,
        "recall_at_1000": 1.0,
        "accuracy": 0.8192,
        "precision_at_1": 0.8192,
        "precision_at_3": 0.31127,
        "precision_at_5": 0.19136,
        "precision_at_10": 0.09742,
        "precision_at_20": 0.04933,
        "precision_at_100": 0.00996,
        "precision_at_1000": 0.001,
        "mrr_at_1": 0.8192,
        "mrr_at_3": 0.871533,
        "mrr_at_5": 0.876973,
        "mrr_at_10": 0.879367,
        "mrr_at_20": 0.880283,
        "mrr_at_100": 0.88055,
        "mrr_at_1000": 0.880575,
        "nauc_ndcg_at_1_max": 0.509959,
        "nauc_ndcg_at_1_std": -0.264989,
        "nauc_ndcg_at_1_diff1": 0.831265,
        "nauc_ndcg_at_3_max": 0.568458,
        "nauc_ndcg_at_3_std": -0.268838,
        "nauc_ndcg_at_3_diff1": 0.80854,
        "nauc_ndcg_at_5_max": 0.565006,
        "nauc_ndcg_at_5_std": -0.270016,
        "nauc_ndcg_at_5_diff1": 0.811432,
        "nauc_ndcg_at_10_max": 0.563402,
        "nauc_ndcg_at_10_std": -0.26213,
        "nauc_ndcg_at_10_diff1": 0.813691,
        "nauc_ndcg_at_20_max": 0.559135,
        "nauc_ndcg_at_20_std": -0.261091,
        "nauc_ndcg_at_20_diff1": 0.815803,
        "nauc_ndcg_at_100_max": 0.553631,
        "nauc_ndcg_at_100_std": -0.261367,
        "nauc_ndcg_at_100_diff1": 0.815318,
        "nauc_ndcg_at_1000_max": 0.551416,
        "nauc_ndcg_at_1000_std": -0.263755,
        "nauc_ndcg_at_1000_diff1": 0.815923,
        "nauc_map_at_1_max": 0.509959,
        "nauc_map_at_1_std": -0.264989,
        "nauc_map_at_1_diff1": 0.831265,
        "nauc_map_at_3_max": 0.549795,
        "nauc_map_at_3_std": -0.268554,
        "nauc_map_at_3_diff1": 0.814499,
        "nauc_map_at_5_max": 0.547413,
        "nauc_map_at_5_std": -0.2689,
        "nauc_map_at_5_diff1": 0.816169,
        "nauc_map_at_10_max": 0.546509,
        "nauc_map_at_10_std": -0.266096,
        "nauc_map_at_10_diff1": 0.817051,
        "nauc_map_at_20_max": 0.54547,
        "nauc_map_at_20_std": -0.265788,
        "nauc_map_at_20_diff1": 0.817545,
        "nauc_map_at_100_max": 0.544792,
        "nauc_map_at_100_std": -0.265757,
        "nauc_map_at_100_diff1": 0.817467,
        "nauc_map_at_1000_max": 0.544716,
        "nauc_map_at_1000_std": -0.265819,
        "nauc_map_at_1000_diff1": 0.817489,
        "nauc_recall_at_1_max": 0.509959,
        "nauc_recall_at_1_std": -0.264989,
        "nauc_recall_at_1_diff1": 0.831265,
        "nauc_recall_at_3_max": 0.66797,
        "nauc_recall_at_3_std": -0.269594,
        "nauc_recall_at_3_diff1": 0.7778,
        "nauc_recall_at_5_max": 0.700937,
        "nauc_recall_at_5_std": -0.278688,
        "nauc_recall_at_5_diff1": 0.776926,
        "nauc_recall_at_10_max": 0.774731,
        "nauc_recall_at_10_std": -0.199795,
        "nauc_recall_at_10_diff1": 0.778111,
        "nauc_recall_at_20_max": 0.85623,
        "nauc_recall_at_20_std": -0.121605,
        "nauc_recall_at_20_diff1": 0.800549,
        "nauc_recall_at_100_max": 0.89996,
        "nauc_recall_at_100_std": 0.129763,
        "nauc_recall_at_100_diff1": 0.720666,
        "nauc_recall_at_1000_max": NaN,
        "nauc_recall_at_1000_std": NaN,
        "nauc_recall_at_1000_diff1": NaN,
        "nauc_precision_at_1_max": 0.509959,
        "nauc_precision_at_1_std": -0.264989,
        "nauc_precision_at_1_diff1": 0.831265,
        "nauc_precision_at_3_max": 0.66797,
        "nauc_precision_at_3_std": -0.269594,
        "nauc_precision_at_3_diff1": 0.7778,
        "nauc_precision_at_5_max": 0.700937,
        "nauc_precision_at_5_std": -0.278688,
        "nauc_precision_at_5_diff1": 0.776926,
        "nauc_precision_at_10_max": 0.774731,
        "nauc_precision_at_10_std": -0.199795,
        "nauc_precision_at_10_diff1": 0.778111,
        "nauc_precision_at_20_max": 0.85623,
        "nauc_precision_at_20_std": -0.121605,
        "nauc_precision_at_20_diff1": 0.800549,
        "nauc_precision_at_100_max": 0.89996,
        "nauc_precision_at_100_std": 0.129763,
        "nauc_precision_at_100_diff1": 0.720666,
        "nauc_precision_at_1000_max": 1.0,
        "nauc_precision_at_1000_std": 1.0,
        "nauc_precision_at_1000_diff1": 1.0,
        "nauc_mrr_at_1_max": 0.509959,
        "nauc_mrr_at_1_std": -0.264989,
        "nauc_mrr_at_1_diff1": 0.831265,
        "nauc_mrr_at_3_max": 0.549691,
        "nauc_mrr_at_3_std": -0.269032,
        "nauc_mrr_at_3_diff1": 0.8146,
        "nauc_mrr_at_5_max": 0.547326,
        "nauc_mrr_at_5_std": -0.269238,
        "nauc_mrr_at_5_diff1": 0.816351,
        "nauc_mrr_at_10_max": 0.546472,
        "nauc_mrr_at_10_std": -0.266261,
        "nauc_mrr_at_10_diff1": 0.817104,
        "nauc_mrr_at_20_max": 0.545432,
        "nauc_mrr_at_20_std": -0.265954,
        "nauc_mrr_at_20_diff1": 0.817598,
        "nauc_mrr_at_100_max": 0.544754,
        "nauc_mrr_at_100_std": -0.265923,
        "nauc_mrr_at_100_diff1": 0.817521,
        "nauc_mrr_at_1000_max": 0.544678,
        "nauc_mrr_at_1000_std": -0.265984,
        "nauc_mrr_at_1000_diff1": 0.817542,
        "hit_rate_at_1": 0.8192,
        "hit_rate_at_3": 0.9338,
        "hit_rate_at_5": 0.9568,
        "hit_rate_at_10": 0.9742,
        "hit_rate_at_20": 0.9866,
        "hit_rate_at_100": 0.9958,
        "hit_rate_at_1000": 1.0,
        "main_score": 0.90294,
        "hf_subset": "default",
        "languages": [
          "eng-Latn"
        ]
      }
    ]
  },
  "evaluation_time": 470.69306445121765,
  "kg_co2_emissions": null,
  "date": 1776406582.744555
}