{
  "dataset_revision": "5377aa18f309ec440ff6325a4c2cd3362c2cb8d7",
  "task_name": "ChemRxivRetrieval",
  "mteb_version": "2.12.16",
  "scores": {
    "test": [
      {
        "ndcg_at_1": 0.7798,
        "ndcg_at_3": 0.85893,
        "ndcg_at_5": 0.87073,
        "ndcg_at_10": 0.87833,
        "ndcg_at_20": 0.88261,
        "ndcg_at_100": 0.88505,
        "ndcg_at_1000": 0.88576,
        "map_at_1": 0.7798,
        "map_at_3": 0.84033,
        "map_at_5": 0.84689,
        "map_at_10": 0.85009,
        "map_at_20": 0.85128,
        "map_at_100": 0.85163,
        "map_at_1000": 0.85165,
        "recall_at_1": 0.7798,
        "recall_at_3": 0.9124,
        "recall_at_5": 0.941,
        "recall_at_10": 0.9642,
        "recall_at_20": 0.981,
        "recall_at_100": 0.994,
        "recall_at_1000": 0.9996,
        "accuracy": 0.7798,
        "precision_at_1": 0.7798,
        "precision_at_3": 0.30413,
        "precision_at_5": 0.1882,
        "precision_at_10": 0.09642,
        "precision_at_20": 0.04905,
        "precision_at_100": 0.00994,
        "precision_at_1000": 0.001,
        "mrr_at_1": 0.7798,
        "mrr_at_3": 0.840333,
        "mrr_at_5": 0.846933,
        "mrr_at_10": 0.850095,
        "mrr_at_20": 0.851286,
        "mrr_at_100": 0.851635,
        "mrr_at_1000": 0.851661,
        "nauc_ndcg_at_1_max": 0.475752,
        "nauc_ndcg_at_1_std": -0.226954,
        "nauc_ndcg_at_1_diff1": 0.806176,
        "nauc_ndcg_at_3_max": 0.53877,
        "nauc_ndcg_at_3_std": -0.220845,
        "nauc_ndcg_at_3_diff1": 0.781592,
        "nauc_ndcg_at_5_max": 0.536141,
        "nauc_ndcg_at_5_std": -0.222603,
        "nauc_ndcg_at_5_diff1": 0.785065,
        "nauc_ndcg_at_10_max": 0.537178,
        "nauc_ndcg_at_10_std": -0.211303,
        "nauc_ndcg_at_10_diff1": 0.788499,
        "nauc_ndcg_at_20_max": 0.527758,
        "nauc_ndcg_at_20_std": -0.21507,
        "nauc_ndcg_at_20_diff1": 0.788214,
        "nauc_ndcg_at_100_max": 0.5242,
        "nauc_ndcg_at_100_std": -0.216317,
        "nauc_ndcg_at_100_diff1": 0.789892,
        "nauc_ndcg_at_1000_max": 0.52229,
        "nauc_ndcg_at_1000_std": -0.217687,
        "nauc_ndcg_at_1000_diff1": 0.790219,
        "nauc_map_at_1_max": 0.475752,
        "nauc_map_at_1_std": -0.226954,
        "nauc_map_at_1_diff1": 0.806176,
        "nauc_map_at_3_max": 0.519446,
        "nauc_map_at_3_std": -0.223757,
        "nauc_map_at_3_diff1": 0.788858,
        "nauc_map_at_5_max": 0.517328,
        "nauc_map_at_5_std": -0.224393,
        "nauc_map_at_5_diff1": 0.790673,
        "nauc_map_at_10_max": 0.517472,
        "nauc_map_at_10_std": -0.22017,
        "nauc_map_at_10_diff1": 0.792008,
        "nauc_map_at_20_max": 0.515227,
        "nauc_map_at_20_std": -0.221104,
        "nauc_map_at_20_diff1": 0.791962,
        "nauc_map_at_100_max": 0.514847,
        "nauc_map_at_100_std": -0.221129,
        "nauc_map_at_100_diff1": 0.792179,
        "nauc_map_at_1000_max": 0.514791,
        "nauc_map_at_1000_std": -0.221173,
        "nauc_map_at_1000_diff1": 0.792189,
        "nauc_recall_at_1_max": 0.475752,
        "nauc_recall_at_1_std": -0.226954,
        "nauc_recall_at_1_diff1": 0.806176,
        "nauc_recall_at_3_max": 0.633366,
        "nauc_recall_at_3_std": -0.205813,
        "nauc_recall_at_3_diff1": 0.746227,
        "nauc_recall_at_5_max": 0.665937,
        "nauc_recall_at_5_std": -0.210646,
        "nauc_recall_at_5_diff1": 0.748105,
        "nauc_recall_at_10_max": 0.7557,
        "nauc_recall_at_10_std": -0.100759,
        "nauc_recall_at_10_diff1": 0.75708,
        "nauc_recall_at_20_max": 0.734331,
        "nauc_recall_at_20_std": -0.087056,
        "nauc_recall_at_20_diff1": 0.723397,
        "nauc_recall_at_100_max": 0.826891,
        "nauc_recall_at_100_std": 0.029552,
        "nauc_recall_at_100_diff1": 0.735761,
        "nauc_recall_at_1000_max": 1.0,
        "nauc_recall_at_1000_std": 0.561391,
        "nauc_recall_at_1000_diff1": 0.679038,
        "nauc_precision_at_1_max": 0.475752,
        "nauc_precision_at_1_std": -0.226954,
        "nauc_precision_at_1_diff1": 0.806176,
        "nauc_precision_at_3_max": 0.633366,
        "nauc_precision_at_3_std": -0.205813,
        "nauc_precision_at_3_diff1": 0.746227,
        "nauc_precision_at_5_max": 0.665937,
        "nauc_precision_at_5_std": -0.210646,
        "nauc_precision_at_5_diff1": 0.748105,
        "nauc_precision_at_10_max": 0.7557,
        "nauc_precision_at_10_std": -0.100759,
        "nauc_precision_at_10_diff1": 0.75708,
        "nauc_precision_at_20_max": 0.734331,
        "nauc_precision_at_20_std": -0.087056,
        "nauc_precision_at_20_diff1": 0.723397,
        "nauc_precision_at_100_max": 0.826891,
        "nauc_precision_at_100_std": 0.029552,
        "nauc_precision_at_100_diff1": 0.735761,
        "nauc_precision_at_1000_max": 1.0,
        "nauc_precision_at_1000_std": 0.561391,
        "nauc_precision_at_1000_diff1": 0.679038,
        "nauc_mrr_at_1_max": 0.475752,
        "nauc_mrr_at_1_std": -0.226954,
        "nauc_mrr_at_1_diff1": 0.806176,
        "nauc_mrr_at_3_max": 0.519446,
        "nauc_mrr_at_3_std": -0.223757,
        "nauc_mrr_at_3_diff1": 0.788858,
        "nauc_mrr_at_5_max": 0.517318,
        "nauc_mrr_at_5_std": -0.22397,
        "nauc_mrr_at_5_diff1": 0.790615,
        "nauc_mrr_at_10_max": 0.51747,
        "nauc_mrr_at_10_std": -0.220098,
        "nauc_mrr_at_10_diff1": 0.791998,
        "nauc_mrr_at_20_max": 0.515223,
        "nauc_mrr_at_20_std": -0.221038,
        "nauc_mrr_at_20_diff1": 0.791951,
        "nauc_mrr_at_100_max": 0.514842,
        "nauc_mrr_at_100_std": -0.221063,
        "nauc_mrr_at_100_diff1": 0.792168,
        "nauc_mrr_at_1000_max": 0.514786,
        "nauc_mrr_at_1000_std": -0.221107,
        "nauc_mrr_at_1000_diff1": 0.792178,
        "hit_rate_at_1": 0.7798,
        "hit_rate_at_3": 0.9124,
        "hit_rate_at_5": 0.941,
        "hit_rate_at_10": 0.9642,
        "hit_rate_at_20": 0.981,
        "hit_rate_at_100": 0.994,
        "hit_rate_at_1000": 0.9996,
        "main_score": 0.87833,
        "hf_subset": "default",
        "languages": [
          "eng-Latn"
        ]
      }
    ]
  },
  "evaluation_time": 435.2191116809845,
  "kg_co2_emissions": null,
  "date": 1778649209.568382
}