{
  "dataset_revision": "1840e8a5ac6ec752bbdd97d543ead0189bc7c25b",
  "task_name": "ChemHotpotQARetrieval",
  "mteb_version": "2.12.16",
  "scores": {
    "train": [
      {
        "ndcg_at_1": 0.86111,
        "ndcg_at_3": 0.88841,
        "ndcg_at_5": 0.8932,
        "ndcg_at_10": 0.90217,
        "ndcg_at_20": 0.90667,
        "ndcg_at_100": 0.90931,
        "ndcg_at_1000": 0.90992,
        "map_at_1": 0.84167,
        "map_at_3": 0.87685,
        "map_at_5": 0.87963,
        "map_at_10": 0.88333,
        "map_at_20": 0.88479,
        "map_at_100": 0.88516,
        "map_at_1000": 0.88517,
        "recall_at_1": 0.84167,
        "recall_at_3": 0.91389,
        "recall_at_5": 0.925,
        "recall_at_10": 0.95278,
        "recall_at_20": 0.96944,
        "recall_at_100": 0.98333,
        "recall_at_1000": 0.98889,
        "accuracy": 0.84167,
        "precision_at_1": 0.86111,
        "precision_at_3": 0.31481,
        "precision_at_5": 0.19111,
        "precision_at_10": 0.09833,
        "precision_at_20": 0.05028,
        "precision_at_100": 0.01022,
        "precision_at_1000": 0.00103,
        "mrr_at_1": 0.861111,
        "mrr_at_3": 0.886111,
        "mrr_at_5": 0.888889,
        "mrr_at_10": 0.892593,
        "mrr_at_20": 0.893417,
        "mrr_at_100": 0.893726,
        "mrr_at_1000": 0.893737,
        "nauc_ndcg_at_1_max": 0.605524,
        "nauc_ndcg_at_1_std": -0.239562,
        "nauc_ndcg_at_1_diff1": 0.862183,
        "nauc_ndcg_at_3_max": 0.465961,
        "nauc_ndcg_at_3_std": -0.367855,
        "nauc_ndcg_at_3_diff1": 0.725023,
        "nauc_ndcg_at_5_max": 0.454635,
        "nauc_ndcg_at_5_std": -0.410679,
        "nauc_ndcg_at_5_diff1": 0.729024,
        "nauc_ndcg_at_10_max": 0.43126,
        "nauc_ndcg_at_10_std": -0.449815,
        "nauc_ndcg_at_10_diff1": 0.724561,
        "nauc_ndcg_at_20_max": 0.438835,
        "nauc_ndcg_at_20_std": -0.415145,
        "nauc_ndcg_at_20_diff1": 0.741685,
        "nauc_ndcg_at_100_max": 0.441406,
        "nauc_ndcg_at_100_std": -0.40199,
        "nauc_ndcg_at_100_diff1": 0.752595,
        "nauc_ndcg_at_1000_max": 0.441991,
        "nauc_ndcg_at_1000_std": -0.396732,
        "nauc_ndcg_at_1000_diff1": 0.753987,
        "nauc_map_at_1_max": 0.447468,
        "nauc_map_at_1_std": -0.332473,
        "nauc_map_at_1_diff1": 0.765923,
        "nauc_map_at_3_max": 0.464023,
        "nauc_map_at_3_std": -0.367656,
        "nauc_map_at_3_diff1": 0.716742,
        "nauc_map_at_5_max": 0.45811,
        "nauc_map_at_5_std": -0.389832,
        "nauc_map_at_5_diff1": 0.718617,
        "nauc_map_at_10_max": 0.449068,
        "nauc_map_at_10_std": -0.404948,
        "nauc_map_at_10_diff1": 0.716401,
        "nauc_map_at_20_max": 0.452976,
        "nauc_map_at_20_std": -0.394792,
        "nauc_map_at_20_diff1": 0.722474,
        "nauc_map_at_100_max": 0.453083,
        "nauc_map_at_100_std": -0.393689,
        "nauc_map_at_100_diff1": 0.72324,
        "nauc_map_at_1000_max": 0.453092,
        "nauc_map_at_1000_std": -0.393618,
        "nauc_map_at_1000_diff1": 0.723256,
        "nauc_recall_at_1_max": 0.447468,
        "nauc_recall_at_1_std": -0.332473,
        "nauc_recall_at_1_diff1": 0.765923,
        "nauc_recall_at_3_max": 0.34383,
        "nauc_recall_at_3_std": -0.450514,
        "nauc_recall_at_3_diff1": 0.6084,
        "nauc_recall_at_5_max": 0.289328,
        "nauc_recall_at_5_std": -0.600425,
        "nauc_recall_at_5_diff1": 0.603987,
        "nauc_recall_at_10_max": 0.05962,
        "nauc_recall_at_10_std": -0.927967,
        "nauc_recall_at_10_diff1": 0.506701,
        "nauc_recall_at_20_max": -0.073975,
        "nauc_recall_at_20_std": -0.823742,
        "nauc_recall_at_20_diff1": 0.56884,
        "nauc_recall_at_100_max": -0.419701,
        "nauc_recall_at_100_std": -0.779178,
        "nauc_recall_at_100_diff1": 0.758792,
        "nauc_recall_at_1000_max": -0.80859,
        "nauc_recall_at_1000_std": -0.592904,
        "nauc_recall_at_1000_diff1": 0.861111,
        "nauc_precision_at_1_max": 0.605524,
        "nauc_precision_at_1_std": -0.239562,
        "nauc_precision_at_1_diff1": 0.862183,
        "nauc_precision_at_3_max": 0.40752,
        "nauc_precision_at_3_std": -0.133598,
        "nauc_precision_at_3_diff1": 0.37431,
        "nauc_precision_at_5_max": 0.375431,
        "nauc_precision_at_5_std": -0.206909,
        "nauc_precision_at_5_diff1": 0.346474,
        "nauc_precision_at_10_max": 0.266404,
        "nauc_precision_at_10_std": -0.2654,
        "nauc_precision_at_10_diff1": 0.195004,
        "nauc_precision_at_20_max": 0.234065,
        "nauc_precision_at_20_std": 0.071118,
        "nauc_precision_at_20_diff1": 0.144745,
        "nauc_precision_at_100_max": 0.239243,
        "nauc_precision_at_100_std": 0.27412,
        "nauc_precision_at_100_diff1": 0.148393,
        "nauc_precision_at_1000_max": 0.230863,
        "nauc_precision_at_1000_std": 0.374675,
        "nauc_precision_at_1000_diff1": 0.119777,
        "nauc_mrr_at_1_max": 0.605524,
        "nauc_mrr_at_1_std": -0.239562,
        "nauc_mrr_at_1_diff1": 0.862183,
        "nauc_mrr_at_3_max": 0.573238,
        "nauc_mrr_at_3_std": -0.286827,
        "nauc_mrr_at_3_diff1": 0.839471,
        "nauc_mrr_at_5_max": 0.569687,
        "nauc_mrr_at_5_std": -0.308577,
        "nauc_mrr_at_5_diff1": 0.844633,
        "nauc_mrr_at_10_max": 0.563899,
        "nauc_mrr_at_10_std": -0.32198,
        "nauc_mrr_at_10_diff1": 0.846708,
        "nauc_mrr_at_20_max": 0.561498,
        "nauc_mrr_at_20_std": -0.317179,
        "nauc_mrr_at_20_diff1": 0.846029,
        "nauc_mrr_at_100_max": 0.560719,
        "nauc_mrr_at_100_std": -0.316563,
        "nauc_mrr_at_100_diff1": 0.845866,
        "nauc_mrr_at_1000_max": 0.560739,
        "nauc_mrr_at_1000_std": -0.316479,
        "nauc_mrr_at_1000_diff1": 0.845896,
        "hit_rate_at_1": 0.86111,
        "hit_rate_at_3": 0.92222,
        "hit_rate_at_5": 0.93333,
        "hit_rate_at_10": 0.96111,
        "hit_rate_at_20": 0.97222,
        "hit_rate_at_100": 0.98333,
        "hit_rate_at_1000": 0.98889,
        "main_score": 0.90217,
        "hf_subset": "default",
        "languages": [
          "eng-Latn"
        ]
      }
    ],
    "dev": [
      {
        "ndcg_at_1": 0.875,
        "ndcg_at_3": 0.875,
        "ndcg_at_5": 0.875,
        "ndcg_at_10": 0.875,
        "ndcg_at_20": 0.875,
        "ndcg_at_100": 0.89849,
        "ndcg_at_1000": 0.89849,
        "map_at_1": 0.875,
        "map_at_3": 0.875,
        "map_at_5": 0.875,
        "map_at_10": 0.875,
        "map_at_20": 0.875,
        "map_at_100": 0.87821,
        "map_at_1000": 0.87821,
        "recall_at_1": 0.875,
        "recall_at_3": 0.875,
        "recall_at_5": 0.875,
        "recall_at_10": 0.875,
        "recall_at_20": 0.875,
        "recall_at_100": 1.0,
        "recall_at_1000": 1.0,
        "accuracy": 0.875,
        "precision_at_1": 0.875,
        "precision_at_3": 0.29167,
        "precision_at_5": 0.175,
        "precision_at_10": 0.0875,
        "precision_at_20": 0.04375,
        "precision_at_100": 0.01,
        "precision_at_1000": 0.001,
        "mrr_at_1": 0.875,
        "mrr_at_3": 0.875,
        "mrr_at_5": 0.875,
        "mrr_at_10": 0.875,
        "mrr_at_20": 0.875,
        "mrr_at_100": 0.878205,
        "mrr_at_1000": 0.878205,
        "nauc_ndcg_at_1_max": 1.0,
        "nauc_ndcg_at_1_std": 0.865546,
        "nauc_ndcg_at_1_diff1": 0.865546,
        "nauc_ndcg_at_3_max": 1.0,
        "nauc_ndcg_at_3_std": 0.865546,
        "nauc_ndcg_at_3_diff1": 0.865546,
        "nauc_ndcg_at_5_max": 1.0,
        "nauc_ndcg_at_5_std": 0.865546,
        "nauc_ndcg_at_5_diff1": 0.865546,
        "nauc_ndcg_at_10_max": 1.0,
        "nauc_ndcg_at_10_std": 0.865546,
        "nauc_ndcg_at_10_diff1": 0.865546,
        "nauc_ndcg_at_20_max": 1.0,
        "nauc_ndcg_at_20_std": 0.865546,
        "nauc_ndcg_at_20_diff1": 0.865546,
        "nauc_ndcg_at_100_max": 1.0,
        "nauc_ndcg_at_100_std": 0.865546,