{
  "dataset_revision": "5d958fb6b31055495347724d46431ba41309b03a",
  "task_name": "ChemNQRetrieval",
  "mteb_version": "2.12.16",
  "scores": {
    "test": [
      {
        "ndcg_at_1": 0.40741,
        "ndcg_at_3": 0.5176,
        "ndcg_at_5": 0.54234,
        "ndcg_at_10": 0.56742,
        "ndcg_at_20": 0.59646,
        "ndcg_at_100": 0.61481,
        "ndcg_at_1000": 0.62126,
        "map_at_1": 0.30864,
        "map_at_3": 0.45988,
        "map_at_5": 0.47654,
        "map_at_10": 0.48693,
        "map_at_20": 0.49578,
        "map_at_100": 0.49898,
        "map_at_1000": 0.49935,
        "recall_at_1": 0.30864,
        "recall_at_3": 0.62346,
        "recall_at_5": 0.67901,
        "recall_at_10": 0.75309,
        "recall_at_20": 0.8642,
        "recall_at_100": 0.95062,
        "recall_at_1000": 1.0,
        "accuracy": 0.30864,
        "precision_at_1": 0.40741,
        "precision_at_3": 0.25926,
        "precision_at_5": 0.17037,
        "precision_at_10": 0.0963,
        "precision_at_20": 0.05556,
        "precision_at_100": 0.01222,
        "precision_at_1000": 0.0013,
        "mrr_at_1": 0.407407,
        "mrr_at_3": 0.530864,
        "mrr_at_5": 0.540123,
        "mrr_at_10": 0.548868,
        "mrr_at_20": 0.553807,
        "mrr_at_100": 0.556336,
        "mrr_at_1000": 0.556388,
        "nauc_ndcg_at_1_max": 0.332815,
        "nauc_ndcg_at_1_std": 0.128801,
        "nauc_ndcg_at_1_diff1": 0.333906,
        "nauc_ndcg_at_3_max": 0.22037,
        "nauc_ndcg_at_3_std": -0.027476,
        "nauc_ndcg_at_3_diff1": 0.378095,
        "nauc_ndcg_at_5_max": 0.300142,
        "nauc_ndcg_at_5_std": 0.054822,
        "nauc_ndcg_at_5_diff1": 0.332137,
        "nauc_ndcg_at_10_max": 0.374699,
        "nauc_ndcg_at_10_std": 0.120196,
        "nauc_ndcg_at_10_diff1": 0.376538,
        "nauc_ndcg_at_20_max": 0.352755,
        "nauc_ndcg_at_20_std": 0.087866,
        "nauc_ndcg_at_20_diff1": 0.327245,
        "nauc_ndcg_at_100_max": 0.340734,
        "nauc_ndcg_at_100_std": 0.06789,
        "nauc_ndcg_at_100_diff1": 0.352932,
        "nauc_ndcg_at_1000_max": 0.341978,
        "nauc_ndcg_at_1000_std": 0.08065,
        "nauc_ndcg_at_1000_diff1": 0.344956,
        "nauc_map_at_1_max": 0.258159,
        "nauc_map_at_1_std": 0.146443,
        "nauc_map_at_1_diff1": 0.327084,
        "nauc_map_at_3_max": 0.233628,
        "nauc_map_at_3_std": -0.014322,
        "nauc_map_at_3_diff1": 0.373991,
        "nauc_map_at_5_max": 0.287165,
        "nauc_map_at_5_std": 0.035041,
        "nauc_map_at_5_diff1": 0.343632,
        "nauc_map_at_10_max": 0.316357,
        "nauc_map_at_10_std": 0.060523,
        "nauc_map_at_10_diff1": 0.36192,
        "nauc_map_at_20_max": 0.313043,
        "nauc_map_at_20_std": 0.054622,
        "nauc_map_at_20_diff1": 0.350048,
        "nauc_map_at_100_max": 0.310698,
        "nauc_map_at_100_std": 0.051695,
        "nauc_map_at_100_diff1": 0.353571,
        "nauc_map_at_1000_max": 0.310467,
        "nauc_map_at_1000_std": 0.052015,
        "nauc_map_at_1000_diff1": 0.353071,
        "nauc_recall_at_1_max": 0.258159,
        "nauc_recall_at_1_std": 0.146443,
        "nauc_recall_at_1_diff1": 0.327084,
        "nauc_recall_at_3_max": 0.05618,
        "nauc_recall_at_3_std": -0.159239,
        "nauc_recall_at_3_diff1": 0.419605,
        "nauc_recall_at_5_max": 0.225291,
        "nauc_recall_at_5_std": 0.03028,
        "nauc_recall_at_5_diff1": 0.305291,
        "nauc_recall_at_10_max": 0.444505,
        "nauc_recall_at_10_std": 0.235639,
        "nauc_recall_at_10_diff1": 0.428313,
        "nauc_recall_at_20_max": 0.372349,
        "nauc_recall_at_20_std": 0.062587,
        "nauc_recall_at_20_diff1": 0.160872,
        "nauc_recall_at_100_max": 0.174292,
        "nauc_recall_at_100_std": -0.473358,
        "nauc_recall_at_100_diff1": 0.556079,
        "nauc_recall_at_1000_max": NaN,
        "nauc_recall_at_1000_std": NaN,
        "nauc_recall_at_1000_diff1": NaN,
        "nauc_precision_at_1_max": 0.332815,
        "nauc_precision_at_1_std": 0.128801,
        "nauc_precision_at_1_diff1": 0.333906,
        "nauc_precision_at_3_max": 0.242919,
        "nauc_precision_at_3_std": -0.168465,
        "nauc_precision_at_3_diff1": 0.382257,
        "nauc_precision_at_5_max": 0.377572,
        "nauc_precision_at_5_std": 0.002801,
        "nauc_precision_at_5_diff1": 0.208606,
        "nauc_precision_at_10_max": 0.632295,
        "nauc_precision_at_10_std": 0.264495,
        "nauc_precision_at_10_diff1": 0.351854,
        "nauc_precision_at_20_max": 0.574696,
        "nauc_precision_at_20_std": 0.207308,
        "nauc_precision_at_20_diff1": 0.177436,
        "nauc_precision_at_100_max": 0.521684,
        "nauc_precision_at_100_std": 0.162066,
        "nauc_precision_at_100_diff1": 0.182379,
        "nauc_precision_at_1000_max": 0.440297,
        "nauc_precision_at_1000_std": 0.221882,
        "nauc_precision_at_1000_diff1": 0.06377,
        "nauc_mrr_at_1_max": 0.332815,
        "nauc_mrr_at_1_std": 0.128801,
        "nauc_mrr_at_1_diff1": 0.333906,
        "nauc_mrr_at_3_max": 0.317569,
        "nauc_mrr_at_3_std": 0.078381,
        "nauc_mrr_at_3_diff1": 0.306032,
        "nauc_mrr_at_5_max": 0.34104,
        "nauc_mrr_at_5_std": 0.115377,
        "nauc_mrr_at_5_diff1": 0.291348,
        "nauc_mrr_at_10_max": 0.360249,
        "nauc_mrr_at_10_std": 0.132479,
        "nauc_mrr_at_10_diff1": 0.300365,
        "nauc_mrr_at_20_max": 0.349151,
        "nauc_mrr_at_20_std": 0.120425,
        "nauc_mrr_at_20_diff1": 0.288428,
        "nauc_mrr_at_100_max": 0.347707,
        "nauc_mrr_at_100_std": 0.117691,
        "nauc_mrr_at_100_diff1": 0.292296,
        "nauc_mrr_at_1000_max": 0.347747,
        "nauc_mrr_at_1000_std": 0.11781,
        "nauc_mrr_at_1000_diff1": 0.292251,
        "hit_rate_at_1": 0.40741,
        "hit_rate_at_3": 0.7037,
        "hit_rate_at_5": 0.74074,
        "hit_rate_at_10": 0.81481,
        "hit_rate_at_20": 0.88889,
        "hit_rate_at_100": 0.96296,
        "hit_rate_at_1000": 1.0,
        "main_score": 0.56742,
        "hf_subset": "default",
        "languages": [
          "eng-Latn"
        ]
      }
    ]
  },
  "evaluation_time": 61.663753509521484,
  "kg_co2_emissions": null,
  "date": 1778648687.315823
}