{
  "dataset_revision": "1840e8a5ac6ec752bbdd97d543ead0189bc7c25b",
  "task_name": "ChemHotpotQARetrieval",
  "mteb_version": "2.12.20",
  "scores": {
    "train": [
      {
        "ndcg_at_1": 0.86111,
        "ndcg_at_3": 0.88914,
        "ndcg_at_5": 0.89632,
        "ndcg_at_10": 0.9054,
        "ndcg_at_20": 0.90859,
        "ndcg_at_100": 0.9109,
        "ndcg_at_1000": 0.91256,
        "map_at_1": 0.84167,
        "map_at_3": 0.87778,
        "map_at_5": 0.88194,
        "map_at_10": 0.88576,
        "map_at_20": 0.88692,
        "map_at_100": 0.88734,
        "map_at_1000": 0.8874,
        "recall_at_1": 0.84167,
        "recall_at_3": 0.91389,
        "recall_at_5": 0.93056,
        "recall_at_10": 0.95833,
        "recall_at_20": 0.96944,
        "recall_at_100": 0.98056,
        "recall_at_1000": 0.99444,
        "accuracy": 0.84167,
        "precision_at_1": 0.86111,
        "precision_at_3": 0.31481,
        "precision_at_5": 0.19222,
        "precision_at_10": 0.09889,
        "precision_at_20": 0.05028,
        "precision_at_100": 0.01017,
        "precision_at_1000": 0.00103,
        "mrr_at_1": 0.861111,
        "mrr_at_3": 0.887037,
        "mrr_at_5": 0.891204,
        "mrr_at_10": 0.895022,
        "mrr_at_20": 0.895527,
        "mrr_at_100": 0.895946,
        "mrr_at_1000": 0.895963,
        "nauc_ndcg_at_1_max": 0.613743,
        "nauc_ndcg_at_1_std": -0.276682,
        "nauc_ndcg_at_1_diff1": 0.865575,
        "nauc_ndcg_at_3_max": 0.451672,
        "nauc_ndcg_at_3_std": -0.385888,
        "nauc_ndcg_at_3_diff1": 0.720621,
        "nauc_ndcg_at_5_max": 0.426314,
        "nauc_ndcg_at_5_std": -0.45405,
        "nauc_ndcg_at_5_diff1": 0.724995,
        "nauc_ndcg_at_10_max": 0.409112,
        "nauc_ndcg_at_10_std": -0.450347,
        "nauc_ndcg_at_10_diff1": 0.714634,
        "nauc_ndcg_at_20_max": 0.420575,
        "nauc_ndcg_at_20_std": -0.435688,
        "nauc_ndcg_at_20_diff1": 0.734199,
        "nauc_ndcg_at_100_max": 0.410692,
        "nauc_ndcg_at_100_std": -0.430664,
        "nauc_ndcg_at_100_diff1": 0.730516,
        "nauc_ndcg_at_1000_max": 0.426871,
        "nauc_ndcg_at_1000_std": -0.424203,
        "nauc_ndcg_at_1000_diff1": 0.745811,
        "nauc_map_at_1_max": 0.443922,
        "nauc_map_at_1_std": -0.365429,
        "nauc_map_at_1_diff1": 0.766526,
        "nauc_map_at_3_max": 0.45613,
        "nauc_map_at_3_std": -0.387608,
        "nauc_map_at_3_diff1": 0.712386,
        "nauc_map_at_5_max": 0.443296,
        "nauc_map_at_5_std": -0.422605,
        "nauc_map_at_5_diff1": 0.714327,
        "nauc_map_at_10_max": 0.437412,
        "nauc_map_at_10_std": -0.422595,
        "nauc_map_at_10_diff1": 0.7103,
        "nauc_map_at_20_max": 0.442276,
        "nauc_map_at_20_std": -0.41718,
        "nauc_map_at_20_diff1": 0.717184,
        "nauc_map_at_100_max": 0.44099,
        "nauc_map_at_100_std": -0.416737,
        "nauc_map_at_100_diff1": 0.716489,
        "nauc_map_at_1000_max": 0.441853,
        "nauc_map_at_1000_std": -0.416185,
        "nauc_map_at_1000_diff1": 0.71743,
        "nauc_recall_at_1_max": 0.443922,
        "nauc_recall_at_1_std": -0.365429,
        "nauc_recall_at_1_diff1": 0.766526,
        "nauc_recall_at_3_max": 0.305578,
        "nauc_recall_at_3_std": -0.460754,
        "nauc_recall_at_3_diff1": 0.605238,
        "nauc_recall_at_5_max": 0.185042,
        "nauc_recall_at_5_std": -0.708478,
        "nauc_recall_at_5_diff1": 0.592288,
        "nauc_recall_at_10_max": -0.085372,
        "nauc_recall_at_10_std": -0.819701,
        "nauc_recall_at_10_diff1": 0.434392,
        "nauc_recall_at_20_max": -0.151218,
        "nauc_recall_at_20_std": -0.823742,
        "nauc_recall_at_20_diff1": 0.53616,
        "nauc_recall_at_100_max": -0.692344,
        "nauc_recall_at_100_std": -0.916433,
        "nauc_recall_at_100_diff1": 0.350474,
        "nauc_recall_at_1000_max": -1.739963,
        "nauc_recall_at_1000_std": -1.739963,
        "nauc_recall_at_1000_diff1": 0.869281,
        "nauc_precision_at_1_max": 0.613743,
        "nauc_precision_at_1_std": -0.276682,
        "nauc_precision_at_1_diff1": 0.865575,
        "nauc_precision_at_3_max": 0.407297,
        "nauc_precision_at_3_std": -0.141171,
        "nauc_precision_at_3_diff1": 0.378207,
        "nauc_precision_at_5_max": 0.340395,
        "nauc_precision_at_5_std": -0.260203,
        "nauc_precision_at_5_diff1": 0.331271,
        "nauc_precision_at_10_max": 0.24384,
        "nauc_precision_at_10_std": -0.151621,
        "nauc_precision_at_10_diff1": 0.139193,
        "nauc_precision_at_20_max": 0.244648,
        "nauc_precision_at_20_std": 0.071118,
        "nauc_precision_at_20_diff1": 0.14157,
        "nauc_precision_at_100_max": 0.162637,
        "nauc_precision_at_100_std": 0.180145,
        "nauc_precision_at_100_diff1": 0.034494,
        "nauc_precision_at_1000_max": 0.283695,
        "nauc_precision_at_1000_std": 0.361057,
        "nauc_precision_at_1000_diff1": 0.074068,
        "nauc_mrr_at_1_max": 0.613743,
        "nauc_mrr_at_1_std": -0.276682,
        "nauc_mrr_at_1_diff1": 0.865575,
        "nauc_mrr_at_3_max": 0.565566,
        "nauc_mrr_at_3_std": -0.307645,
        "nauc_mrr_at_3_diff1": 0.835694,
        "nauc_mrr_at_5_max": 0.556055,
        "nauc_mrr_at_5_std": -0.342157,
        "nauc_mrr_at_5_diff1": 0.842623,
        "nauc_mrr_at_10_max": 0.553917,
        "nauc_mrr_at_10_std": -0.339144,
        "nauc_mrr_at_10_diff1": 0.843067,
        "nauc_mrr_at_20_max": 0.551704,
        "nauc_mrr_at_20_std": -0.339976,
        "nauc_mrr_at_20_diff1": 0.842288,
        "nauc_mrr_at_100_max": 0.550776,
        "nauc_mrr_at_100_std": -0.339181,
        "nauc_mrr_at_100_diff1": 0.84206,
        "nauc_mrr_at_1000_max": 0.550838,
        "nauc_mrr_at_1000_std": -0.339148,
        "nauc_mrr_at_1000_diff1": 0.842109,
        "hit_rate_at_1": 0.86111,
        "hit_rate_at_3": 0.92222,
        "hit_rate_at_5": 0.93889,
        "hit_rate_at_10": 0.96667,
        "hit_rate_at_20": 0.97222,
        "hit_rate_at_100": 0.98333,
        "hit_rate_at_1000": 0.99444,
        "main_score": 0.9054,
        "hf_subset": "default",
        "languages": [
          "eng-Latn"
        ]
      }
    ],
    "dev": [
      {
        "ndcg_at_1": 0.875,
        "ndcg_at_3": 0.875,
        "ndcg_at_5": 0.875,
        "ndcg_at_10": 0.875,
        "ndcg_at_20": 0.875,
        "ndcg_at_100": 0.90263,
        "ndcg_at_1000": 0.90263,
        "map_at_1": 0.875,
        "map_at_3": 0.875,
        "map_at_5": 0.875,
        "map_at_10": 0.875,
        "map_at_20": 0.875,
        "map_at_100": 0.88068,
        "map_at_1000": 0.88068,
        "recall_at_1": 0.875,
        "recall_at_3": 0.875,
        "recall_at_5": 0.875,
        "recall_at_10": 0.875,
        "recall_at_20": 0.875,
        "recall_at_100": 1.0,
        "recall_at_1000": 1.0,
        "accuracy": 0.875,
        "precision_at_1": 0.875,
        "precision_at_3": 0.29167,
        "precision_at_5": 0.175,
        "precision_at_10": 0.0875,
        "precision_at_20": 0.04375,
        "precision_at_100": 0.01,
        "precision_at_1000": 0.001,
        "mrr_at_1": 0.875,
        "mrr_at_3": 0.875,
        "mrr_at_5": 0.875,
        "mrr_at_10": 0.875,
        "mrr_at_20": 0.875,
        "mrr_at_100": 0.880682,
        "mrr_at_1000": 0.880682,
        "nauc_ndcg_at_1_max": 1.0,
        "nauc_ndcg_at_1_std": 0.865546,
        "nauc_ndcg_at_1_diff1": 0.865546,
        "nauc_ndcg_at_3_max": 1.0,
        "nauc_ndcg_at_3_std": 0.865546,
        "nauc_ndcg_at_3_diff1": 0.865546,
        "nauc_ndcg_at_5_max": 1.0,
        "nauc_ndcg_at_5_std": 0.865546,
        "nauc_ndcg_at_5_diff1": 0.865546,
        "nauc_ndcg_at_10_max": 1.0,
        "nauc_ndcg_at_10_std": 0.865546,
        "nauc_ndcg_at_10_diff1": 0.865546,
        "nauc_ndcg_at_20_max": 1.0,
        "nauc_ndcg_at_20_std": 0.865546,
        "nauc_ndcg_at_20_diff1": 0.865546,
        "nauc_ndcg_at_100_max": 1.0,
        "nauc_ndcg_at_100_std": 0.865546,