{
  "dataset_revision": "5377aa18f309ec440ff6325a4c2cd3362c2cb8d7",
  "task_name": "ChemRxivRetrieval",
  "mteb_version": "2.12.16",
  "scores": {
    "test": [
      {
        "ndcg_at_1": 0.7692,
        "ndcg_at_3": 0.85302,
        "ndcg_at_5": 0.86524,
        "ndcg_at_10": 0.87294,
        "ndcg_at_20": 0.87682,
        "ndcg_at_100": 0.87987,
        "ndcg_at_1000": 0.8805,
        "map_at_1": 0.7692,
        "map_at_3": 0.8334,
        "map_at_5": 0.8402,
        "map_at_10": 0.84338,
        "map_at_20": 0.84446,
        "map_at_100": 0.84491,
        "map_at_1000": 0.84494,
        "recall_at_1": 0.7692,
        "recall_at_3": 0.9094,
        "recall_at_5": 0.939,
        "recall_at_10": 0.9628,
        "recall_at_20": 0.978,
        "recall_at_100": 0.994,
        "recall_at_1000": 0.999,
        "accuracy": 0.7692,
        "precision_at_1": 0.7692,
        "precision_at_3": 0.30313,
        "precision_at_5": 0.1878,
        "precision_at_10": 0.09628,
        "precision_at_20": 0.0489,
        "precision_at_100": 0.00994,
        "precision_at_1000": 0.001,
        "mrr_at_1": 0.7692,
        "mrr_at_3": 0.8334,
        "mrr_at_5": 0.8402,
        "mrr_at_10": 0.843379,
        "mrr_at_20": 0.844464,
        "mrr_at_100": 0.844913,
        "mrr_at_1000": 0.844935,
        "nauc_ndcg_at_1_max": 0.439567,
        "nauc_ndcg_at_1_std": -0.237993,
        "nauc_ndcg_at_1_diff1": 0.798406,
        "nauc_ndcg_at_3_max": 0.503347,
        "nauc_ndcg_at_3_std": -0.223285,
        "nauc_ndcg_at_3_diff1": 0.775132,
        "nauc_ndcg_at_5_max": 0.502829,
        "nauc_ndcg_at_5_std": -0.217367,
        "nauc_ndcg_at_5_diff1": 0.772593,
        "nauc_ndcg_at_10_max": 0.499292,
        "nauc_ndcg_at_10_std": -0.220153,
        "nauc_ndcg_at_10_diff1": 0.777109,
        "nauc_ndcg_at_20_max": 0.493764,
        "nauc_ndcg_at_20_std": -0.218056,
        "nauc_ndcg_at_20_diff1": 0.778608,
        "nauc_ndcg_at_100_max": 0.487491,
        "nauc_ndcg_at_100_std": -0.22145,
        "nauc_ndcg_at_100_diff1": 0.780526,
        "nauc_ndcg_at_1000_max": 0.485836,
        "nauc_ndcg_at_1000_std": -0.222153,
        "nauc_ndcg_at_1000_diff1": 0.780355,
        "nauc_map_at_1_max": 0.439567,
        "nauc_map_at_1_std": -0.237993,
        "nauc_map_at_1_diff1": 0.798406,
        "nauc_map_at_3_max": 0.482742,
        "nauc_map_at_3_std": -0.228908,
        "nauc_map_at_3_diff1": 0.781139,
        "nauc_map_at_5_max": 0.481371,
        "nauc_map_at_5_std": -0.226359,
        "nauc_map_at_5_diff1": 0.78014,
        "nauc_map_at_10_max": 0.480024,
        "nauc_map_at_10_std": -0.226966,
        "nauc_map_at_10_diff1": 0.781928,
        "nauc_map_at_20_max": 0.478693,
        "nauc_map_at_20_std": -0.226473,
        "nauc_map_at_20_diff1": 0.782289,
        "nauc_map_at_100_max": 0.477885,
        "nauc_map_at_100_std": -0.226855,
        "nauc_map_at_100_diff1": 0.782492,
        "nauc_map_at_1000_max": 0.477848,
        "nauc_map_at_1000_std": -0.226861,
        "nauc_map_at_1000_diff1": 0.782483,
        "nauc_recall_at_1_max": 0.439567,
        "nauc_recall_at_1_std": -0.237993,
        "nauc_recall_at_1_diff1": 0.798406,
        "nauc_recall_at_3_max": 0.605131,
        "nauc_recall_at_3_std": -0.194887,
        "nauc_recall_at_3_diff1": 0.746535,
        "nauc_recall_at_5_max": 0.653752,
        "nauc_recall_at_5_std": -0.15147,
        "nauc_recall_at_5_diff1": 0.720649,
        "nauc_recall_at_10_max": 0.708882,
        "nauc_recall_at_10_std": -0.147764,
        "nauc_recall_at_10_diff1": 0.729832,
        "nauc_recall_at_20_max": 0.738609,
        "nauc_recall_at_20_std": -0.05876,
        "nauc_recall_at_20_diff1": 0.728228,
        "nauc_recall_at_100_max": 0.790181,
        "nauc_recall_at_100_std": 0.020899,
        "nauc_recall_at_100_diff1": 0.791394,
        "nauc_recall_at_1000_max": 0.763772,
        "nauc_recall_at_1000_std": 0.504388,
        "nauc_recall_at_1000_diff1": 0.726891,
        "nauc_precision_at_1_max": 0.439567,
        "nauc_precision_at_1_std": -0.237993,
        "nauc_precision_at_1_diff1": 0.798406,
        "nauc_precision_at_3_max": 0.605131,
        "nauc_precision_at_3_std": -0.194887,
        "nauc_precision_at_3_diff1": 0.746535,
        "nauc_precision_at_5_max": 0.653752,
        "nauc_precision_at_5_std": -0.15147,
        "nauc_precision_at_5_diff1": 0.720649,
        "nauc_precision_at_10_max": 0.708882,
        "nauc_precision_at_10_std": -0.147764,
        "nauc_precision_at_10_diff1": 0.729832,
        "nauc_precision_at_20_max": 0.738609,
        "nauc_precision_at_20_std": -0.05876,
        "nauc_precision_at_20_diff1": 0.728228,
        "nauc_precision_at_100_max": 0.790181,
        "nauc_precision_at_100_std": 0.020899,
        "nauc_precision_at_100_diff1": 0.791394,
        "nauc_precision_at_1000_max": 0.763772,
        "nauc_precision_at_1000_std": 0.504388,
        "nauc_precision_at_1000_diff1": 0.726891,
        "nauc_mrr_at_1_max": 0.439567,
        "nauc_mrr_at_1_std": -0.237993,
        "nauc_mrr_at_1_diff1": 0.798406,
        "nauc_mrr_at_3_max": 0.482721,
        "nauc_mrr_at_3_std": -0.22767,
        "nauc_mrr_at_3_diff1": 0.781139,
        "nauc_mrr_at_5_max": 0.481366,
        "nauc_mrr_at_5_std": -0.226035,
        "nauc_mrr_at_5_diff1": 0.78014,
        "nauc_mrr_at_10_max": 0.480018,
        "nauc_mrr_at_10_std": -0.226636,
        "nauc_mrr_at_10_diff1": 0.781928,
        "nauc_mrr_at_20_max": 0.478687,
        "nauc_mrr_at_20_std": -0.22614,
        "nauc_mrr_at_20_diff1": 0.782289,
        "nauc_mrr_at_100_max": 0.477879,
        "nauc_mrr_at_100_std": -0.226521,
        "nauc_mrr_at_100_diff1": 0.782492,
        "nauc_mrr_at_1000_max": 0.477842,
        "nauc_mrr_at_1000_std": -0.226527,
        "nauc_mrr_at_1000_diff1": 0.782483,
        "hit_rate_at_1": 0.7692,
        "hit_rate_at_3": 0.9094,
        "hit_rate_at_5": 0.939,
        "hit_rate_at_10": 0.9628,
        "hit_rate_at_20": 0.978,
        "hit_rate_at_100": 0.994,
        "hit_rate_at_1000": 0.999,
        "main_score": 0.87294,
        "hf_subset": "default",
        "languages": [
          "eng-Latn"
        ]
      }
    ]
  },
  "evaluation_time": 510.73811054229736,
  "kg_co2_emissions": null,
  "date": 1776141704.889472
}