{
  "dataset_revision": "5d958fb6b31055495347724d46431ba41309b03a",
  "task_name": "ChemNQRetrieval",
  "mteb_version": "2.12.20",
  "scores": {
    "test": [
      {
        "ndcg_at_1": 0.37037,
        "ndcg_at_3": 0.5059,
        "ndcg_at_5": 0.53063,
        "ndcg_at_10": 0.54463,
        "ndcg_at_20": 0.57948,
        "ndcg_at_100": 0.60653,
        "ndcg_at_1000": 0.61049,
        "map_at_1": 0.27778,
        "map_at_3": 0.44444,
        "map_at_5": 0.46111,
        "map_at_10": 0.46754,
        "map_at_20": 0.47849,
        "map_at_100": 0.48455,
        "map_at_1000": 0.48461,
        "recall_at_1": 0.27778,
        "recall_at_3": 0.62346,
        "recall_at_5": 0.67901,
        "recall_at_10": 0.71605,
        "recall_at_20": 0.84568,
        "recall_at_100": 0.96296,
        "recall_at_1000": 1.0,
        "accuracy": 0.27778,
        "precision_at_1": 0.37037,
        "precision_at_3": 0.25926,
        "precision_at_5": 0.17037,
        "precision_at_10": 0.09259,
        "precision_at_20": 0.0537,
        "precision_at_100": 0.01259,
        "precision_at_1000": 0.0013,
        "mrr_at_1": 0.37037,
        "mrr_at_3": 0.512346,
        "mrr_at_5": 0.521605,
        "mrr_at_10": 0.526235,
        "mrr_at_20": 0.535003,
        "mrr_at_100": 0.537889,
        "mrr_at_1000": 0.537946,
        "nauc_ndcg_at_1_max": 0.323469,
        "nauc_ndcg_at_1_std": -0.007084,
        "nauc_ndcg_at_1_diff1": 0.290097,
        "nauc_ndcg_at_3_max": 0.25183,
        "nauc_ndcg_at_3_std": -0.110726,
        "nauc_ndcg_at_3_diff1": 0.327414,
        "nauc_ndcg_at_5_max": 0.284008,
        "nauc_ndcg_at_5_std": -0.029641,
        "nauc_ndcg_at_5_diff1": 0.273689,
        "nauc_ndcg_at_10_max": 0.380742,
        "nauc_ndcg_at_10_std": 0.055798,
        "nauc_ndcg_at_10_diff1": 0.34369,
        "nauc_ndcg_at_20_max": 0.337663,
        "nauc_ndcg_at_20_std": 0.000859,
        "nauc_ndcg_at_20_diff1": 0.289927,
        "nauc_ndcg_at_100_max": 0.317193,
        "nauc_ndcg_at_100_std": -0.026223,
        "nauc_ndcg_at_100_diff1": 0.327991,
        "nauc_ndcg_at_1000_max": 0.320642,
        "nauc_ndcg_at_1000_std": -0.016985,
        "nauc_ndcg_at_1000_diff1": 0.321307,
        "nauc_map_at_1_max": 0.198991,
        "nauc_map_at_1_std": -0.014352,
        "nauc_map_at_1_diff1": 0.299221,
        "nauc_map_at_3_max": 0.234502,
        "nauc_map_at_3_std": -0.123873,
        "nauc_map_at_3_diff1": 0.362671,
        "nauc_map_at_5_max": 0.255126,
        "nauc_map_at_5_std": -0.074334,
        "nauc_map_at_5_diff1": 0.324004,
        "nauc_map_at_10_max": 0.29606,
        "nauc_map_at_10_std": -0.038475,
        "nauc_map_at_10_diff1": 0.354723,
        "nauc_map_at_20_max": 0.285185,
        "nauc_map_at_20_std": -0.052187,
        "nauc_map_at_20_diff1": 0.340164,
        "nauc_map_at_100_max": 0.281519,
        "nauc_map_at_100_std": -0.05697,
        "nauc_map_at_100_diff1": 0.346252,
        "nauc_map_at_1000_max": 0.281552,
        "nauc_map_at_1000_std": -0.056869,
        "nauc_map_at_1000_diff1": 0.346178,
        "nauc_recall_at_1_max": 0.198991,
        "nauc_recall_at_1_std": -0.014352,
        "nauc_recall_at_1_diff1": 0.299221,
        "nauc_recall_at_3_max": 0.182661,
        "nauc_recall_at_3_std": -0.159239,
        "nauc_recall_at_3_diff1": 0.275715,
        "nauc_recall_at_5_max": 0.266633,
        "nauc_recall_at_5_std": 0.03028,
        "nauc_recall_at_5_diff1": 0.159635,
        "nauc_recall_at_10_max": 0.556567,
        "nauc_recall_at_10_std": 0.297239,
        "nauc_recall_at_10_diff1": 0.358716,
        "nauc_recall_at_20_max": 0.384605,
        "nauc_recall_at_20_std": 0.069927,
        "nauc_recall_at_20_diff1": 0.039105,
        "nauc_recall_at_100_max": 0.113206,
        "nauc_recall_at_100_std": -0.572623,
        "nauc_recall_at_100_diff1": 0.723262,
        "nauc_recall_at_1000_max": NaN,
        "nauc_recall_at_1000_std": NaN,
        "nauc_recall_at_1000_diff1": NaN,
        "nauc_precision_at_1_max": 0.323469,
        "nauc_precision_at_1_std": -0.007084,
        "nauc_precision_at_1_diff1": 0.290097,
        "nauc_precision_at_3_max": 0.296019,
        "nauc_precision_at_3_std": -0.181216,
        "nauc_precision_at_3_diff1": 0.236321,
        "nauc_precision_at_5_max": 0.335339,
        "nauc_precision_at_5_std": -0.008815,
        "nauc_precision_at_5_diff1": 0.078715,
        "nauc_precision_at_10_max": 0.614174,
        "nauc_precision_at_10_std": 0.284062,
        "nauc_precision_at_10_diff1": 0.278883,
        "nauc_precision_at_20_max": 0.543865,
        "nauc_precision_at_20_std": 0.216676,
        "nauc_precision_at_20_diff1": 0.099033,
        "nauc_precision_at_100_max": 0.344143,
        "nauc_precision_at_100_std": 0.141358,
        "nauc_precision_at_100_diff1": 0.032433,
        "nauc_precision_at_1000_max": 0.366115,
        "nauc_precision_at_1000_std": 0.209289,
        "nauc_precision_at_1000_diff1": -0.033295,
        "nauc_mrr_at_1_max": 0.323469,
        "nauc_mrr_at_1_std": -0.007084,
        "nauc_mrr_at_1_diff1": 0.290097,
        "nauc_mrr_at_3_max": 0.32552,
        "nauc_mrr_at_3_std": -0.016154,
        "nauc_mrr_at_3_diff1": 0.256815,
        "nauc_mrr_at_5_max": 0.337669,
        "nauc_mrr_at_5_std": 0.019205,
        "nauc_mrr_at_5_diff1": 0.245869,
        "nauc_mrr_at_10_max": 0.367271,
        "nauc_mrr_at_10_std": 0.045366,
        "nauc_mrr_at_10_diff1": 0.266571,
        "nauc_mrr_at_20_max": 0.350028,
        "nauc_mrr_at_20_std": 0.025232,
        "nauc_mrr_at_20_diff1": 0.251568,
        "nauc_mrr_at_100_max": 0.347062,
        "nauc_mrr_at_100_std": 0.021291,
        "nauc_mrr_at_100_diff1": 0.2595,
        "nauc_mrr_at_1000_max": 0.347106,
        "nauc_mrr_at_1000_std": 0.021404,
        "nauc_mrr_at_1000_diff1": 0.259411,
        "hit_rate_at_1": 0.37037,
        "hit_rate_at_3": 0.7037,
        "hit_rate_at_5": 0.74074,
        "hit_rate_at_10": 0.77778,
        "hit_rate_at_20": 0.88889,
        "hit_rate_at_100": 0.96296,
        "hit_rate_at_1000": 1.0,
        "main_score": 0.54463,
        "hf_subset": "default",
        "languages": [
          "eng-Latn"
        ]
      }
    ]
  },
  "evaluation_time": 69.22768306732178,
  "kg_co2_emissions": null,
  "date": 1776446372.413399
}