{
  "dataset_revision": "5d958fb6b31055495347724d46431ba41309b03a",
  "task_name": "ChemNQRetrieval",
  "mteb_version": "2.12.15",
  "scores": {
    "test": [
      {
        "ndcg_at_1": 0.40741,
        "ndcg_at_3": 0.52433,
        "ndcg_at_5": 0.54906,
        "ndcg_at_10": 0.57804,
        "ndcg_at_20": 0.61254,
        "ndcg_at_100": 0.62606,
        "ndcg_at_1000": 0.62994,
        "map_at_1": 0.30864,
        "map_at_3": 0.46914,
        "map_at_5": 0.4858,
        "map_at_10": 0.49586,
        "map_at_20": 0.50725,
        "map_at_100": 0.50968,
        "map_at_1000": 0.50973,
        "recall_at_1": 0.30864,
        "recall_at_3": 0.62346,
        "recall_at_5": 0.67901,
        "recall_at_10": 0.7716,
        "recall_at_20": 0.90123,
        "recall_at_100": 0.96296,
        "recall_at_1000": 1.0,
        "accuracy": 0.30864,
        "precision_at_1": 0.40741,
        "precision_at_3": 0.25926,
        "precision_at_5": 0.17037,
        "precision_at_10": 0.0963,
        "precision_at_20": 0.05741,
        "precision_at_100": 0.01259,
        "precision_at_1000": 0.0013,
        "mrr_at_1": 0.407407,
        "mrr_at_3": 0.537037,
        "mrr_at_5": 0.546296,
        "mrr_at_10": 0.558995,
        "mrr_at_20": 0.563413,
        "mrr_at_100": 0.564502,
        "mrr_at_1000": 0.564552,
        "nauc_ndcg_at_1_max": 0.083576,
        "nauc_ndcg_at_1_std": -0.083395,
        "nauc_ndcg_at_1_diff1": 0.531486,
        "nauc_ndcg_at_3_max": 0.110604,
        "nauc_ndcg_at_3_std": -0.108559,
        "nauc_ndcg_at_3_diff1": 0.381817,
        "nauc_ndcg_at_5_max": 0.163373,
        "nauc_ndcg_at_5_std": -0.030236,
        "nauc_ndcg_at_5_diff1": 0.336624,
        "nauc_ndcg_at_10_max": 0.163728,
        "nauc_ndcg_at_10_std": -0.034797,
        "nauc_ndcg_at_10_diff1": 0.336278,
        "nauc_ndcg_at_20_max": 0.181943,
        "nauc_ndcg_at_20_std": -0.02651,
        "nauc_ndcg_at_20_diff1": 0.372735,
        "nauc_ndcg_at_100_max": 0.176526,
        "nauc_ndcg_at_100_std": -0.039954,
        "nauc_ndcg_at_100_diff1": 0.421145,
        "nauc_ndcg_at_1000_max": 0.177584,
        "nauc_ndcg_at_1000_std": -0.031051,
        "nauc_ndcg_at_1000_diff1": 0.416096,
        "nauc_map_at_1_max": -0.015023,
        "nauc_map_at_1_std": -0.072572,
        "nauc_map_at_1_diff1": 0.433052,
        "nauc_map_at_3_max": 0.086075,
        "nauc_map_at_3_std": -0.119218,
        "nauc_map_at_3_diff1": 0.398637,
        "nauc_map_at_5_max": 0.123563,
        "nauc_map_at_5_std": -0.072971,
        "nauc_map_at_5_diff1": 0.369549,
        "nauc_map_at_10_max": 0.122822,
        "nauc_map_at_10_std": -0.075317,
        "nauc_map_at_10_diff1": 0.370421,
        "nauc_map_at_20_max": 0.138,
        "nauc_map_at_20_std": -0.064064,
        "nauc_map_at_20_diff1": 0.386267,
        "nauc_map_at_100_max": 0.136787,
        "nauc_map_at_100_std": -0.065733,
        "nauc_map_at_100_diff1": 0.393457,
        "nauc_map_at_1000_max": 0.136791,
        "nauc_map_at_1000_std": -0.065647,
        "nauc_map_at_1000_diff1": 0.393402,
        "nauc_recall_at_1_max": -0.015023,
        "nauc_recall_at_1_std": -0.072572,
        "nauc_recall_at_1_diff1": 0.433052,
        "nauc_recall_at_3_max": 0.084876,
        "nauc_recall_at_3_std": -0.143988,
        "nauc_recall_at_3_diff1": 0.2348,
        "nauc_recall_at_5_max": 0.202136,
        "nauc_recall_at_5_std": 0.047201,
        "nauc_recall_at_5_diff1": 0.10025,
        "nauc_recall_at_10_max": 0.139581,
        "nauc_recall_at_10_std": -0.012635,
        "nauc_recall_at_10_diff1": -0.041278,
        "nauc_recall_at_20_max": 0.174292,
        "nauc_recall_at_20_std": -0.050095,
        "nauc_recall_at_20_diff1": -0.086666,
        "nauc_recall_at_100_max": 0.113206,
        "nauc_recall_at_100_std": -0.572623,
        "nauc_recall_at_100_diff1": 0.723262,
        "nauc_recall_at_1000_max": NaN,
        "nauc_recall_at_1000_std": NaN,
        "nauc_recall_at_1000_diff1": NaN,
        "nauc_precision_at_1_max": 0.083576,
        "nauc_precision_at_1_std": -0.083395,
        "nauc_precision_at_1_diff1": 0.531486,
        "nauc_precision_at_3_max": 0.265066,
        "nauc_precision_at_3_std": -0.168465,
        "nauc_precision_at_3_diff1": 0.326036,
        "nauc_precision_at_5_max": 0.362898,
        "nauc_precision_at_5_std": 0.002801,
        "nauc_precision_at_5_diff1": 0.157389,
        "nauc_precision_at_10_max": 0.475354,
        "nauc_precision_at_10_std": 0.053956,
        "nauc_precision_at_10_diff1": 0.159158,
        "nauc_precision_at_20_max": 0.545977,
        "nauc_precision_at_20_std": 0.168625,
        "nauc_precision_at_20_diff1": 0.237278,
        "nauc_precision_at_100_max": 0.41188,
        "nauc_precision_at_100_std": 0.131629,
        "nauc_precision_at_100_diff1": 0.35952,
        "nauc_precision_at_1000_max": 0.440297,
        "nauc_precision_at_1000_std": 0.198634,
        "nauc_precision_at_1000_diff1": 0.324912,
        "nauc_mrr_at_1_max": 0.083576,
        "nauc_mrr_at_1_std": -0.083395,
        "nauc_mrr_at_1_diff1": 0.531486,
        "nauc_mrr_at_3_max": 0.160512,
        "nauc_mrr_at_3_std": -0.044114,
        "nauc_mrr_at_3_diff1": 0.464055,
        "nauc_mrr_at_5_max": 0.169105,
        "nauc_mrr_at_5_std": -0.009469,
        "nauc_mrr_at_5_diff1": 0.452635,
        "nauc_mrr_at_10_max": 0.185759,
        "nauc_mrr_at_10_std": 0.004853,
        "nauc_mrr_at_10_diff1": 0.46914,
        "nauc_mrr_at_20_max": 0.174442,
        "nauc_mrr_at_20_std": -0.005618,
        "nauc_mrr_at_20_diff1": 0.467664,
        "nauc_mrr_at_100_max": 0.174665,
        "nauc_mrr_at_100_std": -0.007662,
        "nauc_mrr_at_100_diff1": 0.471449,
        "nauc_mrr_at_1000_max": 0.174675,
        "nauc_mrr_at_1000_std": -0.007569,
        "nauc_mrr_at_1000_diff1": 0.471408,
        "hit_rate_at_1": 0.40741,
        "hit_rate_at_3": 0.7037,
        "hit_rate_at_5": 0.74074,
        "hit_rate_at_10": 0.85185,
        "hit_rate_at_20": 0.92593,
        "hit_rate_at_100": 0.96296,
        "hit_rate_at_1000": 1.0,
        "main_score": 0.57804,
        "hf_subset": "default",
        "languages": [
          "eng-Latn"
        ]
      }
    ]
  },
  "evaluation_time": 80.60591554641724,
  "kg_co2_emissions": null,
  "date": 1775567240.455377
}