{
  "dataset_revision": "5377aa18f309ec440ff6325a4c2cd3362c2cb8d7",
  "task_name": "ChemRxivRetrieval",
  "mteb_version": "2.12.15",
  "scores": {
    "test": [
      {
        "ndcg_at_1": 0.787,
        "ndcg_at_3": 0.86565,
        "ndcg_at_5": 0.87603,
        "ndcg_at_10": 0.88393,
        "ndcg_at_20": 0.88716,
        "ndcg_at_100": 0.88994,
        "ndcg_at_1000": 0.89054,
        "map_at_1": 0.787,
        "map_at_3": 0.84717,
        "map_at_5": 0.85298,
        "map_at_10": 0.85628,
        "map_at_20": 0.85719,
        "map_at_100": 0.8576,
        "map_at_1000": 0.85762,
        "recall_at_1": 0.787,
        "recall_at_3": 0.9188,
        "recall_at_5": 0.9438,
        "recall_at_10": 0.968,
        "recall_at_20": 0.9806,
        "recall_at_100": 0.9952,
        "recall_at_1000": 0.9998,
        "accuracy": 0.787,
        "precision_at_1": 0.787,
        "precision_at_3": 0.30627,
        "precision_at_5": 0.18876,
        "precision_at_10": 0.0968,
        "precision_at_20": 0.04903,
        "precision_at_100": 0.00995,
        "precision_at_1000": 0.001,
        "mrr_at_1": 0.787,
        "mrr_at_3": 0.847033,
        "mrr_at_5": 0.852983,
        "mrr_at_10": 0.856253,
        "mrr_at_20": 0.857166,
        "mrr_at_100": 0.857578,
        "mrr_at_1000": 0.857602,
        "nauc_ndcg_at_1_max": 0.443948,
        "nauc_ndcg_at_1_std": -0.25703,
        "nauc_ndcg_at_1_diff1": 0.803416,
        "nauc_ndcg_at_3_max": 0.50432,
        "nauc_ndcg_at_3_std": -0.254997,
        "nauc_ndcg_at_3_diff1": 0.783927,
        "nauc_ndcg_at_5_max": 0.504098,
        "nauc_ndcg_at_5_std": -0.257516,
        "nauc_ndcg_at_5_diff1": 0.789525,
        "nauc_ndcg_at_10_max": 0.503647,
        "nauc_ndcg_at_10_std": -0.248483,
        "nauc_ndcg_at_10_diff1": 0.792519,
        "nauc_ndcg_at_20_max": 0.496338,
        "nauc_ndcg_at_20_std": -0.249478,
        "nauc_ndcg_at_20_diff1": 0.79163,
        "nauc_ndcg_at_100_max": 0.490213,
        "nauc_ndcg_at_100_std": -0.252626,
        "nauc_ndcg_at_100_diff1": 0.791677,
        "nauc_ndcg_at_1000_max": 0.488706,
        "nauc_ndcg_at_1000_std": -0.253699,
        "nauc_ndcg_at_1000_diff1": 0.791878,
        "nauc_map_at_1_max": 0.443948,
        "nauc_map_at_1_std": -0.25703,
        "nauc_map_at_1_diff1": 0.803416,
        "nauc_map_at_3_max": 0.484843,
        "nauc_map_at_3_std": -0.257961,
        "nauc_map_at_3_diff1": 0.789333,
        "nauc_map_at_5_max": 0.483792,
        "nauc_map_at_5_std": -0.259332,
        "nauc_map_at_5_diff1": 0.792191,
        "nauc_map_at_10_max": 0.483511,
        "nauc_map_at_10_std": -0.256042,
        "nauc_map_at_10_diff1": 0.793251,
        "nauc_map_at_20_max": 0.481778,
        "nauc_map_at_20_std": -0.256307,
        "nauc_map_at_20_diff1": 0.793042,
        "nauc_map_at_100_max": 0.481113,
        "nauc_map_at_100_std": -0.256594,
        "nauc_map_at_100_diff1": 0.793045,
        "nauc_map_at_1000_max": 0.481067,
        "nauc_map_at_1000_std": -0.256625,
        "nauc_map_at_1000_diff1": 0.793054,
        "nauc_recall_at_1_max": 0.443948,
        "nauc_recall_at_1_std": -0.25703,
        "nauc_recall_at_1_diff1": 0.803416,
        "nauc_recall_at_3_max": 0.603842,
        "nauc_recall_at_3_std": -0.238127,
        "nauc_recall_at_3_diff1": 0.756961,
        "nauc_recall_at_5_max": 0.648293,
        "nauc_recall_at_5_std": -0.242817,
        "nauc_recall_at_5_diff1": 0.773473,
        "nauc_recall_at_10_max": 0.744503,
        "nauc_recall_at_10_std": -0.14258,
        "nauc_recall_at_10_diff1": 0.793213,
        "nauc_recall_at_20_max": 0.742672,
        "nauc_recall_at_20_std": -0.095748,
        "nauc_recall_at_20_diff1": 0.775434,
        "nauc_recall_at_100_max": 0.76564,
        "nauc_recall_at_100_std": -0.016534,
        "nauc_recall_at_100_diff1": 0.733932,
        "nauc_recall_at_1000_max": 1.0,
        "nauc_recall_at_1000_std": 1.0,
        "nauc_recall_at_1000_diff1": 0.122782,
        "nauc_precision_at_1_max": 0.443948,
        "nauc_precision_at_1_std": -0.25703,
        "nauc_precision_at_1_diff1": 0.803416,
        "nauc_precision_at_3_max": 0.603842,
        "nauc_precision_at_3_std": -0.238127,
        "nauc_precision_at_3_diff1": 0.756961,
        "nauc_precision_at_5_max": 0.648293,
        "nauc_precision_at_5_std": -0.242817,
        "nauc_precision_at_5_diff1": 0.773473,
        "nauc_precision_at_10_max": 0.744503,
        "nauc_precision_at_10_std": -0.14258,
        "nauc_precision_at_10_diff1": 0.793213,
        "nauc_precision_at_20_max": 0.742672,
        "nauc_precision_at_20_std": -0.095748,
        "nauc_precision_at_20_diff1": 0.775434,
        "nauc_precision_at_100_max": 0.76564,
        "nauc_precision_at_100_std": -0.016534,
        "nauc_precision_at_100_diff1": 0.733932,
        "nauc_precision_at_1000_max": 1.0,
        "nauc_precision_at_1000_std": 1.0,
        "nauc_precision_at_1000_diff1": 0.122782,
        "nauc_mrr_at_1_max": 0.443948,
        "nauc_mrr_at_1_std": -0.25703,
        "nauc_mrr_at_1_diff1": 0.803416,
        "nauc_mrr_at_3_max": 0.485063,
        "nauc_mrr_at_3_std": -0.2575,
        "nauc_mrr_at_3_diff1": 0.789528,
        "nauc_mrr_at_5_max": 0.483781,
        "nauc_mrr_at_5_std": -0.258783,
        "nauc_mrr_at_5_diff1": 0.792181,
        "nauc_mrr_at_10_max": 0.483544,
        "nauc_mrr_at_10_std": -0.255874,
        "nauc_mrr_at_10_diff1": 0.793289,
        "nauc_mrr_at_20_max": 0.481806,
        "nauc_mrr_at_20_std": -0.256141,
        "nauc_mrr_at_20_diff1": 0.793077,
        "nauc_mrr_at_100_max": 0.481141,
        "nauc_mrr_at_100_std": -0.256427,
        "nauc_mrr_at_100_diff1": 0.793081,
        "nauc_mrr_at_1000_max": 0.481095,
        "nauc_mrr_at_1000_std": -0.256458,
        "nauc_mrr_at_1000_diff1": 0.793089,
        "hit_rate_at_1": 0.787,
        "hit_rate_at_3": 0.9188,
        "hit_rate_at_5": 0.9438,
        "hit_rate_at_10": 0.968,
        "hit_rate_at_20": 0.9806,
        "hit_rate_at_100": 0.9952,
        "hit_rate_at_1000": 0.9998,
        "main_score": 0.88393,
        "hf_subset": "default",
        "languages": [
          "eng-Latn"
        ]
      }
    ]
  },
  "evaluation_time": 601.7123084068298,
  "kg_co2_emissions": null,
  "date": 1775516035.986117
}