{
  "dataset_revision": "1840e8a5ac6ec752bbdd97d543ead0189bc7c25b",
  "task_name": "ChemHotpotQARetrieval",
  "mteb_version": "2.12.15",
  "scores": {
    "train": [
      {
        "ndcg_at_1": 0.84444,
        "ndcg_at_3": 0.88056,
        "ndcg_at_5": 0.89159,
        "ndcg_at_10": 0.89693,
        "ndcg_at_20": 0.90172,
        "ndcg_at_100": 0.9044,
        "ndcg_at_1000": 0.90621,
        "map_at_1": 0.825,
        "map_at_3": 0.86667,
        "map_at_5": 0.87361,
        "map_at_10": 0.87579,
        "map_at_20": 0.87751,
        "map_at_100": 0.8779,
        "map_at_1000": 0.87793,
        "recall_at_1": 0.825,
        "recall_at_3": 0.91111,
        "recall_at_5": 0.93611,
        "recall_at_10": 0.95278,
        "recall_at_20": 0.96944,
        "recall_at_100": 0.98333,
        "recall_at_1000": 1.0,
        "accuracy": 0.825,
        "precision_at_1": 0.84444,
        "precision_at_3": 0.31296,
        "precision_at_5": 0.19333,
        "precision_at_10": 0.09833,
        "precision_at_20": 0.05028,
        "precision_at_100": 0.01022,
        "precision_at_1000": 0.00104,
        "mrr_at_1": 0.844444,
        "mrr_at_3": 0.877778,
        "mrr_at_5": 0.883333,
        "mrr_at_10": 0.885509,
        "mrr_at_20": 0.886519,
        "mrr_at_100": 0.886847,
        "mrr_at_1000": 0.886877,
        "nauc_ndcg_at_1_max": 0.619403,
        "nauc_ndcg_at_1_std": -0.328459,
        "nauc_ndcg_at_1_diff1": 0.888502,
        "nauc_ndcg_at_3_max": 0.473395,
        "nauc_ndcg_at_3_std": -0.361908,
        "nauc_ndcg_at_3_diff1": 0.750683,
        "nauc_ndcg_at_5_max": 0.437997,
        "nauc_ndcg_at_5_std": -0.465344,
        "nauc_ndcg_at_5_diff1": 0.744374,
        "nauc_ndcg_at_10_max": 0.437384,
        "nauc_ndcg_at_10_std": -0.457474,
        "nauc_ndcg_at_10_diff1": 0.744011,
        "nauc_ndcg_at_20_max": 0.446986,
        "nauc_ndcg_at_20_std": -0.422464,
        "nauc_ndcg_at_20_diff1": 0.761775,
        "nauc_ndcg_at_100_max": 0.449555,
        "nauc_ndcg_at_100_std": -0.408195,
        "nauc_ndcg_at_100_diff1": 0.771283,
        "nauc_ndcg_at_1000_max": 0.466041,
        "nauc_ndcg_at_1000_std": -0.411615,
        "nauc_ndcg_at_1000_diff1": 0.773961,
        "nauc_map_at_1_max": 0.477085,
        "nauc_map_at_1_std": -0.394235,
        "nauc_map_at_1_diff1": 0.79862,
        "nauc_map_at_3_max": 0.478418,
        "nauc_map_at_3_std": -0.377391,
        "nauc_map_at_3_diff1": 0.746498,
        "nauc_map_at_5_max": 0.458363,
        "nauc_map_at_5_std": -0.435882,
        "nauc_map_at_5_diff1": 0.742145,
        "nauc_map_at_10_max": 0.458987,
        "nauc_map_at_10_std": -0.433093,
        "nauc_map_at_10_diff1": 0.742196,
        "nauc_map_at_20_max": 0.463653,
        "nauc_map_at_20_std": -0.422006,
        "nauc_map_at_20_diff1": 0.748912,
        "nauc_map_at_100_max": 0.463752,
        "nauc_map_at_100_std": -0.420546,
        "nauc_map_at_100_diff1": 0.749614,
        "nauc_map_at_1000_max": 0.463904,
        "nauc_map_at_1000_std": -0.420536,
        "nauc_map_at_1000_diff1": 0.749644,
        "nauc_recall_at_1_max": 0.477085,
        "nauc_recall_at_1_std": -0.394235,
        "nauc_recall_at_1_diff1": 0.79862,
        "nauc_recall_at_3_max": 0.334719,
        "nauc_recall_at_3_std": -0.335449,
        "nauc_recall_at_3_diff1": 0.621659,
        "nauc_recall_at_5_max": 0.154366,
        "nauc_recall_at_5_std": -0.707445,
        "nauc_recall_at_5_diff1": 0.553587,
        "nauc_recall_at_10_max": 0.044241,
        "nauc_recall_at_10_std": -0.735184,
        "nauc_recall_at_10_diff1": 0.481161,
        "nauc_recall_at_20_max": -0.073975,
        "nauc_recall_at_20_std": -0.525804,
        "nauc_recall_at_20_diff1": 0.529369,
        "nauc_recall_at_100_max": -0.419701,
        "nauc_recall_at_100_std": -0.20028,
        "nauc_recall_at_100_diff1": 0.637411,
        "nauc_recall_at_1000_max": NaN,
        "nauc_recall_at_1000_std": NaN,
        "nauc_recall_at_1000_diff1": NaN,
        "nauc_precision_at_1_max": 0.619403,
        "nauc_precision_at_1_std": -0.328459,
        "nauc_precision_at_1_diff1": 0.888502,
        "nauc_precision_at_3_max": 0.461585,
        "nauc_precision_at_3_std": -0.050912,
        "nauc_precision_at_3_diff1": 0.455731,
        "nauc_precision_at_5_max": 0.282509,
        "nauc_precision_at_5_std": -0.250413,
        "nauc_precision_at_5_diff1": 0.279729,
        "nauc_precision_at_10_max": 0.242994,
        "nauc_precision_at_10_std": -0.169086,
        "nauc_precision_at_10_diff1": 0.176777,
        "nauc_precision_at_20_max": 0.221366,
        "nauc_precision_at_20_std": 0.1582,
        "nauc_precision_at_20_diff1": 0.128266,
        "nauc_precision_at_100_max": 0.226326,
        "nauc_precision_at_100_std": 0.349777,
        "nauc_precision_at_100_diff1": 0.121944,
        "nauc_precision_at_1000_max": 0.38545,
        "nauc_precision_at_1000_std": 0.485262,
        "nauc_precision_at_1000_diff1": -0.005021,
        "nauc_mrr_at_1_max": 0.619403,
        "nauc_mrr_at_1_std": -0.328459,
        "nauc_mrr_at_1_diff1": 0.888502,
        "nauc_mrr_at_3_max": 0.572787,
        "nauc_mrr_at_3_std": -0.336758,
        "nauc_mrr_at_3_diff1": 0.860291,
        "nauc_mrr_at_5_max": 0.56307,
        "nauc_mrr_at_5_std": -0.381277,
        "nauc_mrr_at_5_diff1": 0.86393,
        "nauc_mrr_at_10_max": 0.565801,
        "nauc_mrr_at_10_std": -0.377201,
        "nauc_mrr_at_10_diff1": 0.866381,
        "nauc_mrr_at_20_max": 0.563682,
        "nauc_mrr_at_20_std": -0.37187,
        "nauc_mrr_at_20_diff1": 0.865751,
        "nauc_mrr_at_100_max": 0.562878,
        "nauc_mrr_at_100_std": -0.3706,
        "nauc_mrr_at_100_diff1": 0.865504,
        "nauc_mrr_at_1000_max": 0.563069,
        "nauc_mrr_at_1000_std": -0.370575,
        "nauc_mrr_at_1000_diff1": 0.865568,
        "hit_rate_at_1": 0.84444,
        "hit_rate_at_3": 0.92222,
        "hit_rate_at_5": 0.94444,
        "hit_rate_at_10": 0.96111,
        "hit_rate_at_20": 0.97222,
        "hit_rate_at_100": 0.98333,
        "hit_rate_at_1000": 1.0,
        "main_score": 0.89693,
        "hf_subset": "default",
        "languages": [
          "eng-Latn"
        ]
      }
    ],
    "dev": [
      {
        "ndcg_at_1": 0.75,
        "ndcg_at_3": 0.82887,
        "ndcg_at_5": 0.82887,
        "ndcg_at_10": 0.82887,
        "ndcg_at_20": 0.82887,
        "ndcg_at_100": 0.85286,
        "ndcg_at_1000": 0.85286,
        "map_at_1": 0.75,
        "map_at_3": 0.8125,
        "map_at_5": 0.8125,
        "map_at_10": 0.8125,
        "map_at_20": 0.8125,
        "map_at_100": 0.81597,
        "map_at_1000": 0.81597,
        "recall_at_1": 0.75,
        "recall_at_3": 0.875,
        "recall_at_5": 0.875,
        "recall_at_10": 0.875,
        "recall_at_20": 0.875,
        "recall_at_100": 1.0,
        "recall_at_1000": 1.0,
        "accuracy": 0.75,
        "precision_at_1": 0.75,
        "precision_at_3": 0.29167,
        "precision_at_5": 0.175,
        "precision_at_10": 0.0875,
        "precision_at_20": 0.04375,
        "precision_at_100": 0.01,
        "precision_at_1000": 0.001,
        "mrr_at_1": 0.75,
        "mrr_at_3": 0.8125,
        "mrr_at_5": 0.8125,
        "mrr_at_10": 0.8125,
        "mrr_at_20": 0.8125,
        "mrr_at_100": 0.815972,
        "mrr_at_1000": 0.815972,
        "nauc_ndcg_at_1_max": 0.831832,
        "nauc_ndcg_at_1_std": -0.13994,
        "nauc_ndcg_at_1_diff1": 1.0,
        "nauc_ndcg_at_3_max": 0.912246,
        "nauc_ndcg_at_3_std": 0.340861,
        "nauc_ndcg_at_3_diff1": 0.935707,
        "nauc_ndcg_at_5_max": 0.912246,
        "nauc_ndcg_at_5_std": 0.340861,
        "nauc_ndcg_at_5_diff1": 0.935707,
        "nauc_ndcg_at_10_max": 0.912246,
        "nauc_ndcg_at_10_std": 0.340861,
        "nauc_ndcg_at_10_diff1": 0.935707,
        "nauc_ndcg_at_20_max": 0.912246,
        "nauc_ndcg_at_20_std": 0.340861,
        "nauc_ndcg_at_20_diff1": 0.935707,
        "nauc_ndcg_at_100_max": 0.897306,
        "nauc_ndcg_at_100_std": 0.251531,